utc,elapsed_s,volts,speed_kph,odometer_km,soc_pct,energy_kwh,range_mi,dist_since_chg_mi,temp_f,charger_5401_raw,power_kw,cell_avg_v,cell_min_v,cell_max_v,cell_spread_mv,cell_extra_raw,array_2af1,obd_standard,run_time_s,dist_with_mil_km,warmups_since_clear,dist_since_clear_km,module_voltage,regen_field_raw,thermal_energy_raw,thermal_distance_raw,compressor_temp_raw,evse_current_raw,group_v1_raw,group_v2_raw,group_v3_raw,hv_temp_raw,field_4127_raw,field_4124_raw,coolant_1_raw,coolant_2_raw,pack_v,pack_a,field_2429_raw,hv_power_kw,dmc2_v,wheel_fl_kph,wheel_fr_kph,wheel_rl_kph,wheel_rr_kph,brake_kpa,steering_deg,lateral_g,longitudinal_g,array_2b43,mil_on,dtc_count
2026-09-05T02:28:21.850155Z,0.0,13.8V,39,2329.9,77.206,147.41,256.61,34.42,98.6,00,,3.9496,3.946,3.9528,6.8,780FB617,757675757575757575757676767675757575757575757575,5.0,252.0,0.0,13.0,202.0,13.488,000005,00017C,000051,71,0184,0919,1396,1396,46,00EE,03E8,03C5,01DA,380.64,90.9,59ED,34.6,13.0,39,39,39,39,0,-24.86,-0.06371,0.05097,BFBFC0C0C0C0C0C0C0C0C0C0C0C0C0C0C0C0C0C0C0C0C0C0C0C0,0,0
2026-09-05T02:28:29.712771Z,7.863,13.8V,7,2330.0,77.206,147.38,256.61,34.49,98.6,00,-13.74,3.9999,3.9977,4.0028,5.1,780FB617,757675757575757575757676767675757575757575757575,5.0,258.0,0.0,13.0,202.0,13.521,000006,00017C,000051,71,0184,0923,1391,1391,46,00EE,03E8,03C5,01DD,382.65,-23.95,5122,-9.16,13.0,15,15,15,15,1000,-4.99,0.00637,-0.21662,BFBFC0C0C0C0C0C0C0C0C0C0C0C0C0C0C0C0C0C0C0C0C0C0C0C0,0,0
2026-09-05T02:28:35.766052Z,13.916,13.9V,36,2330.0,77.206,147.39,256.61,34.49,98.6,00,-5.17,3.9684,3.9671,3.9702,3.1,710FB317,757675757575757575757676767675757575757575757675,5.0,264.0,0.0,13.0,202.0,13.481,000006,00017C,000051,71,0184,0927,1391,1391,46,00EE,03E8,03C5,01DF,378.02,216.0,69AE,81.65,13.0,22,20,22,20,0,-86.48,-0.07645,0.21662,BFBFC0C0C0C0C0C0C0C0C0C0C0C0C0C0C0C0C0C0C0C0C0C0C0C0,0,0
2026-09-05T02:28:41.673440Z,19.824,13.9V,38,2330.1,77.206,147.28,256.61,34.49,98.6,00,-23.61,3.9717,3.9703,3.9734,3.1,780FB317,767675757575757575757676767675757575757575757675,5.0,270.0,0.0,13.0,202.0,13.515,000006,00017C,000051,71,0184,0937,1396,1396,46,00EE,03E8,03C5,01DE,382.69,-25.45,55EC,-9.74,13.1,41,41,41,42,0,-3.12,-0.00637,-0.03186,BFBFC0C0C0C0C0BFC0C0BFC0C0C0C0C0BFC0C0C0C0BFBFC0C0C0,0,0
2026-09-05T02:28:48.047198Z,26.197,13.9V,9,2330.1,77.206,147.3,256.61,34.55,98.6,00,-15.12,3.9954,3.9935,3.9975,4.0,760FB217,767675757575757575757676767675757575757575757675,5.0,277.0,0.0,13.0,202.0,13.528,000007,00017C,000051,71,0184,0941,1396,1396,46,00EE,03E8,03C5,01D9,383.64,-80.05,4C72,-30.71,13.0,23,23,23,23,0,-1.56,0.02548,-0.19751,BFBFC0C0C0C0C0BFC0C0BFC0C0C0C0C0BFC0C0C0C0C0C0C0C0C0,0,0
2026-09-05T02:28:54.330002Z,32.48,13.9V,4,2330.1,77.206,147.33,256.61,34.55,98.6,00,-8.87,3.9788,3.9776,3.9805,2.9,730FB417,757675757575757575757676767675757575757575757575,5.0,283.0,0.0,13.0,202.0,13.555,000007,00017C,000051,71,0184,094F,1396,1396,46,00EE,03E8,03C5,01D6,381.89,15.9,5D0D,6.07,13.1,0,0,0,0,0,259.62,-0.01274,-0.06371,BFBFC0C0C0C0C0C0C0C0C0C0C0C0C0C0BFC0C0C0C0C0C0C0C0C0,0,0
2026-09-05T02:29:00.875667Z,39.026,13.9V,0,2330.1,77.206,147.32,256.61,34.55,98.6,00,-8.3,3.9781,3.977,3.9798,2.8,730FB317,757675757575757575757676767675757575757575757575,5.0,289.0,0.0,13.0,202.0,13.548,000007,00017C,000051,71,0184,095F,1396,1391,46,00EE,03E8,03C5,01D3,382.05,7.5,5813,2.87,13.1,3,2,3,2,0,-255.38,0.00637,-0.05097,BFBFC0C0C0C0C0BFC0C0C0C0C0C0C0C0BFC0C0C0C0C0C0C0C0C0,0,0
2026-09-05T02:29:06.966355Z,45.116,13.9V,1,2330.1,77.206,147.31,256.61,34.55,98.6,00,-7.98,3.9764,3.9752,3.9781,2.9,710FB417,757675757575757575757676767675757575757575757575,5.0,296.0,0.0,13.0,202.0,13.494,000007,00017C,000051,71,0184,0964,1396,1396,46,00EE,03E8,03C5,01CD,382.08,9.9,59B5,3.78,13.1,3,2,2,2,500,-104.5,-0.01274,0.00637,BFBFC0C0C0C0C0BFC0C0C0C0C0C0C0C0BFC0C0C0C0C0C0C0C0C0,0,0
2026-09-05T02:29:13.491543Z,51.642,13.9V,1,2330.2,77.206,147.3,256.61,34.61,100.4,00,-7.67,3.9782,3.9771,3.98,2.9,720FB317,757675757575757575757676767675757575757575757575,5.0,302.0,0.0,13.0,202.0,13.534,000007,00017C,000051,71,0184,0973,1396,1396,46,00EE,03E8,03CA,01CC,382.23,10.2,5A3F,3.9,13.1,1,0,0,0,0,-35.18,0.0,-0.07008,BFBFC0C0C0C0C0BFC0C0BFC0C0C0C0C0BFC0C0C0C0C0C0C0C0C0,0,0
2026-09-05T02:29:19.661171Z,57.811,13.9V,2,2330.2,77.206,147.29,256.61,34.61,100.4,00,-7.47,3.9781,3.9768,3.9801,3.3,750FB817,757675757575757575757676767675757575757575757675,5.0,308.0,0.0,13.0,202.0,13.528,000007,00017C,000051,71,0184,097C,1391,1396,46,00EE,03E8,03CA,01CC,382.05,10.5,59E3,4.01,13.1,1,1,1,1,0,56.06,0.0,-0.02548,BFBFC0C0C0C0C0BFC0C0BFC0C0C0C0C0BFC0C0C0C0C0C0C0C0C0,0,0
2026-09-05T02:29:26.002920Z,64.153,13.9V,0,2330.2,77.206,147.29,256.61,34.61,100.4,00,-5.76,3.9784,3.9771,3.98,2.9,780FB317,757675757575757575757676767675757575757575757575,5.0,315.0,0.0,13.0,202.0,13.548,000007,00017C,000051,71,0184,098C,1391,1391,46,00EE,03E8,03CA,01CC,382.2,8.4,5915,3.21,13.1,1,1,1,1,200,-44.92,0.0,0.0,BFBFC0C0C0C0C0BFC0C0BFC0C0C0C0C0BFC0C0C0C0BFC0C0C0C0,0,0
2026-09-05T02:29:32.408704Z,70.559,13.9V,0,2330.2,77.206,147.28,256.61,34.61,100.4,00,-6.99,3.9787,3.9775,3.9805,3.0,760FB317,757675757575757575757676767675757575757575757575,5.0,,,,,,000007,00017C,000051,71,0184,0991,1396,139A,46,00EE,03E8,03CA,01C9,382.05,7.5,5806,2.87,13.1,0,0,0,0,1700,-44.62,0.0,-0.00637,BFBFC0C0C0C0C0BFC0C0BFC0C0C0C0C0BFC0C0C0C0BFBFC0C0C0,,
2026-09-05T02:29:41.813743Z,79.964,13.8V,,,77.206,147.27,256.61,34.61,100.4,00,-2.01,3.9799,3.9787,3.9815,2.8,730FB317,757675757575757575757676767675757575757575757575,,,,,,,000007,00017C,000051,71,0184,0973,1396,1391,64,0418,0000,03CA,026C,382.2,1.5,5806,0.57,13.0,0,0,0,0,0,-44.86,0.0,-0.00637,BFBFC0C0C0C0C0BFC0C0BFC0C0C0C0C0BFC0C0C0C0BFBFC0C0C0,,
2026-09-05T02:29:52.502549Z,90.653,13.7V,,,77.206,147.27,256.61,34.61,100.4,00,-3.71,3.9802,3.9791,3.9818,2.7,730FB317,757675757575757575757676767675757575757575757575,,,,,,,000007,00017C,000051,71,0060,0914,1396,1396,46,0418,0000,03CA,02D0,382.2,1.5,5806,0.57,13.0,0,0,0,0,0,-45.19,0.0,-0.00637,BFBFC0C0C0C0C0BFC0C0BFC0C0C0C0C0BFC0C0C0C0BFBFC0C0C0,,
2026-09-05T02:30:15.712232Z,113.862,13.7V,,,77.206,147.27,256.61,34.61,100.4,00,-1.28,3.9806,3.9795,3.9822,2.7,720FB317,757675757575757575757676767675757575757575757575,,,,,,,000007,00017C,000051,71,0060,08E7,1391,1391,46,0418,0000,03C5,02DE,382.35,0.9,5806,0.34,13.0,0,0,0,0,0,-45.19,0.0,-0.00637,BFBFC0C0C0C0C0BFC0C0BFC0C0C0C0C0BFC0C0C0C0BFBFC0C0C0,,
2026-09-05T02:30:30.552375Z,128.703,13.8V,,,77.206,147.27,256.61,34.61,100.4,00,-0.62,3.9808,3.9797,3.9825,2.8,730FB317,757675757575757575757676767675757575757575757675,,,,,,,000007,00017C,000051,71,0060,08B0,1396,1396,46,0418,0000,03C0,02E9,382.38,-0.55,5806,-0.21,13.0,0,0,0,0,0,-45.19,0.0,-0.00637,BFBFC0C0C0C0C0BFC0C0BFC0C0C0C0C0BFC0C0C0C0BFBFC0C0C0,,
2026-09-05T02:30:49.822915Z,147.973,13.8V,,,77.206,147.27,256.61,34.61,100.4,0C,0.0,3.9814,3.9802,3.983,2.8,760FB317,757675757575757575757676767675757575757575757675,,,,,,,000007,00017C,000051,71,0060,089C,139A,1391,46,0418,0000,03C0,02ED,382.54,-0.85,5806,-0.33,13.0,0,0,0,0,0,-45.19,0.0,-0.00637,BFBFC0C0C0C0C0BFC0C0BFC0C0C0C0C0BFC0C0C0C0BFBFC0C0C0,,
2026-09-05T02:31:00.327825Z,158.478,13.7V,,,77.206,147.27,256.61,34.61,100.4,0C,0.0,3.9815,3.9804,3.9831,2.7,730FB317,757675757575757575757676767675757575757575757675,,,,,,,000007,00017C,000051,71,0060,0874,1391,1391,46,0418,0000,03BB,02F4,382.16,-1.15,5806,-0.44,13.0,0,0,0,0,0,-45.19,0.0,-0.00637,BFBFC0C0C0C0C0BFC0C0BFC0C0C0C0C0BFC0C0C0C0BFBFC0C0C0,,
2026-09-05T02:31:22.340715Z,180.491,13.8V,,,77.206,147.27,256.61,34.61,100.4,0C,0.0,3.9816,3.9805,3.9833,2.8,730FB317,757675757575757575757676767675757575757575757675,,,,,,,000007,00017C,000051,71,0060,0860,139A,1391,46,0418,0000,03B6,02F8,382.54,-0.55,5806,-0.21,13.0,0,0,0,0,0,-45.19,0.0,0.0,BFBFC0C0C0C0C0BFC0C0BFC0C0C0C0C0BFC0C0C0C0BFBFC0C0C0,,
2026-09-05T02:31:31.950449Z,190.101,13.8V,,,77.206,147.27,256.61,34.61,100.4,0C,0.0,3.9817,3.9806,3.9833,2.7,730FB317,757675757575757575757676767675757575757575757675,,,,,,,000007,00017C,000051,71,0060,0851,1396,1396,46,0418,0000,03B6,02FA,382.35,-0.85,5806,-0.32,13.0,0,0,0,0,0,-45.19,0.0,-0.00637,BFBFC0C0C0C0C0BFC0C0BFC0C0C0C0C0BFC0C0C0C0BFBFC0C0C0,,
2026-09-05T02:31:42.749082Z,200.899,13.8V,,,77.206,147.27,256.61,34.61,100.4,0C,0.0,3.9818,3.9807,3.9834,2.7,730FB317,757675757575757575757676767675757575757575757675,,,,,,,000007,00017C,000051,71,0060,0833,1396,1391,46,0418,0000,03B1,0300,382.54,-0.85,5806,-0.33,13.0,0,0,0,0,0,-45.19,0.0,-0.00637,BFBFC0C0C0C0C0BFC0C0BFC0C0C0C0C0BFC0C0C0C0BFBFC0C0C0,,
2026-09-05T02:32:04.092868Z,222.243,13.7V,,,77.206,147.27,256.61,34.61,100.4,0C,0.0,3.9818,3.9807,3.9834,2.7,760FB317,757675757575757575757676767675757575757575757675,,,,,,,000007,00017C,000051,71,0060,081F,139A,1396,46,0418,0000,03B1,0302,382.35,-0.85,5806,-0.32,13.0,0,0,0,0,0,-45.19,0.0,-0.00637,BFBFC0C0C0C0C0BFC0C0BFC0C0C0C0C0BFC0C0C0C0BFBFC0C0C0,,
2026-09-05T02:32:13.730288Z,231.88,13.7V,,,77.206,147.27,256.61,34.61,100.4,0C,0.0,3.9818,3.9807,3.9836,2.9,760FB317,757675757575757575757676767675757575757575757675,,,,,,,000007,00017C,000051,71,0060,0810,1396,1396,46,0418,0000,03B1,0305,382.35,-0.85,5806,-0.32,13.0,0,0,0,0,0,-45.19,0.0,-0.00637,BFBFC0C0C0C0C0BFC0C0BFC0C0C0C0C0BFC0C0C0C0BFBFC0C0C0,,
2026-09-05T02:32:23.496310Z,241.646,13.8V,,,77.206,147.27,256.61,34.61,98.6,0C,0.0,3.9819,3.9808,3.9835,2.7,760FB317,757675757575757575757676767675757575757575757675,,,,,,,000007,00017C,000051,71,0060,0806,1396,1396,46,0418,0000,03B1,0307,382.35,-0.85,5806,-0.32,13.0,0,0,0,0,0,-45.19,0.0,-0.00637,BFBFC0C0C0C0C0BFC0C0BFC0C0C0C0C0BFC0C0C0C0BFBFC0C0C0,,
2026-09-05T02:32:33.103231Z,251.253,13.8V,,,77.206,147.27,256.61,34.61,98.6,0C,0.0,3.982,3.9809,3.9836,2.7,730FB317,757675757575757575757676767675757575757575757675,,,,,,,000007,00017C,000051,71,0060,07F7,1396,1396,46,0418,0000,03AC,0309,382.2,-1.15,5806,-0.44,13.0,0,0,0,0,0,-45.19,0.0,-0.00637,BFBFC0C0C0C0C0BFC0C0BFC0C0C0C0C0BFC0C0C0C0BFBFC0C0C0,,
2026-09-05T02:32:42.982185Z,261.132,13.8V,,,77.206,147.27,256.61,34.61,98.6,0C,0.0,3.982,3.981,3.9836,2.6,730FB317,757675757575757575757676767675757575757575757675,,,,,,,000007,00017C,000051,71,0060,07E3,1396,1396,46,0418,0000,03AC,030C,382.35,-0.85,5806,-0.32,13.0,0,0,0,0,0,-45.19,0.0,-0.00637,BFBFC0C0C0C0C0BFC0C0BFC0C0C0C0C0BFC0C0C0C0BFBFC0C0C0,,
2026-09-05T02:33:05.548403Z,283.699,13.8V,,,77.206,147.27,256.61,34.61,98.6,0C,0.0,3.9821,3.981,3.9838,2.8,760FB317,757675757575757575757676767675757575757575757675,,,,,,,000007,00017C,000051,71,0060,07D8,1396,1396,46,0418,0000,03A7,030E,382.35,-1.15,5806,-0.44,13.0,,,,,,,,,BFBFC0C0C0C0C0BFC0C0BFC0C0C0C0C0BFC0C0C0C0BFBFC0C0C0,,
2026-09-05T02:33:18.107882Z,296.258,13.8V,,,77.206,147.27,256.61,34.61,98.6,0C,0.0,3.9822,3.9811,3.9838,2.7,730FB717,757675757575757575757676767675757575757575757675,,,,,,,000007,00017C,000051,71,0060,07D8,1396,1396,46,0418,0000,03A7,0310,382.35,-1.45,5806,-0.55,13.1,,,,,,,,,BFBFC0C0C0C0C0BFC0C0BFC0C0C0C0C0BFC0C0C0C0BFBFC0C0C0,,
2026-09-05T02:33:31.153156Z,309.303,13.8V,,,77.206,147.27,256.61,34.61,98.6,0C,0.0,3.9822,3.9812,3.9839,2.7,720FB317,757675757575757575757676767675757575757575757675,,,,,,,000007,00017C,000051,71,0060,07D8,1396,1396,46,0418,0000,03A7,0312,382.35,-1.45,5806,-0.55,13.1,,,,,,,,,BFBFC0C0C0C0C0BFC0C0BFC0C0C0C0C0BFC0C0C0C0BFBFC0C0C0,,
2026-09-05T02:33:43.695687Z,321.846,13.8V,,,77.206,147.27,256.61,34.61,98.6,0C,0.0,3.9822,3.9812,3.9839,2.7,730FB317,757675757575757575757676767675757575757575757675,,,,,,,000007,00017C,000051,71,0060,07D8,1396,1396,46,0418,0000,03A7,0313,382.35,-1.45,5806,-0.55,13.1,,,,,,,,,BFBFC0C0C0C0C0BFC0C0BFC0C0C0C0C0BFC0C0C0C0BFBFC0C0C0,,
2026-09-05T02:33:56.319308Z,334.469,13.8V,,,77.206,147.27,256.61,34.61,98.6,0C,0.0,3.9823,3.9812,3.9839,2.7,730FB317,757675757575757575757676767675757575757575757675,,,,,,,000007,00017C,000051,71,0060,07D8,1396,1396,46,0418,0000,03A2,0314,382.69,-1.45,5806,-0.55,13.1,,,,,,,,,BFBFC0C0C0C0C0BFC0C0BFC0C0C0C0C0BFC0C0C0C0BFBFC0C0C0,,
2026-09-05T02:34:11.131726Z,349.282,13.8V,,,77.206,147.27,256.61,34.61,98.6,0C,0.0,3.9823,3.9812,3.9839,2.7,730FB317,757675757575757575757676767675757575757575757675,,,,,,,000007,00017C,000051,71,0060,07D8,1396,1396,46,0418,0000,03A2,0316,382.69,-1.45,5806,-0.55,13.1,,,,,,,,,BFBFC0C0C0C0C0BFC0C0BFC0C0C0C0C0BFC0C0C0C0BFBFC0C0C0,,
2026-09-05T02:34:33.928537Z,372.079,13.8V,,,77.206,147.28,256.61,34.61,98.6,0C,0.72,3.9823,3.9813,3.984,2.7,730FB317,757675757575757575757676767675757575757575757675,,,,,,,000007,00017C,000051,71,0060,07D8,1396,1396,46,0418,0000,03A2,0317,382.54,-1.45,5806,-0.55,13.1,,,,,,,,,BFBFC0C0C0C0C0BFC0C0BFC0C0C0C0C0BFC0C0C0C0BFBFC0C0C0,,
2026-09-05T02:34:46.529652Z,384.68,13.8V,,,77.206,147.28,256.61,34.61,98.6,0C,0.72,3.9824,3.9813,3.9839,2.6,730FB317,757675757575757575757676767675757575757575757675,,,,,,,000007,00017C,000051,71,0060,07D8,1396,1396,46,0418,0000,039D,0318,382.5,-1.15,5806,-0.44,13.1,,,,,,,,,BFBFC0C0C0C0C0BFC0C0BFC0C0C0C0C0BFC0C0C0C0BFBFC0C0C0,,
2026-09-05T02:34:59.086448Z,397.236,13.8V,,,77.206,147.28,256.61,34.61,98.6,0C,0.75,3.9824,3.9813,3.9841,2.8,730FB317,767675757575757575757676767675757575757575757675,,,,,,,000007,00017C,000051,71,0060,07D8,1396,1396,46,0418,0000,039D,0319,382.16,-1.45,5806,-0.55,13.1,,,,,,,,,BFBFC0C0C0C0C0BFC0C0BFC0C0C0C0C0BFC0C0C0C0BFBFC0C0C0,,
2026-09-05T02:35:11.605251Z,409.755,13.8V,,,77.206,147.28,256.61,34.61,98.6,0C,0.0,3.9824,3.9813,3.9841,2.8,730FB317,767675757575757575757676767675757575757575757675,,,,,,,000007,00017C,000051,71,0060,07D8,1396,1396,46,0418,0000,039D,031A,382.35,-1.15,5806,-0.44,13.1,,,,,,,,,BFBFC0C0C0C0C0BFC0C0BFC0C0C0C0C0BFC0C0C0C0BFBFC0C0C0,,
2026-09-05T02:35:24.037410Z,422.188,13.8V,,,77.206,147.28,256.61,34.61,98.6,0C,0.0,3.9824,3.9814,3.9841,2.7,730FB317,767675757575757575757676767675757575757575757675,,,,,,,000007,00017C,000051,71,0060,07D8,1396,1396,46,0418,0000,039D,031A,382.54,-1.45,5806,-0.55,13.1,,,,,,,,,BFBFC0C0C0C0C0BFC0C0BFC0C0C0C0C0BFC0C0C0C0BFBFC0C0C0,,
2026-09-05T02:35:43.807396Z,441.957,13.8V,,,77.206,147.28,256.61,34.61,98.6,0C,0.0,3.9825,3.9813,3.9841,2.8,760FB317,767675757575757575757676767675757575757575757675,,,,,,,000007,00017C,000051,71,0060,07D8,1396,1396,46,0418,0000,0398,031B,382.69,-1.45,5806,-0.55,13.1,,,,,,,,,BFBFC0C0C0C0C0BFC0C0BFC0C0C0C0C0BFC0C0C0C0BFBFC0C0C0,,
2026-09-05T02:36:01.219279Z,459.369,13.8V,,,77.206,147.28,256.61,34.61,98.6,0C,0.0,3.9825,3.9814,3.9841,2.7,760FB317,767675757575757575757676767675757575757575757675,,,,,,,000007,00017C,000051,71,0060,07D8,1396,1396,46,0418,0000,0398,031C,382.5,-1.45,5806,-0.55,13.0,,,,,,,,,BFBFC0C0C0C0C0BFC0C0BFC0C0C0C0C0BFC0C0C0C0BFBFC0C0C0,,
2026-09-05T02:36:13.794258Z,471.944,13.8V,,,77.206,147.28,256.61,34.61,98.6,0C,0.0,3.9825,3.9814,3.9842,2.8,730FB317,767675757575757575757676767675757575757575757675,,,,,,,000007,00017C,000051,71,0060,07D8,1396,1396,46,0418,0000,0398,031C,382.35,-1.45,5806,-0.55,13.0,,,,,,,,,BFBFC0C0C0C0C0BFC0C0BFC0C0C0C0C0BFC0C0C0C0BFBFC0C0C0,,
2026-09-05T02:36:26.439165Z,484.589,13.8V,,,77.206,147.28,256.61,34.61,98.6,0C,0.0,3.9825,3.9814,3.9842,2.8,760FB317,767675757575757575757676767675757575757575757675,,,,,,,000007,00017C,000051,71,0060,07D8,1396,1396,46,0418,0000,0398,031D,382.5,-1.45,5806,-0.55,13.0,,,,,,,,,BFBFC0C0C0C0C0BFC0C0BFC0C0C0C0C0BFC0C0C0C0BFBFC0C0C0,,
2026-09-05T02:36:39.056160Z,497.206,13.8V,,,77.206,147.29,256.61,34.61,98.6,0C,0.65,3.9825,3.9814,3.9842,2.8,760FB317,767675757575757575757676767675757575757575757675,,,,,,,000007,00017C,000051,71,0060,07D8,1396,1396,46,0418,0000,0398,031D,382.5,-1.75,5806,-0.67,13.0,,,,,,,,,BFBFC0C0C0C0C0BFC0C0BFC0C0C0C0C0BFC0C0C0C0BFBFC0C0C0,,
2026-09-05T02:36:51.663137Z,509.813,13.8V,,,77.206,147.29,256.61,34.61,98.6,0C,0.71,3.9826,3.9815,3.9843,2.8,730FB317,767675757575757575757676767675757575757575757675,,,,,,,000007,00017C,000051,71,0060,07D8,1396,1396,46,0418,0000,0398,031D,382.35,-1.45,5806,-0.55,13.0,,,,,,,,,BFBFC0C0C0C0C0BFC0C0BFC0C0C0C0C0BFC0C0C0C0BFBFC0C0C0,,
2026-09-05T02:37:06.415159Z,524.565,13.8V,,,77.206,147.29,256.61,34.61,98.6,0C,0.68,3.9826,3.9815,3.9842,2.7,730FB317,767675757575757575757676767675757575757575757675,,,,,,,000007,00017C,000051,71,0060,07D8,1396,1396,46,0418,0000,0393,031E,382.5,-1.45,5806,-0.55,13.0,,,,,,,,,BFBFC0C0C0C0C0BFC0C0BFC0C0C0C0C0BFC0C0C0C0BFBFC0C0C0,,
2026-09-05T02:37:29.225634Z,547.376,13.8V,,,77.206,147.29,256.61,34.61,98.6,0C,0.0,3.9826,3.9815,3.9843,2.8,760FB317,767675757575757575757676767675757575757575757675,,,,,,,000007,00017C,000051,71,0060,07D8,1396,1396,46,0418,0000,0393,031E,382.69,-1.45,5806,-0.55,13.0,,,,,,,,,BFBFC0C0C0C0C0BFC0C0BFC0C0C0C0C0BFC0C0C0C0BFC0C0C0C0,,
2026-09-05T02:37:41.857970Z,560.008,13.8V,,,77.206,147.29,256.61,34.61,98.6,0C,0.0,3.9826,3.9815,3.9843,2.8,730FB317,767675757575757575757676767675757575757575757675,,,,,,,000007,00017C,000051,71,0060,07D8,1396,1396,46,0418,0000,0393,031E,382.54,-1.15,5806,-0.44,13.0,,,,,,,,,BFBFC0C0C0C0C0BFC0C0BFC0C0C0C0C0BFC0C0C0C0BFC0C0C0C0,,
2026-09-05T02:37:54.310201Z,572.46,13.8V,,,77.206,147.29,256.61,34.61,98.6,0C,0.0,3.9826,3.9816,3.9842,2.6,720FB317,767675757575757575757676767675757575757575757675,,,,,,,000007,00017C,000051,71,0060,07D8,1396,1396,46,0418,0000,0393,031F,382.35,-1.45,5806,-0.55,13.0,,,,,,,,,BFBFC0C0C0C0C0BFC0C0BFC0C0C0C0C0BFC0C0C0C0BFC0C0C0C0,,
2026-09-05T02:38:06.787238Z,584.937,13.8V,,,77.206,147.3,256.61,34.61,98.6,0C,0.96,3.9827,3.9816,3.9844,2.8,760FB317,767675757575757575757676767675757575757575757675,,,,,,,000007,00017C,000051,71,0060,07D8,1396,1396,46,0418,0000,0393,031F,382.35,-1.45,5806,-0.55,13.1,,,,,,,,,BFBFC0C0C0C0C0BFC0C0BFC0C0C0C0C0BFC0C0C0C0BFC0C0C0C0,,
2026-09-05T02:38:19.181537Z,597.332,13.8V,,,77.206,147.3,256.61,34.61,98.6,0C,0.72,3.9827,3.9816,3.9843,2.7,730FB317,767675757575757575757676767675757575757575757675,,,,,,,000007,00017C,000051,71,0060,07D8,1396,1396,46,0418,0000,0393,031F,382.69,-1.45,5806,-0.55,13.1,,,,,,,,,BFBFC0C0C0C0C0BFC0C0BFC0C0C0C0C0BFC0C0C0C0BFC0C0C0C0,,
2026-09-05T02:38:44.148444Z,622.299,13.6V,,,77.206,147.3,256.61,34.61,98.6,0C,0.72,3.9828,3.9817,3.9844,2.7,760FB317,767675757575757575757676767675757575757575757675,,,,,,,000007,00017C,000051,71,0060,07D8,1396,1396,46,0418,0000,038E,031F,382.54,-1.75,5806,-0.67,12.9,,,,,,,,,BFBFC0C0C0C0C0BFC0C0BFC0C0C0C0C0BFC0C0C0C0C0C0C0C0C0,,
2026-09-05T02:38:56.902713Z,635.053,13.6V,,,77.206,147.3,256.61,34.61,98.6,0C,0.0,3.9828,3.9817,3.9844,2.7,730FB317,767675757575757575757676767675757575757575757675,,,,,,,000007,00017C,000051,71,0060,07D8,1396,1396,46,0418,0000,038E,0317,,,,,,,,,,,,,,BFBFC0C0C0C0C0BFC0C0C0C0C0C0C0C0BFC0C0C0C0C0C0C0C0C0,,
2026-09-05T02:39:10.974884Z,649.125,13.6V,,,77.206,147.31,256.61,34.61,98.6,0C,0.7,3.9828,3.9817,3.9844,2.7,730FB317,767675757575757575757676767675757575757575757675,,,,,,,000007,00017C,000051,71,0060,07D8,1396,1396,46,0418,0000,038E,0311,,,,,,,,,,,,,,BFBFC0C0C0C0C0BFC0C0C0C0C0C0C0C0BFC0C0C0C0C0C0C0C0C0,,
2026-09-05T02:39:25.707823Z,663.858,13.6V,,,77.206,147.31,256.61,34.61,98.6,0C,0.87,3.9828,3.9817,3.9844,2.7,760FB317,767675757575757575757676767675757575757575757675,,,,,,,000007,00017C,000051,71,0060,07D8,1396,1396,46,0418,0000,038E,0310,,,,,,,,,,,,,,BFBFC0C0C0C0C0BFC0C0C0C0C0C0C0C0BFC0C0C0C0C0C0C0C0C0,,
2026-09-05T02:39:40.511972Z,678.662,13.5V,,,77.206,147.31,256.61,34.61,98.6,0C,0.64,3.9828,3.9817,3.9845,2.8,730FB317,767675757575757575757676767675757575757575757675,,,,,,,000007,00017C,000051,71,0060,06F3,1391,139A,46,01AD,0000,038E,0313,382.73,-1.45,5806,-0.55,12.8,0,0,0,0,0,-45.23,0.0,-0.00637,BFBFC0C0C0C0C0BFC0C0C0C0C0C0C0C0BFC0C0C0C0C0C0C0C0C0,,
2026-09-05T02:39:50.215956Z,688.366,13.5V,,,77.206,147.31,256.61,34.61,98.6,0C,0.68,3.9828,3.9817,3.9844,2.7,730FB317,767675757575757575757676767675757575757575757675,,,,,,,000007,00017C,000051,71,0060,06EE,1396,1396,46,01AD,0000,038E,031A,382.36,-1.15,5806,-0.44,12.8,0,0,0,0,0,-45.23,0.0,-0.00637,BFBFC0C0C0C0C0BFC0C0C0C0C0C0C0C0BFC0C0C0C0C0C0C0C0C0,,
2026-09-05T02:40:01.025532Z,699.176,13.5V,,,77.206,147.31,256.61,34.61,98.6,0C,0.0,3.9828,3.9817,3.9845,2.8,760FB317,767675757575757575757676767675757575757575757675,,,,,,,000007,00017C,000051,71,0060,06D5,1396,1396,46,0418,0000,038E,031F,382.54,-1.45,5806,-0.55,12.8,0,0,0,0,0,-45.23,0.0,-0.00637,BFBFC0C0C0C0C0BFC0C0C0C0C0C0C0C0BFC0C0C0C0C0C0C0C0C0,,
2026-09-05T02:40:23.346229Z,721.496,13.6V,,,77.206,147.31,256.61,34.61,98.6,0C,0.0,3.9828,3.9818,3.9845,2.7,710FB717,767675757575757575757676767675757575757575757675,,,,,,,000007,00017C,000051,71,0060,06D0,1396,1396,46,0418,0000,038E,0320,382.7,-1.45,5806,-0.55,12.8,0,0,0,0,0,-45.23,0.0,-0.00637,BFBFC0C0C0C0C0BFC0C0C0C0C0C0C0C0BFC0C0C0C0C0C0C0C0C0,,
2026-09-05T02:40:32.936303Z,731.086,13.6V,,,77.206,147.32,256.61,34.61,98.6,0C,0.69,3.9828,3.9818,3.9844,2.6,730FB317,767675757575757575757676767675757575757575757675,,,,,,,000007,00017C,000051,71,0060,06CB,1396,1396,46,0418,0000,038E,0320,382.21,-1.45,5806,-0.55,12.8,0,0,0,0,0,-45.23,0.0,-0.00637,BFBFC0C0C0C0C0BFC0C0C0C0C0C0C0C0BFC0C0C0C0C0C0C0C0C0,,
2026-09-05T02:40:42.571599Z,740.722,13.5V,,,77.206,147.32,256.61,34.61,98.6,0C,0.69,3.9829,3.9818,3.9846,2.8,730FB317,767675757575757575757676767675757575757575757675,,,,,,,000007,00017C,000051,71,0060,06C6,1391,1396,46,0418,0000,038E,0320,382.51,-1.45,5806,-0.55,12.8,0,0,0,0,0,-45.23,0.0,-0.00637,BFBFC0C0C0C0C0BFC0C0C0C0C0C0C0C0BFC0C0C0C0C0C0C0C0C0,,
2026-09-05T02:40:52.517512Z,750.668,13.6V,,,77.206,147.32,256.61,34.61,98.6,0C,0.7,3.9829,3.9818,3.9845,2.7,730FB317,767675757575757575757676767675757575757575757675,,,,,,,000007,00017C,000051,71,0060,06C1,1391,1391,46,0418,0000,038E,0320,382.36,-1.45,5806,-0.55,12.8,0,0,0,0,0,-45.23,0.0,-0.00637,BFBFC0C0C0C0C0C0C0C0C0C0C0C0C0C0BFC0C0C0C0C0C0C0C0C0,,
2026-09-05T02:41:02.037485Z,760.187,13.6V,,,77.206,147.32,256.61,34.61,98.6,0C,0.93,3.9829,3.9818,3.9844,2.6,730FB317,767675757575757575757676767675757575757575757675,,,,,,,000007,00017C,000051,71,0060,06BC,1391,1391,46,0418,0000,0389,0320,382.51,-1.45,5806,-0.55,12.8,0,0,0,0,0,-45.23,0.0,-0.00637,BFBFC0C0C0C0C0C0C0C0C0C0C0C0C0C0BFC0C0C0C0C0C0C0C0C0,,
2026-09-05T02:41:11.582317Z,769.732,13.6V,,,77.206,147.32,256.61,34.61,98.6,0C,0.75,3.9829,3.9818,3.9846,2.8,760FB317,767675757575757575757676767675757575757575757675,,,,,,,000007,00017C,000051,71,,06B7,1391,1391,46,0418,0000,0389,0316,,,,,,0,0,0,0,0,-45.23,0.0,-0.00637,BFBFC0C0C0C0C0C0C0C0C0C0C0C0C0C0BFC0C0C0C0C0C0C0C0C0,,
2026-09-05T02:41:29.292787Z,787.443,13.6V,,,77.206,147.32,256.61,34.61,98.6,0C,0.0,3.983,3.9819,3.9846,2.7,730FB317,767675757575757575757676767675757575757575757675,,,,,,,000007,00017C,000051,71,0060,06B7,1391,1391,46,0418,0000,0389,0310,,,,,,,,,,,,,,BFBFC0C0C0C0C0C0C0C0C0C0C0C0C0C0BFC0C0C0C0C0C0C0C0C0,,
2026-09-05T02:41:49.673829Z,807.824,13.6V,,,77.206,147.33,256.61,34.61,98.6,0C,0.63,3.983,3.9819,3.9846,2.7,730FB317,767675757575757575757676767675757575757575757675,,,,,,,000007,00017C,000051,71,0060,06B7,1391,1391,46,0418,0000,0389,0310,,,,,,,,,,,,,,BFBFC0C0C0C0C0C0C0C0C0C0C0C0C0C0BFC0C0C0C0C0C0C0C0C0,,
2026-09-05T02:42:04.410974Z,822.561,13.6V,,,77.206,147.33,256.61,34.61,98.6,0C,0.68,3.983,3.9819,3.9847,2.8,780FB317,767675757575757575757676767675757575757575757675,,,,,,,000007,00017C,000051,71,,,,,,,,,,,,,,,,,,,,,,,BFBFC0C0C0C0C0C0C0C0C0C0C0C0C0C0BFC0C0C0C0C0C0C0C0C0,,
2026-09-05T02:42:24.368328Z,842.518,13.6V,,,77.206,147.33,256.61,34.61,98.6,0C,0.65,3.983,3.9819,3.9848,2.9,760FB317,767675757575757575757676767675757575757575757675,,,,,,,000007,00017C,000051,71,,,,,,,,,,,,,,,,,,,,,,,BFBFC0C0C0C0C0C0C0C0C0C0C0C0C0C0BFC0C0C0C0C0C0C0C0C0,,
2026-09-05T02:42:46.331015Z,864.481,13.6V,,,77.206,147.33,256.61,34.61,98.6,0C,0.0,3.9831,3.982,3.9847,2.7,730FB317,767675757575757575757676767675757575757575757675,,,,,,,000007,00017C,000051,71,,,,,,,,,,,,,,,,,,,,,,,BFBFC0C0C0C0C0C0C0C0C0C0C0C0C0C0BFC0C0C0C0C0C0C0C0C0,,
2026-09-05T02:43:12.722874Z,890.873,13.6V,,,77.206,147.34,256.61,34.61,98.6,0C,0.74,3.9831,3.982,3.9847,2.7,730FB317,767675757575757575757676767675757575757575757675,,,,,,,000007,00017C,000051,71,,,,,,,,,,,,,,,,,,,,,,,BFBFC0C0C0C0C0C0C0C0C0C0C0C0C0C0BFC0C0C0C0C0C0C0C0C0,,
2026-09-05T02:43:32.618789Z,910.769,13.6V,,,77.206,147.34,256.61,34.61,98.6,0C,0.78,3.9831,3.982,3.9848,2.8,780FB317,767675757575757575757676767675757575757575757675,,,,,,,000007,00017C,000051,71,,,,,,,,,,,,,,,,,,,,,,,BFBFC0C0C0C0C0C0C0C0C0C0C0C0C0C0BFC0C0C0C0C0C0C0C0C0,,
2026-09-05T02:43:52.463349Z,930.613,13.6V,,,77.206,147.34,256.61,34.61,98.6,0C,0.0,3.9831,3.982,3.9848,2.8,760FB317,767675757575757575757676767675757575757575757675,,,,,,,000007,00017C,000051,71,,,,,,,,,,,,,,,,,,,,,,,BFBFC0C0C0C0C0C0C0C0C0C0C0C0C0C0BFC0C0C0C0C0C0C0C0C0,,
2026-09-05T02:44:17.200116Z,955.35,13.6V,,,77.206,147.35,256.61,34.61,98.6,0C,0.81,3.9832,3.9821,3.9848,2.7,730FB317,767675757675757575757676767675757575757575757675,,,,,,,000007,00017C,000051,71,,,,,,,,,,,,,,,,,,,,,,,BFBFC0C0C0C0C0C0C0C0C0C0C0C0C0C0BFC0C0C0C0C0C0C0C0C0,,
2026-09-05T02:44:41.026882Z,979.177,13.6V,,,77.206,147.35,256.61,34.61,98.6,0C,0.74,3.9832,3.9821,3.9849,2.8,760FB317,767675757675757575757676767675757575757575757675,,,,,,,000007,00017C,000051,71,,,,,,,,,,,,,,,,,,,,,,,BFBFC0C0C0C0C0C0C0C0C0C0C0C0C0C0BFC0C0C0C0C0C0C0C0C0,,
2026-09-05T02:45:01.036348Z,999.186,13.6V,,,77.206,147.36,256.61,34.61,98.6,0C,0.82,3.9832,3.9821,3.9848,2.7,730FB317,767675757675757575757676767675757575757575757675,,,,,,,000007,00017C,000051,71,,,,,,,,,,,,,,,,,,,,,,,BFBFC0C0C0C0C0C0C0C0C0C0C0C0C0C0BFC0C0C0C0C0C0C0C0C0,,
2026-09-05T02:45:20.480912Z,1018.631,13.6V,,,77.206,147.36,256.61,34.61,98.6,0C,0.91,3.9832,3.9821,3.9849,2.8,760FB317,767675757675757575757676767675757575757575757675,,,,,,,000007,00017C,000051,71,,,,,,,,,,,,,,,,,,,,,,,BFBFC0C0C0C0C0C0C0C0C0C0C0C0C0C0BFC0C0C0C0C0C0C0C0C0,,
2026-09-05T02:45:42.538546Z,1040.689,13.6V,,,77.206,147.36,256.61,34.61,98.6,0C,0.0,3.9833,3.9822,3.9848,2.6,730FB317,767675757675757575757676767675757575757575757675,,,,,,,000007,00017C,000051,71,,,,,,,,,,,,,,,,,,,,,,,BFBFC0C0C0C0C0C0C0C0C0C0C0C0C0C0BFC0C0C0C0C0C0C0C0C0,,
2026-09-05T02:46:09.782017Z,1067.932,13.6V,,,77.206,147.37,256.61,34.61,98.6,0C,0.73,3.9833,3.9822,3.985,2.8,730FB317,767675757675757575757676767675757575757575757675,,,,,,,000007,00017C,000051,71,,,,,,,,,,,,,,,,,,,,,,,BFBFC0C0C0C0C0C0C0C0C0C0C0C0C0C0BFC0C0C0C0C0C0C0C0C0,,
2026-09-05T02:46:29.769986Z,1087.92,13.6V,,,77.206,147.37,256.61,34.61,98.6,0C,0.76,3.9833,3.9823,3.9849,2.6,720FB317,767675757675757575757676767675757575757575757675,,,,,,,000007,00017C,000051,71,,,,,,,,,,,,,,,,,,,,,,,BFBFC0C0C0C0C0C0C0C0C0C0C0C0C0C0BFC0C0C0C0C0C0C0C0C0,,
2026-09-05T02:46:49.655287Z,1107.805,13.6V,,,77.206,147.37,256.61,34.61,98.6,0C,0.0,3.9833,3.9823,3.985,2.7,720FB317,767675757675757575757676767675757575757575757675,,,,,,,000007,00017C,000051,71,,,,,,,,,,,,,,,,,,,,,,,BFBFC0C0C0C0C0C0C0C0C0C0C0C0C0C0BFC0C0C0C0C0C0C0C0C0,,
2026-09-05T02:47:14.872340Z,1133.022,13.6V,,,77.206,147.38,256.61,34.61,98.6,0C,0.8,3.9834,3.9823,3.985,2.7,730FB317,767675757675757575757676767675757575757575757675,,,,,,,000007,00017C,000051,71,,,,,,,,,,,,,,,,,,,,,,,BFBFC0C0C0C0C0C0C0C0C0C0C0C0C0C0BFC0C0C0C0C0C0C0C0C0,,
2026-09-05T02:47:38.101748Z,1156.253,13.6V,,,77.206,147.38,256.61,34.61,98.6,0C,0.74,3.9834,3.9823,3.9851,2.8,760FB317,767675757675757575757676767675757575757575757675,,,,,,,000007,00017C,000051,71,,,,,,,,,,,,,,,,,,,,,,,BFBFC0C0C0C0C0C0C0C0C0C0C0C0C0C0C0C0C0C0C0C0C0C0C0C0,,
2026-09-05T02:47:57.414972Z,1175.565,13.6V,,,77.206,147.38,256.61,34.61,98.6,0C,0.0,3.9834,3.9824,3.9851,2.7,730FB317,767675757675757575757676767675757575757575757675,,,,,,,000007,00017C,000051,71,,,,,,,,,,,,,,,,,,,,,,,BFBFC0C0C0C0C0C0C0C0C0C0C0C0C0C0C0C0C0C0C0C0C0C0C0C0,,
2026-09-05T02:48:17.261821Z,1195.412,13.6V,,,77.206,147.39,256.61,34.61,98.6,0C,0.92,3.9834,3.9824,3.985,2.6,720FB317,767675757675757575757676767675757575757575757675,,,,,,,000007,00017C,000051,71,,,,,,,,,,,,,,,,,,,,,,,BFBFC0C0C0C0C0C0C0C0C0C0C0C0C0C0C0C0C0C0C0C0C0C0C0C0,,
2026-09-05T02:48:47.555395Z,1225.705,13.6V,,,77.206,147.39,256.61,34.61,98.6,0C,0.72,3.9835,3.9824,3.9851,2.7,730FB317,767675757675757575757676767675757575757575757675,,,,,,,000007,00017C,000051,71,,,,,,,,,,,,,,,,,,,,,,,BFBFC0C0C0C0C0C0C0C0C0C0C0C0C0C0C0C0C0C0C0C0C0C0C0C0,,
2026-09-05T02:49:07.346380Z,1245.497,13.6V,,,77.206,147.4,256.61,34.61,98.6,0C,0.72,3.9835,3.9824,3.9852,2.8,730FB317,767675757675757575757676767675757575757575757675,,,,,,,000007,00017C,000051,71,,,,,,,,,,,,,,,,,,,,,,,BFBFC0C0C0C0C0C0C0C0C0C0C0C0C0C0C0C0C0C0C0C0C0C0C0C0,,
2026-09-05T02:49:26.620588Z,1264.771,13.6V,,,77.206,147.4,256.61,34.61,98.6,0C,0.92,3.9835,3.9824,3.9852,2.8,730FB317,767675757675757575757676767675757575757575757675,,,,,,,000007,00017C,000051,71,,,,,,,,,,,,,,,,,,,,,,,BFBFC0C0C0C0C0C0C0C0C0C0C0C0C0C0C0C0C0C0C0C0C0C0C0C0,,
2026-09-05T02:49:47.020218Z,1285.17,13.6V,,,77.206,147.4,256.61,34.61,98.6,0C,0.61,3.9835,3.9825,3.9852,2.7,720FB317,767675757675757575757676767675757575757575757675,,,,,,,000007,00017C,000051,71,,,,,,,,,,,,,,,,,,,,,,,BFBFC0C0C0C0C0C0C0C0C0C0C0C0C0C0C0C0C0C0C0C0C0C0C0C0,,
2026-09-05T02:50:17.276786Z,1315.427,13.6V,,,77.206,147.41,256.61,34.61,98.6,0C,0.71,3.9836,3.9825,3.9852,2.7,730FB317,767675757675757575757676767675757575757575757675,,,,,,,000007,00017C,000051,71,,,,,,,,,,,,,,,,,,,,,,,BFBFC0C0C0C0C0C0C0C0C0C0C0C0C0C0C0C0C0C0C0C0C0C0C0C0,,
2026-09-05T02:50:37.291944Z,1335.442,13.6V,,,77.206,147.41,256.61,34.61,98.6,0C,0.72,3.9836,3.9825,3.9852,2.7,760FB317,767675757675757575757676767675757575757575757675,,,,,,,000007,00017C,000051,71,,,,,,,,,,,,,,,,,,,,,,,BFBFC0C0C0C0C0C0C0C0C0C0C0C0C0C0C0C0C0C0C0C0C0C0C0C0,,
2026-09-05T02:50:57.394671Z,1355.545,13.6V,,,77.206,147.41,256.61,34.61,98.6,0C,0.0,3.9836,3.9826,3.9852,2.6,720FB317,767675757675757575757676767675757575757575757675,,,,,,,000007,00017C,000051,71,,,,,,,,,,,,,,,,,,,,,,,BFBFC0C0C0C0C0C0C0C0C0C0C0C0C0C0C0C0C0C0C0C0C0C0C0C0,,
2026-09-05T02:51:18.999671Z,1377.15,13.6V,,,77.206,147.42,256.61,34.61,98.6,0C,0.86,3.9836,3.9825,3.9853,2.8,760FB317,767675757675757575757676767675757575757575757675,,,,,,,000007,00017C,000051,71,,,,,,,,,,,,,,,,,,,,,,,BFBFC0C0C0C0C0C0C0C0C0C0C0C0C0C0C0C0C0C0C0C0C0C0C0C0,,
2026-09-05T02:51:47.354650Z,1405.505,13.6V,,,77.206,147.42,256.61,34.61,98.6,0C,0.72,3.9836,3.9826,3.9853,2.7,730FB317,767675757675757575757676767675757575757575757675,,,,,,,000007,00017C,000051,71,,,,,,,,,,,,,,,,,,,,,,,BFBFC0C0C0C0C0C0C0C0C0C0C0C0C0C0C0C0C0C0C0C0C0C0C0C0,,
2026-09-05T02:52:06.664806Z,1424.815,13.6V,,,77.206,147.43,256.61,34.61,98.6,0C,0.76,3.9837,3.9826,3.9853,2.7,730FB317,767675757675757575757676767675757575757575757675,,,,,,,000007,00017C,000051,71,,,,,,,,,,,,,,,,,,,,,,,BFBFC0C0C0C0C0C0C0C0C0C0C0C0C0C0C0C0C0C0C0C0C0C0C0C0,,
2026-09-05T02:52:26.535444Z,1444.686,13.6V,,,77.206,147.43,256.61,34.61,98.6,0C,0.92,3.9837,3.9827,3.9854,2.7,710FB317,767675757675757575757676767675757575757575757675,,,,,,,000007,00017C,000051,71,,,,,,,,,,,,,,,,,,,,,,,BFBFC0C0C0C0C0C0C0C0C0C0C0C0C0C0C0C0C0C0C0C0C0C0C0C0,,
2026-09-05T02:52:51.702611Z,1469.853,13.6V,,,77.206,147.43,256.61,34.61,98.6,0C,0.0,3.9837,3.9827,3.9854,2.7,720FB317,767675757675757575757676767675757575757575757675,,,,,,,000007,00017C,000051,71,,,,,,,,,,,,,,,,,,,,,,,BFBFC0C0C0C0C0C0C0C0C0C0C0C0C0C0C0C0C0C0C0C0C0C0C0C0,,
2026-09-05T02:53:15.050383Z,1493.2,13.6V,,,77.206,147.44,256.61,34.61,98.6,0C,0.74,3.9837,3.9827,3.9854,2.7,730FB317,767675757675757575757676767675757575757575757675,,,,,,,000007,00017C,000051,71,,,,,,,,,,,,,,,,,,,,,,,BFBFC0C0C0C0C0C0C0C0C0C0C0C0C0C0C0C0C0C0C0C0C0C0C0C0,,
2026-09-05T02:53:34.910215Z,1513.061,13.6V,,,77.206,147.44,256.61,34.61,98.6,0C,0.83,3.9838,3.9827,3.9854,2.7,730FB317,767675757675757575757676767675757575757575757675,,,,,,,000007,00017C,000051,71,,,,,,,,,,,,,,,,,,,,,,,BFBFC0C0C0C0C0C0C0C0C0C0C0C0C0C0C0C0C0C0C0C0C0C0C0C0,,
2026-09-05T02:53:55.309730Z,1533.46,13.6V,,,77.206,147.44,256.61,34.61,98.6,0C,0.0,3.9838,3.9827,3.9855,2.8,730FB317,767675757675757575757676767675757575757575757675,,,,,,,000007,00017C,000051,71,,,,,,,,,,,,,,,,,,,,,,,BFBFC0C0C0C0C0C0C0C0C0C0C0C0C0C0C0C0C0C0C0C0C0C0C0C0,,
2026-09-05T02:54:26.618301Z,1564.768,13.6V,,,77.206,147.45,256.61,34.61,98.6,0C,0.7,3.9838,3.9827,3.9855,2.8,730FB317,767675757675757575757676767675757575757575757675,,,,,,,000007,00017C,000051,,,,,,,,,,,,,,,,,,,,,,,,BFBFC0C0C0C0C0C0C0C0C0C0C0C0C0C0C0C0C0C0C0C0C0C0C0C0,,
2026-09-05T02:54:47.018795Z,1585.169,13.6V,,,77.206,147.45,256.61,34.61,98.6,0C,0.7,3.9838,3.9828,3.9855,2.7,730FB317,767675757675757575757676767675757575757575757675,,,,,,,000007,00017C,000051,71,,,,,,,,,,,,,,,,,,,,,,,BFBFC0C0C0C0C0C0C0C0C0C0C0C0C0C0C0C0C0C0C0C0C0C0C0C0,,
2026-09-05T02:55:07.504334Z,1605.654,13.6V,,,77.206,147.45,256.61,34.61,98.6,0C,0.0,3.9839,3.9828,3.9855,2.7,720FB317,767675757675757575757676767675757575757575757675,,,,,,,000007,00017C,000051,71,,,,,,,,,,,,,,,,,,,,,,,BFBFC0C0C0C0C0C0C0C0C0C0C0C0C0C0C0C0C0C0C0C0C0C0C0C0,,
2026-09-05T02:55:29.357053Z,1627.507,13.6V,,,77.206,147.46,256.61,34.61,98.6,0C,0.85,3.9839,3.9828,3.9856,2.8,780FB317,767675757675757575757676767675757575757575757675,,,,,,,000007,00017C,000051,71,,,,,,,,,,,,,,,,,,,,,,,BFBFC0C0C0C0C0C0C0C0C0C0C0C0C0C0C0C0C0C0C0C0C0C0C0C0,,
2026-09-05T02:55:58.163383Z,1656.313,13.6V,,,77.206,147.46,256.61,34.61,98.6,0C,0.71,3.9839,3.9829,3.9856,2.7,710FB317,767675757675757575757676767675757575757575757675,,,,,,,000007,00017C,000051,71,,,,,,,,,,,,,,,,,,,,,,,BFBFC0C0C0C0C0C0C0C0C0C0C0C0C0C0C0C0C0C0C0C0C0C0C0C0,,
2026-09-05T02:56:18.178666Z,1676.329,13.6V,,,77.206,147.47,256.61,34.61,96.8,0C,0.74,3.9839,3.9829,3.9856,2.7,730FB317,767675757675757575757676767675757575757575757675,,,,,,,000007,00017C,000051,71,,,,,,,,,,,,,,,,,,,,,,,BFBFC0C0C0C0C0C0C0C0C0C0C0C0C0C0C0C0C0C0C0C0C0C0C0C0,,
2026-09-05T02:56:38.352402Z,1696.502,13.6V,,,77.206,147.47,256.61,34.61,96.8,0C,0.9,3.9839,3.9828,3.9856,2.8,760FB317,767675757675757575757676767675757575757575757675,,,,,,,000007,00017C,000051,71,,,,,,,,,,,,,,,,,,,,,,,BFBFC0C0C0C0C0C0C0C0C0C0C0C0C0C0C0C0C0C0C0C0C0C0C0C0,,
2026-09-05T02:57:04.618417Z,1722.768,13.6V,,,,147.47,256.61,34.61,96.8,0C,0.0,3.984,3.9829,3.9856,2.7,730FB317,767675757675757575757676767675757575757575757675,,,,,,,000007,00017C,000051,71,,,,,,,,,,,,,,,,,,,,,,,BFBFC0C0C0C0C0C0C0C0C0C0C0C0C0C0C0C0C0C0C0C0C0C0C0C0,,
2026-09-05T02:57:26.026215Z,1744.176,13.6V,,,77.206,147.48,256.61,34.61,96.8,0C,0.76,3.984,3.983,3.9856,2.6,710FB317,767675757675757575757676767675757575757575757675,,,,,,,000007,00017C,000051,71,,,,,,,,,,,,,,,,,,,,,,,BFBFC0C0C0C0C0C0C0C0C0C0C0C0C0C0C0C0C0C0C0C0C0C0C0C0,,
2026-09-05T02:57:46.213529Z,1764.364,13.6V,,,77.206,147.48,256.61,34.61,96.8,0C,0.87,3.984,3.9829,3.9856,2.7,730FB317,767675757675757575757676767675757575757575757675,,,,,,,000007,00017C,000051,71,,,,,,,,,,,,,,,,,,,,,,,BFBFC0C0C0C0C0C0C0C0C0C0C0C0C0C0C0C0C0C0C0C0C0C0C0C0,,
2026-09-05T02:58:07.636944Z,1785.787,13.6V,,,77.206,147.48,256.61,34.61,96.8,0C,0.0,3.984,3.983,3.9856,2.6,720FB317,767675757675757575757676767675757575757575757675,,,,,,,000007,00017C,000051,71,,,,,,,,,,,,,,,,,,,,,,,BFBFC0C0C0C0C0C0C0C0C0C0C0C0C0C0C0C0C0C0C0C0C0C0C0C0,,
2026-09-05T02:58:36.561523Z,1814.712,13.6V,,,77.206,147.49,256.61,34.61,96.8,0C,0.72,3.9841,3.983,3.9857,2.7,760FB317,767675757675757575757676767675757575757575757675,,,,,,,000007,00017C,000051,71,,,,,,,,,,,,,,,,,,,,,,,BFBFC0C0C0C0C0C0C0C0C0C0C0C0C0C0C0C0C0C0C0C0C0C0C0C0,,
2026-09-05T02:58:56.487302Z,1834.637,13.6V,,,77.206,147.49,256.61,34.61,96.8,0C,0.74,3.9841,3.983,3.9857,2.7,730FB317,767675757675757575757676767675757575757575757675,,,,,,,000007,00017C,000051,71,,,,,,,,,,,,,,,,,,,,,,,BFBFC0C0C0C0C0C0C0C0C0C0C0C0C0C0C0C0C0C0C0C0C0C0C0C0,,
2026-09-05T02:59:16.599229Z,1854.749,13.6V,,,77.206,147.49,256.61,34.61,96.8,0C,0.0,3.9841,3.983,3.9857,2.7,730FB317,767675757675757575757676767675757575757575757675,,,,,,,000007,00017C,000051,71,,,,,,,,,,,,,,,,,,,,,,,BFBFC0C0C0C0C0C0C0C0C0C0C0C0C0C0C0C0C0C0C0C0C0C0C0C0,,
2026-09-05T02:59:37.819624Z,1875.97,13.6V,,,77.206,147.5,256.61,34.61,96.8,0C,0.87,3.9841,3.9831,3.9858,2.7,730FB317,767675757675757575757676767675757575757575757675,,,,,,,000007,00017C,000051,71,00A0,0000,0000,0000,00,0418,0000,01F4,026A,,,,,,,,,,,,,,BFBFC0C0C0C0C0C0C0C0C0C0C0C0C0C0C0C0C0C0C0C0C0C0C0C0,,
2026-09-05T03:00:02.131110Z,1900.281,13.6V,,,77.206,147.5,256.61,34.61,96.8,0C,0.79,3.9841,3.9831,3.9858,2.7,730FB317,767675757675757575757676767675757575757575757675,,,,,,,000007,00017C,000051,71,,,,,,,,,,,,,,,,,,,,,,,BFBFC0C0C0C0C0C0C0C0C0C0C0C0C0C0C0C0C0C0C0C0C0C0C0C0,,
2026-09-05T03:00:23.127047Z,1921.277,13.6V,,,77.206,147.51,256.61,34.61,96.8,0C,0.79,3.9842,3.9831,3.9858,2.7,760FB317,767675757675757575757676767675757575757575757675,,,,,,,000007,00017C,000051,71,,,,,,,,,,,,,,,,,,,,,,,BFBFC0C0C0C0C0C0C0C0C0C0C0C0C0C0C0C0C0C0C0C0C0C0C0C0,,
2026-09-05T03:00:43.060633Z,1941.211,13.6V,,,77.206,147.51,256.61,34.61,98.6,0C,0.88,3.9842,3.9831,3.9859,2.8,760FB317,767675757675757575757676767675757575757575757675,,,,,,,000007,00017C,000051,71,,,,,,,,,,,,,,,,,,,,,,,BFBFC0C0C0C0C0C0C0C0C0C0C0C0C0C0C0C0C0C0C0C0C0C0C0C0,,
2026-09-05T03:01:08.828854Z,1966.979,13.6V,,,77.206,147.51,256.61,34.61,98.6,0C,0.0,3.9842,3.9832,3.9859,2.7,720FB317,767675757675757575757676767675757575757575757675,,,,,,,000007,00017C,000051,71,,,,,,,,,,,,,,,,,,,,,,,BFBFC0C0C0C0C0C0C0C0C0C0C0C0C0C0C0C0C0C0C0C0C0C0C0C0,,
2026-09-05T03:01:30.584438Z,1988.734,13.6V,,,77.206,147.52,256.61,34.61,98.6,0C,0.76,3.9843,3.9832,3.9859,2.7,720FB317,767675757675757575757676767675757575757575757675,,,,,,,000007,00017C,000051,71,,,,,,,,,,,,,,,,,,,,,,,BFBFC0C0C0C0C0C0C0C0C0C0C0C0C0C0C0C0C0C0C0C0C0C0C0C0,,
2026-09-05T03:01:50.339736Z,2008.49,13.6V,,,77.206,147.52,256.61,34.61,98.6,0C,0.87,3.9843,3.9832,3.9859,2.7,730FB317,767675757675757575757676767675757575757575757675,,,,,,,000007,00017C,000051,71,,,,,,,,,,,,,,,,,,,,,,,BFBFC0C0C0C0C0C0C0C0C0C0C0C0C0C0C0C0C0C0C0C0C0C0C0C0,,
2026-09-05T03:02:10.173992Z,2028.324,13.6V,,,77.206,147.52,256.61,34.61,98.6,0C,0.0,3.9843,3.9832,3.986,2.8,730FB317,767675757675757575757676767675757575757575757675,,,,,,,000007,00017C,000051,71,,,,,,,,,,,,,,,,,,,,,,,BFBFC0C0C0C0C0C0C0C0C0C0C0C0C0C0C0C0C0C0C0C0C0C0C0C0,,
2026-09-05T03:02:32.618321Z,2050.768,13.6V,,,77.206,147.53,256.61,34.61,98.6,0C,0.85,3.9843,3.9832,3.986,2.8,730FB317,767675757675757575757676767675757575757575757675,,,,,,,000007,00017C,000051,71,,,,,,,,,,,,,,,,,,,,,,,BFBFC0C0C0C0C0C0C0C0C0C0C0C0C0C0C0C0C0C0C0C0C0C0C0C0,,
2026-09-05T03:02:59.123494Z,2077.274,13.6V,,,77.206,147.53,256.61,34.61,98.6,0C,0.74,3.9843,3.9833,3.986,2.7,720FB317,767675757675757575757676767675757575757575757675,,,,,,,000007,00017C,000051,71,,,,,,,,,,,,,,,,,,,,,,,BFBFC0C0C0C0C0C0C0C0C0C0C0C0C0C0C0C0C0C0C0C0C0C0C0C0,,
2026-09-05T03:03:19.156617Z,2097.307,13.6V,,,77.206,147.53,256.61,34.61,98.6,0C,0.0,3.9843,3.9833,3.986,2.7,720FB317,767675757675757575757676767675757575757575757675,,,,,,,000007,00017C,000051,71,,,,,,,,,,,,,,,,,,,,,,,BFBFC0C0C0C0C0C0C0C0C0C0C0C0C0C0C0C0C0C0C0C0C0C0C0C0,,
2026-09-05T03:03:39.195700Z,2117.346,13.6V,,,77.206,147.54,256.61,34.61,98.6,0C,0.9,3.9844,3.9833,3.986,2.7,760FB317,767675757675757575757676767675757575757575757675,,,,,,,000007,00017C,000051,71,,,,,,,,,,,,,,,,,,,,,,,BFBFC0C0C0C0C0C0C0C0C0C0C0C0C0C0C0C0C0C0C0C0C0C0C0C0,,
2026-09-05T03:04:03.273399Z,2141.424,13.6V,,,77.206,147.54,256.61,34.61,98.6,0C,0.82,3.9844,3.9834,3.986,2.6,710FB317,767675757675757575757676767675757575757575757675,,,,,,,000007,00017C,000051,71,,,,,,,,,,,,,,,,,,,,,,,BFBFC0C0C0C0C0C0C0C0C0C0C0C0C0C0C0C0C0C0C0C0C0C0C0C0,,
2026-09-05T03:04:28.020390Z,2166.17,13.6V,,,77.206,147.55,256.61,34.61,100.4,0C,0.74,3.9844,3.9833,3.9861,2.8,760FB317,767675757675757575757676767675757575757575757675,,,,,,,000007,00017C,000051,71,,,,,,,,,,,,,,,,,,,,,,,BFBFC0C0C0C0C0C0C0C0C0C0C0C0C0C0C0C0C0C0C0C0C0C0C0C0,,
2026-09-05T03:04:48.284202Z,2186.434,13.6V,,,77.206,147.55,256.61,34.61,100.4,0C,0.8,3.9845,3.9834,3.9861,2.7,730FB317,767675757675757575757676767675757575757575757675,,,,,,,000007,00017C,000051,71,,,,,,,,,,,,,,,,,,,,,,,BFBFC0C0C0C0C0C0C0C0C0C0C0C0C0C0C0C0C0C0C0C0C0C0C0C0,,
2026-09-05T03:05:07.514747Z,2205.665,13.6V,,,77.206,147.55,256.61,34.61,100.4,0C,0.0,3.9844,3.9834,3.9861,2.7,730FB317,767675757675757575757676767675757575757575757675,,,,,,,000007,00017C,000051,71,,,,,,,,,,,,,,,,,,,,,,,BFBFC0C0C0C0C0C0C0C0C0C0C0C0C0C0C0C0C0C0C0C0C0C0C0C0,,
2026-09-05T03:05:38.370258Z,2236.52,13.6V,,,77.206,147.56,256.61,34.61,100.4,0C,0.72,3.9845,3.9834,3.9861,2.7,760FB317,767675757675757575757676767675757575757575757675,,,,,,,000007,00017C,000051,71,,,,,,,,,,,,,,,,,,,,,,,BFBFC0C0C0C0C0C0C0C0C0C0C0C0C0C0C0C0C0C0C0C0C0C0C0C0,,
2026-09-05T03:05:58.282058Z,2256.432,13.6V,,,77.206,147.56,256.61,34.61,100.4,0C,0.71,3.9845,3.9834,3.9862,2.8,730FB317,767675757675757575757676767675757575757575757675,,,,,,,000007,00017C,000051,71,,,,,,,,,,,,,,,,,,,,,,,BFBFC0C0C0C0C0C0C0C0C0C0C0C0C0C0C0C0C0C0C0C0C0C0C0C0,,
2026-09-05T03:06:18.176828Z,2276.327,13.6V,,,77.206,147.56,256.61,34.61,,0C,0.0,3.9845,3.9835,3.9862,2.7,730FB317,767675757675757575757676767675757575757575757675,,,,,,,000007,00017C,000051,71,,,,,,,,,,,,,,,,,,,,,,,BFBFC0C0C0C0C0C0C0C0C0C0C0C0C0C0C0C0C0C0C0C0C0C0C0C0,,
2026-09-05T03:06:39.900686Z,2298.051,13.6V,,,77.206,147.57,256.61,34.61,100.4,0C,0.86,3.9845,3.9835,3.9862,2.7,720FB317,767675757675757575757676767675757575757575757675,,,,,,,000007,00017C,000051,71,00A0,0000,0000,0000,00,0418,0000,01F4,026A,382.45,0.0,5806,0.0,12.8,0,0,0,0,0,0.0,0.0,0.0,BFBFC0C0C0C0C0C0C0C0C0C0C0C0C0C0C0C0C0C0C0C0C0C0C0C0,,
2026-09-05T03:07:01.921297Z,2320.071,13.5V,,,77.206,147.57,256.61,34.61,100.4,0C,0.82,3.9844,3.9834,3.9861,2.7,730FB317,767675757675757575757676767675757575757575757675,,,,,,,000007,00017C,000051,71,00A0,05DB,1391,1396,46,0418,0000,037A,0274,382.41,-1.15,5806,-0.44,12.7,0,0,0,0,0,-45.23,0.0,-0.00637,BFBFC0C0C0C0C0C0C0C0C0C0C0C0C0C0C0C0C0C0C0C0C0C0C0C0,,
2026-09-05T03:07:11.568393Z,2329.719,13.5V,,,77.206,147.57,256.61,34.61,100.4,0C,0.67,3.9844,3.9833,3.986,2.7,730FB317,767675757675757575757676767675757575757575757675,,,,,,,000007,00017C,000051,71,00A0,05D1,1396,1396,46,0418,0000,037A,0283,382.6,-1.15,5806,-0.44,12.7,0,0,0,0,0,-45.23,0.0,-0.00637,BFBFC0C0C0C0C0C0C0C0C0C0C0C0C0C0C0C0C0C0C0C0C0C0C0C0,,
2026-09-05T03:07:21.064163Z,2339.214,13.5V,,,77.206,147.57,256.61,34.61,100.4,0C,0.0,3.9844,3.9834,3.9861,2.7,730FB317,767675757675757575757676767675757575757575757675,,,,,,,000007,00017C,000051,71,00A0,05CC,1396,1396,46,0418,0000,037A,028F,382.72,-1.15,5806,-0.44,12.7,0,0,0,0,0,-45.23,0.0,-0.00637,BFBFC0C0C0C0C0C0C0C0C0C0C0C0C0C0C0C0C0C0C0C0C0C0C0C0,,
2026-09-05T03:07:30.431517Z,2348.582,13.6V,,,77.206,147.57,256.61,34.61,100.4,0C,0.0,3.9845,3.9834,3.9861,2.7,760FB317,767675757675757575757676767675757575757575757675,,,,,,,000007,00017C,000051,71,00A0,05CC,1396,139A,46,0418,0000,037A,029A,382.6,-1.75,5806,-0.67,12.8,0,0,0,0,0,-45.23,0.0,-0.00637,BFBFC0C0C0C0C0C0C0C0C0C0C0C0C0C0C0C0C0C0C0C0C0C0C0C0,,
2026-09-05T03:07:40.171792Z,2358.322,13.5V,,,77.206,147.57,256.61,34.61,100.4,0C,0.0,3.9845,3.9835,3.9861,2.6,720FB317,767675757675757575757676767675757575757575757675,,,,,,,000007,00017C,000051,71,00A0,05CC,1396,1396,46,0418,0000,037A,02A3,382.56,-1.45,5806,-0.55,12.8,0,0,0,0,0,-45.23,0.0,-0.00637,BFBFC0C0C0C0C0C0C0C0C0C0C0C0C0C0C0C0C0C0C0C0C0C0C0C0,,
2026-09-05T03:07:49.568337Z,2367.718,13.6V,,,77.206,147.57,256.61,34.61,100.4,0C,0.0,3.9845,3.9835,3.9862,2.7,720FB317,767675757675757575757676767675757575757575757675,,,,,,,000007,00017C,000051,71,00A0,05C7,1396,1396,00,0418,0000,037A,02B2,382.6,-1.45,5806,-0.55,12.8,0,0,0,0,0,-45.23,0.0,-0.00637,BFBFC0C0C0C0C0C0C0C0C0C0C0C0C0C0C0C0C0C0C0C0C0C0C0C0,,
2026-09-05T03:08:12.602969Z,2390.753,13.6V,,,77.206,147.58,256.61,34.61,100.4,0C,0.7,3.9845,3.9834,3.9861,2.7,730FB317,767675757675757575757676767675757575757575757675,,,,,,,000007,00017C,000051,71,00A0,05C7,1396,1396,46,0418,0000,037A,026F,382.56,-1.15,5806,-0.44,12.7,0,0,0,0,0,-45.19,0.0,-0.00637,BFBFC0C0C0C0C0C0C0C0C0C0C0C0C0C0C0C0C0C0C0C0C0C0C0C0,,
2026-09-05T03:08:23.766202Z,2401.916,13.5V,,,77.206,147.58,256.61,34.61,100.4,0C,0.67,3.9845,3.9834,3.986,2.6,730FB317,767675757675757575757676767675757575757575757675,,,,,,,000007,00017C,000051,71,00A0,05C7,1391,1396,46,0418,0000,037A,0276,382.56,-1.15,5806,-0.44,12.7,0,0,0,0,0,-45.19,0.0,-0.01274,BFBFC0C0C0C0C0C0C0C0C0C0C0C0C0C0C0C0C0C0C0C0C0C0C0C0,,
2026-09-05T03:08:34.013671Z,2412.164,13.5V,,,77.206,147.58,256.61,34.61,100.4,0C,0.67,3.9845,3.9834,3.9861,2.7,730FB317,767675757675757575757676767675757575757575757675,,,,,,,000007,00017C,000051,71,00A0,05C7,1391,1391,46,0418,0000,037A,0280,382.89,-1.15,5806,-0.44,12.8,0,0,0,0,0,-45.19,0.0,-0.00637,BFBFC0C0C0C0C0C0C0C0C0C0C0C0C0C0C0C0C0C0C0C0C0C0C0C0,,
2026-09-05T03:08:43.539921Z,2421.69,13.6V,,,77.206,147.58,256.61,34.61,100.4,0C,0.67,3.9845,3.9835,3.9862,2.7,730FB317,767675757675757575757676767675757575757575757675,,,,,,,000007,00017C,000051,71,00A0,05C2,1391,1391,46,0418,0000,037A,0289,383.05,-1.75,5806,-0.67,12.8,0,0,0,0,0,-45.19,0.0,-0.00637,BFBFC0C0C0C0C0C0C0C0C0C0C0C0C0C0C0C0C0C0C0C0C0C0C0C0,,
2026-09-05T03:08:52.918336Z,2431.068,13.6V,,,77.206,147.58,256.61,34.61,100.4,0C,0.0,3.9845,3.9835,3.9862,2.7,730FB317,767675757675757575757676767675757575757575757675,,,,,,,000007,00017C,000051,71,00A0,05C2,1396,1391,46,0418,0000,037A,0294,382.74,-1.75,5806,-0.67,12.8,0,0,0,0,0,-45.19,0.0,-0.00637,BFBFC0C0C0C0C0C0C0C0C0C0C0C0C0C0C0C0C0C0C0C0C0C0C0C0,,
2026-09-05T03:09:03.597693Z,2441.748,13.6V,,,77.206,147.58,256.61,34.61,100.4,0C,0.0,3.9846,3.9835,3.9862,2.7,730FB317,767675757675757575757676767675757575757575757675,,,,,,,000007,00017C,000051,71,00A0,05C2,1396,1396,00,0418,0000,037A,029D,382.56,-1.45,5806,-0.55,12.8,0,0,0,0,0,-45.19,0.0,-0.00637,BFBFC0C0C0C0C0C0C0C0C0C0C0C0C0C0C0C0C0C0C0C0C0C0C0C0,,
2026-09-05T03:09:13.392787Z,2451.543,13.6V,,,77.206,147.58,256.61,34.61,100.4,0C,0.0,3.9846,3.9835,3.9862,2.7,730FB317,767675757675757575757676767675757575757575757675,,,,,,,000007,00017C,000051,71,,,,,,,,,,,,,,,,,,,,,,,BFBFC0C0C0C0C0C0C0C0C0C0C0C0C0C0C0C0C0C0C0C0C0C0C0C0,,
2026-09-05T03:09:43.133435Z,2481.284,13.6V,,,77.206,147.59,256.61,34.61,100.4,0C,0.6,3.9847,3.9836,3.9863,2.7,730FB317,767675757675757575757676767675757575757575757675,,,,,,,000007,00017C,000051,71,,,,,,,,,,,,,,,,,,,,,,,BFBFC0C0C0C0C0C0C0C0C0C0C0C0C0C0C0C0C0C0C0C0C0C0C0C0,,
2026-09-05T03:10:02.964907Z,2501.115,13.6V,,,77.206,147.59,256.61,34.61,100.4,0C,0.61,3.9847,3.9836,3.9863,2.7,760FB317,767675757675757575757676767675757575757575757675,,,,,,,000007,00017C,000051,71,,,,,,,,,,,,,,,,,,,,,,,BFBFC0C0C0C0C0C0C0C0C0C0C0C0C0C0C0C0C0C0C0C0C0C0C0C0,,
2026-09-05T03:10:23.421764Z,2521.572,13.6V,,,77.206,147.59,256.61,34.61,100.4,0C,0.0,3.9847,3.9836,3.9863,2.7,730FB317,767675757675757575757676767675757575757575757675,,,,,,,000007,00017C,000051,71,,,,,,,,,,,,,,,,,,,,,,,BFBFC0C0C0C0C0C0C0C0C0C0C0C0C0C0C0C0C0C0C0C0C0C0C0C0,,
2026-09-05T03:10:45.301785Z,2543.452,13.6V,,,77.206,147.6,256.61,34.61,100.4,0C,0.85,3.9847,3.9837,3.9863,2.6,730FB317,767675757675757575757676767675757575757575757675,,,,,,,000007,00017C,000051,71,,,,,,,,,,,,,,,,,,,,,,,BFBFC0C0C0C0C0C0C0C0C0C0C0C0C0C0C0C0C0C0C0C0C0C0C0C0,,
2026-09-05T03:11:11.535240Z,2569.685,13.6V,,,77.206,147.6,256.61,34.61,100.4,0C,0.75,3.9848,3.9837,3.9864,2.7,730FB317,767675757675757575757676767675757575757575757675,,,,,,,000007,00017C,000051,71,,,,,,,,,,,,,,,,,,,,,,,BFBFC0C0C0C0C0C0C0C0C0C0C0C0C0C0C0C0C0C0C0C0C0C0C0C0,,
2026-09-05T03:11:32.314250Z,2590.464,13.6V,,,77.206,147.61,256.61,34.61,102.2,0C,0.77,3.9848,3.9837,3.9864,2.7,760FB317,767675757675757575757676767675757575757575757675,,,,,,,000007,00017C,000051,71,,,,,,,,,,,,,,,,,,,,,,,BFBFC0C0C0C0C0C0C0C0C0C0C0C0C0C0C0C0C0C0C0C0C0C0C0C0,,
2026-09-05T03:11:54.460222Z,2612.61,13.6V,,,77.206,147.61,256.61,34.61,102.2,0C,0.84,3.9848,3.9837,3.9864,2.7,760FB317,767675757675757575757676767675757575757575757675,,,,,,,000007,00017C,000051,71,,,,,,,,,,,,,,,,,,,,,,,BFBFC0C0C0C0C0C0C0C0C0C0C0C0C0C0C0C0C0C0C0C0C0C0C0C0,,
2026-09-05T03:12:22.695785Z,2640.846,13.6V,,,77.206,147.61,256.61,34.61,102.2,0C,0.0,3.9848,3.9838,3.9865,2.7,720FB317,767675757675757575757676767675757575757575757675,,,,,,,000007,00017C,000051,71,,,,,,,,,,,,,,,,,,,,,,,BFBFC0C0C0C0C0C0C0C0C0C0C0C0C0C0C0C0C0C0C0C0C0C0C0C0,,
2026-09-05T03:12:43.158653Z,2661.309,13.6V,,,77.206,147.62,256.61,34.61,102.2,0C,0.74,3.9849,3.9837,3.9866,2.9,760FB317,767675757675757575757676767675757575757575757675,,,,,,,000007,00017C,000051,71,,,,,,,,,,,,,,,,,,,,,,,BFBFC0C0C0C0C0C0C0C0C0C0C0C0C0C0C0C0C0C0C0C0C0C0C0C0,,
2026-09-05T03:13:02.959231Z,2681.109,13.6V,,,77.206,147.62,256.61,34.61,102.2,0C,0.89,3.9849,3.9838,3.9865,2.7,730FB317,767675757675757575757676767675757575757575757675,,,,,,,000007,00017C,000051,71,,,,,,,,,,,,,,,,,,,,,,,BFBFC0C0C0C0C0C0C0C0C0C0C0C0C0C0C0C0C0C0C0C0C0C0C0C0,,
2026-09-05T03:13:29.204219Z,2707.354,13.6V,,,77.206,147.63,256.61,34.61,102.2,0C,0.78,3.9849,3.9838,3.9866,2.8,760FB317,767675757675757575757676767675757575757575757675,,,,,,,000007,00017C,000051,71,,,,,,,,,,,,,,,,,,,,,,,BFBFC0C0C0C0C0C0C0C0C0C0C0C0C0C0C0C0C0C0C0C0C0C0C0C0,,
2026-09-05T03:13:50.970185Z,2729.12,13.6V,,,77.206,147.63,256.61,34.61,102.2,0C,0.75,3.9849,3.9838,3.9866,2.8,760FB317,767675757675757575757676767675757575757575757675,,,,,,,000007,00017C,000051,71,,,,,,,,,,,,,,,,,,,,,,,BFBFC0C0C0C0C0C0C0C0C0C0C0C0C0C0C0C0C0C0C0C0C0C0C0C0,,
2026-09-05T03:14:10.835053Z,2748.985,13.6V,,,77.206,147.63,256.61,34.61,102.2,0C,0.0,3.9849,3.9839,3.9866,2.7,720FB317,767675757675757575757676767675757575757575757675,,,,,,,000007,00017C,000051,71,,,,,,,,,,,,,,,,,,,,,,,BFBFC0C0C0C0C0C0C0C0C0C0C0C0C0C0C0C0C0C0C0C0C0C0C0C0,,
2026-09-05T03:14:32.902755Z,2771.053,13.6V,,,77.206,147.64,256.61,34.61,102.2,0C,0.86,3.9849,3.9839,3.9866,2.7,720FB317,767675757675757575757676767675757575757575757675,,,,,,,000007,00017C,000051,71,,,,,,,,,,,,,,,,,,,,,,,BFBFC0C0C0C0C0C0C0C0C0C0C0C0C0C0C0C0C0C0C0C0C0C0C0C0,,
2026-09-05T03:14:59.738284Z,2797.888,13.6V,,,77.206,147.64,256.61,34.61,102.2,0C,0.74,3.985,3.9839,3.9866,2.7,730FB317,767675757675757575757676767675757575757575757675,,,,,,,000007,00017C,000051,71,,,,,,,,,,,,,,,,,,,,,,,BFBFC0C0C0C0C0C0C0C0C0C0C0C0C0C0C0C0C0C0C0C0C0C0C0C0,,
2026-09-05T03:15:19.515331Z,2817.665,13.6V,,,77.206,147.64,256.61,34.61,102.2,0C,0.0,3.985,3.9839,3.9867,2.8,760FB317,767675757675757575757676767675757575757575757675,,,,,,,000007,00017C,000051,71,,,,,,,,,,,,,,,,,,,,,,,BFBFC0C0C0C0C0C0C0C0C0C0C0C0C0C0C0C0C0C0C0C0C0C0C0C0,,
2026-09-05T03:15:39.297688Z,2837.448,13.6V,,,77.206,147.65,256.61,34.61,102.2,0C,0.91,3.985,3.9839,3.9867,2.8,760FB317,767675757675757575757676767675757575757575757675,,,,,,,000007,00017C,000051,71,,,,,,,,,,,,,,,,,,,,,,,BFBFC0C0C0C0C0C0C0C0C0C0C0C0C0C0C0C0C0C0C0C0C0C0C0C0,,
2026-09-05T03:15:59.131038Z,2857.281,13.6V,,,77.206,147.65,256.61,34.61,102.2,0C,0.61,3.985,3.9839,3.9867,2.8,760FB317,767675757675757575757676767675757575757575757675,,,,,,,000007,00017C,000051,71,,,,,,,,,,,,,,,,,,,,,,,BFBFC0C0C0C0C0C0C0C0C0C0C0C0C0C0C0C0C0C0C0C0C0C0C0C0,,
2026-09-05T03:16:29.561365Z,2887.711,13.6V,,,77.206,147.65,256.61,34.61,102.2,0C,0.0,3.9851,3.984,3.9867,2.7,720FB317,767675757675757575757676767675757575757575757675,,,,,,,000007,00017C,000051,71,,,,,,,,,,,,,,,,,,,,,,,BFBFC0C0C0C0C0C0C0C0C0C0C0C0C0C0C0C0C0C0C0C0C0C0C0C0,,
2026-09-05T03:16:49.422145Z,2907.572,13.6V,,,77.206,147.66,256.61,34.61,102.2,0C,0.72,3.9851,3.984,3.9867,2.7,730FB317,767675757675757575757676767675757575757575757675,,,,,,,000007,00017C,000051,71,,,,,,,,,,,,,,,,,,,,,,,BFBFC0C0C0C0C0C0C0C0C0C0C0C0C0C0C0C0C0C0C0C0C0C0C0C0,,
2026-09-05T03:17:08.715908Z,2926.866,13.6V,,,77.206,147.66,256.61,34.61,102.2,0C,0.92,3.9851,3.984,3.9867,2.7,730FB317,767675757675757575757676767675757575757575757675,,,,,,,000007,00017C,000051,71,,,,,,,,,,,,,,,,,,,,,,,BFBFC0C0C0C0C0C0C0C0C0C0C0C0C0C0C0C0C0C0C0C0C0C0C0C0,,
2026-09-05T03:17:33.374132Z,2951.524,13.6V,,,77.206,147.66,256.61,34.61,100.4,0C,0.0,3.9851,3.984,3.9867,2.7,730FB317,767675757675757575757676767675757575757575757675,,,,,,,000007,00017C,000051,71,,,,,,,,,,,,,,,,,,,,,,,BFBFC0C0C0C0C0C0C0C0C0C0C0C0C0C0C0C0C0C0C0C0C0C0C0C0,,
2026-09-05T03:17:58.348480Z,2976.499,13.6V,,,77.206,147.67,256.61,34.61,100.4,0C,0.73,3.9851,3.9841,3.9868,2.7,720FB317,767675757675757575757676767675757575757575757675,,,,,,,000007,00017C,000051,71,,,,,,,,,,,,,,,,,,,,,,,BFBFC0C0C0C0C0C0C0C0C0C0C0C0C0C0C0C0C0C0C0C0C0C0C0C0,,
2026-09-05T03:18:18.172194Z,2996.322,13.6V,,,77.206,147.67,256.61,34.61,100.4,0C,0.8,3.9851,3.9841,3.9868,2.7,730FB317,767675757675757575757676767675757575757575757675,,,,,,,000007,00017C,000051,71,,,,,,,,,,,,,,,,,,,,,,,BFBFC0C0C0C0C0C0C0C0C0C0C0C0C0C0C0C0C0C0C0C0C0C0C0C0,,
2026-09-05T03:18:37.896265Z,3016.047,13.6V,,,77.206,147.68,256.61,34.61,100.4,0C,0.91,3.9851,3.9841,3.9868,2.7,730FB317,767675757675757575757676767675757575757575757675,,,,,,,000007,00017C,000051,71,,,,,,,,,,,,,,,,,,,,,,,BFBFC0C0C0C0C0C0C0C0C0C0C0C0C0C0C0C0C0C0C0C0C0C0C0C0,,
2026-09-05T03:19:04.674021Z,3042.824,13.6V,,,77.206,147.68,256.61,34.61,100.4,0C,0.77,3.9852,3.9841,3.9868,2.7,730FB317,767675757675757575757676767675757575757575757675,,,,,,,000007,00017C,000051,71,,,,,,,,,,,,,,,,,,,,,,,BFBFC0C0C0C0C0C0C0C0C0C0C0C0C0C0C0C0C0C0C0C0C0C0C0C0,,
2026-09-05T03:19:24.619055Z,3062.769,13.6V,,,77.206,147.68,256.61,34.61,100.4,0C,0.0,3.9852,3.9841,3.9869,2.8,780FB317,767675757675757575757676767675757575757575757675,,,,,,,000007,00017C,000051,71,,,,,,,,,,,,,,,,,,,,,,,BFBFC0C0C0C0C0C0C0C0C0C0C0C0C0C0C0C0C0C0C0C0C0C0C0C0,,
2026-09-05T03:19:44.218372Z,3082.368,13.6V,,,77.206,147.69,256.61,34.61,100.4,0C,0.91,3.9852,3.9842,3.9868,2.6,720FB317,767675757675757575757676767675757575757575757675,,,,,,,000007,00017C,000051,71,,,,,,,,,,,,,,,,,,,,,,,BFBFC0C0C0C0C0C0C0C0C0C0C0C0C0C0C0C0C0C0C0C0C0C0C0C0,,
2026-09-05T03:20:04.410611Z,3102.561,13.6V,,,77.206,147.69,256.61,34.61,100.4,0C,0.6,3.9852,3.9842,3.9869,2.7,730FB317,767675757675757575757676767675757575757575757675,,,,,,,000007,00017C,000051,71,,,,,,,,,,,,,,,,,,,,,,,BFBFC0C0C0C0C0C0C0C0C0C0C0C0C0C0C0C0C0C0C0C0C0C0C0C0,,
2026-09-05T03:20:26.990120Z,3125.14,13.6V,,,77.206,147.69,256.61,34.61,100.4,0C,0.0,3.9852,3.9842,3.9869,2.7,730FB317,767675757675757575757676767675757575757575757675,,,,,,,000007,00017C,000051,71,,,,,,,,,,,,,,,,,,,,,,,BFBFC0C0C0C0C0C0C0C0C0C0C0C0C0C0C0C0C0C0C0C0C0C0C0C0,,
2026-09-05T03:20:54.072408Z,3152.223,13.6V,,,77.206,147.7,256.61,34.61,100.4,0C,0.72,3.9853,3.9842,3.9869,2.7,760FB317,767675757675757575757676767675757575757575757675,,,,,,,000007,00017C,000051,71,,,,,,,,,,,,,,,,,,,,,,,BFBFC0C0C0C0C0C0C0C0C0C0C0C0C0C0C0C0C0C0C0C0C0C0C0C0,,
2026-09-05T03:21:14.780144Z,3172.93,13.6V,,,77.206,147.7,256.61,34.61,100.4,0C,0.75,3.9853,3.9842,3.987,2.8,780FB317,767675757675757575757676767675757575757575757675,,,,,,,000007,00017C,000051,71,,,,,,,,,,,,,,,,,,,,,,,BFBFC0C0C0C0C0C0C0C0C0C0C0C0C0C0C0C0C0C0C0C0C0C0C0C0,,
2026-09-05T03:21:34.779980Z,3192.93,13.6V,,,77.206,147.7,256.61,34.61,100.4,0C,0.0,3.9853,3.9842,3.9869,2.7,760FB317,767675757675757575757676767675757575757575757675,,,,,,,000007,00017C,000051,71,,,,,,,,,,,,,,,,,,,,,,,BFBFC0C0C0C0C0C0C0C0C0C0C0C0C0C0C0C0C0C0C0C0C0C0C0C0,,
2026-09-05T03:21:56.422856Z,3214.573,13.6V,,,77.206,147.71,256.61,34.61,100.4,0C,0.86,3.9853,3.9843,3.987,2.7,730FB317,767675757675757575757676767675757575757575757675,,,,,,,000007,00017C,000051,71,,,,,,,,,,,,,,,,,,,,,,,BFBFC0C0C0C0C0C0C0C0C0C0C0C0C0C0C0C0C0C0C0C0C0C0C0C0,,
2026-09-05T03:22:25.540996Z,3243.691,13.6V,,,77.206,147.71,256.61,34.61,100.4,0C,0.71,3.9854,3.9843,3.9871,2.8,730FB317,767675757675757575757676767675757575757575757675,,,,,,,000007,00017C,000051,71,,,,,,,,,,,,,,,,,,,,,,,BFBFC0C0C0C0C0C0C0C0C0C0C0C0C0C0C0C0C0C0C0C0C0C0C0C0,,
2026-09-05T03:22:45.482857Z,3263.633,13.6V,,,77.206,147.72,256.61,34.61,100.4,0C,0.73,3.9854,3.9843,3.987,2.7,710FB317,767675757675757575757676767675757575757575757675,,,,,,,000007,00017C,000051,71,,,,,,,,,,,,,,,,,,,,,,,BFBFC0C0C0C0C0C0C0C0C0C0C0C0C0C0C0C0C0C0C0C0C0C0C0C0,,
2026-09-05T03:23:06.362820Z,3284.513,13.6V,,,77.206,147.72,256.61,34.61,100.4,0C,0.88,3.9854,3.9843,3.987,2.7,730FB317,767675757675757575757676767675757575757575757675,,,,,,,000007,00017C,000051,71,,,,,,,,,,,,,,,,,,,,,,,BFBFC0C0C0C0C0C0C0C0C0C0C0C0C0C0C0C0C0C0C0C0C0C0C0C0,,
2026-09-05T03:23:36.339374Z,3314.489,13.6V,,,,,256.61,34.61,100.4,0C,,3.9854,3.9844,3.987,2.6,730FB317,767675757675757575757676767675757575757575757675,,,,,,,000007,00017C,000051,71,,,,,,,,,,,,,,,,,,,,,,,BFBFC0C0C0C0C0C0C0C0C0C0C0C0C0C0C0C0C0C0C0C0C0C0C0C0,,
2026-09-05T03:23:57.068982Z,3335.219,13.6V,,,77.206,147.73,256.61,34.61,100.4,0C,0.71,3.9855,3.9844,3.9871,2.7,730FB317,767675757675757575757676767675757575757575757675,,,,,,,000007,00017C,000051,71,,,,,,,,,,,,,,,,,,,,,,,BFBFC0C0C0C0C0C0C0C0C0C0C0C0C0C0C0C0C0C0C0C0C0C0C0C0,,
2026-09-05T03:24:17.711182Z,3355.861,13.6V,,,77.206,147.73,256.61,34.61,100.4,0C,0.0,3.9855,3.9844,3.9871,2.7,730FB317,767675757675757575757676767675757575757575757675,,,,,,,000007,00017C,000051,71,,,,,,,,,,,,,,,,,,,,,,,BFBFC0C0C0C0C0C0C0C0C0C0C0C0C0C0C0C0C0C0C0C0C0C0C0C0,,
2026-09-05T03:24:37.731538Z,3375.882,13.6V,,,77.206,147.73,256.61,34.61,100.4,0C,0.0,3.9855,3.9844,3.9871,2.7,730FB317,767675757675757575757676767675757575757575757675,,,,,,,000007,00017C,000051,71,,,,,,,,,,,,,,,,,,,,,,,BFBFC0C0C0C0C0C0C0C0C0C0C0C0C0C0C0C0C0C0C0C0C0C0C0C0,,
2026-09-05T03:25:07.166635Z,3405.317,13.6V,,,77.206,147.74,256.61,34.61,100.4,0C,0.73,3.9855,3.9844,3.9872,2.8,780FB317,767675757675757575757676767675757575757575757675,,,,,,,000007,00017C,000051,71,,,,,,,,,,,,,,,,,,,,,,,BFBFC0C0C0C0C0C0C0C0C0C0C0C0C0C0C0C0C0C0C0C0C0C0C0C0,,
2026-09-05T03:25:27.308456Z,3425.459,13.6V,,,77.206,147.74,256.61,34.61,100.4,0C,0.73,3.9855,3.9844,3.9872,2.8,780FB317,767675757675757575757676767675757575757575757675,,,,,,,000007,00017C,000051,71,,,,,,,,,,,,,,,,,,,,,,,BFBFC0C0C0C0C0C0C0C0C0C0C0C0C0C0C0C0C0C0C0C0C0C0C0C0,,
2026-09-05T03:25:47.194252Z,3445.344,13.6V,,,77.206,147.75,256.61,34.61,100.4,0C,0.9,3.9855,3.9845,3.9871,2.6,730FB317,767675757675757575757676767675757575757575757675,,,,,,,000007,00017C,000051,71,,,,,,,,,,,,,,,,,,,,,,,BFBFC0C0C0C0C0C0C0C0C0C0C0C0C0C0C0C0C0C0C0C0C0C0C0C0,,
2026-09-05T03:26:07.038230Z,3465.189,13.6V,,,77.206,147.75,256.61,34.61,100.4,0C,0.6,3.9856,3.9845,3.9872,2.7,730FB317,767675757675757575757676767675757575757575757675,,,,,,,000007,00017C,000051,71,,,,,,,,,,,,,,,,,,,,,,,BFBFC0C0C0C0C0C0C0C0C0C0C0C0C0C0C0C0C0C0C0C0C0C0C0C0,,
2026-09-05T03:26:31.976389Z,3490.126,13.6V,,,77.206,147.75,256.61,34.61,100.4,0C,0.0,3.9856,3.9845,3.9872,2.7,760FB317,767675757675757575757676767675757575757575757675,,,,,,,000007,00017C,000051,71,,,,,,,,,,,,,,,,,,,,,,,BFBFC0C0C0C0C0C0C0C0C0C0C0C0C0C0C0C0C0C0C0C0C0C0C0C0,,
2026-09-05T03:26:59.607189Z,3517.757,13.6V,,,77.206,147.76,256.61,34.61,100.4,0C,0.68,3.9856,3.9846,3.9873,2.7,730FB317,767675757675757575757676767675757575757575757675,,,,,,,000007,00017C,000051,71,,,,,,,,,,,,,,,,,,,,,,,BFBFC0C0C0C0C0C0C0C0C0C0C0C0C0C0C0C0C0C0C0C0C0C0C1C0,,
2026-09-05T03:27:27.965688Z,3546.116,13.6V,,,77.206,147.76,256.61,34.61,100.4,0C,0.64,3.9856,3.9845,3.9873,2.8,760FB317,767675757675757575757676767675757575757575757675,,,,,,,000007,00017C,000051,71,,,,,,,,,,,,,,,,,,,,,,,BFBFC0C0C0C0C0C0C0C0C0C0C0C0C0C0C0C0C0C0C0C0C0C0C1C0,,
2026-09-05T03:27:55.969031Z,3574.119,13.6V,,,77.206,147.77,256.61,34.61,100.4,0C,0.64,3.9857,3.9846,3.9873,2.7,730FB317,767675757675757575757676767675757575757575757675,,,,,,,000007,00017C,000051,71,,,,,,,,,,,,,,,,,,,,,,,BFBFC0C0C0C0C0C0C0C0C0C0C0C0C0C0C0C0C0C0C0C0C0C0C1C0,,
2026-09-05T03:28:26.242212Z,3604.392,13.6V,,,77.206,147.77,256.61,34.61,102.2,0C,0.62,3.9857,3.9846,3.9873,2.7,730FB317,767675757675757575757676767675757575757575757675,,,,,,,000007,00017C,000051,71,,,,,,,,,,,,,,,,,,,,,,,BFBFC0C0C0C0C0C0C0C0C0C0C0C0C0C0C0C0C0C0C0C0C0C0C1C0,,
2026-09-05T03:28:56.505095Z,3634.655,13.6V,,,77.206,147.78,256.61,34.61,102.2,0C,1.19,3.9857,3.9846,3.9874,2.8,760FB317,767675757675757575757676767675757575757575757675,,,,,,,000007,00017C,000051,71,,,,,,,,,,,,,,,,,,,,,,,BFBFC0C0C0C0C0C0C0C0C0C0C0C0C0C0C0C0C0C0C0C0C0C0C1C0,,
2026-09-05T03:29:27.339462Z,3665.49,13.6V,,,77.206,147.78,256.61,34.61,102.2,0C,0.0,3.9857,3.9847,3.9874,2.7,730FB317,767675757675757575757676767675757575757575757675,,,,,,,000007,00017C,000051,71,,,,,,,,,,,,,,,,,,,,,,,BFBFC0C0C0C0C0C0C0C0C0C0C0C0C0C0C0C0C0C0C0C0C0C0C1C0,,
2026-09-05T03:29:56.191059Z,3694.341,13.6V,,,77.206,147.79,256.61,34.61,102.2,0C,0.6,3.9858,3.9847,3.9874,2.7,730FB317,767675757675757575757676767675757575757575757675,,,,,,,000007,00017C,000051,71,,,,,,,,,,,,,,,,,,,,,,,BFBFC0C0C0C0C0C0C0C0C0C0C0C0C0C0C0C0C0C0C0C0C0C0C1C0,,
2026-09-05T03:30:25.900852Z,3724.051,13.6V,,,77.206,147.79,256.61,34.61,102.2,0C,0.61,3.9858,3.9847,3.9875,2.8,760FB317,767675757675757575757676767675757575757575757675,,,,,,,000007,00017C,000051,71,,,,,,,,,,,,,,,,,,,,,,,BFBFC0C0C0C0C0C0C0C0C0C0C0C0C0C0C0C0C0C0C0C0C0C0C1C0,,
2026-09-05T03:30:47.664062Z,3745.814,13.6V,,,77.206,147.79,256.61,34.61,102.2,0C,0.0,3.9858,3.9848,3.9874,2.6,720FB317,767675757675757575757676767675757575757575757675,,,,,,,000007,00017C,000051,71,,,,,,,,,,,,,,,,,,,,,,,BFBFC0C0C0C0C0C0C0C0C0C0C0C0C0C0C0C0C0C0C0C0C0C0C1C0,,
2026-09-05T03:31:15.196685Z,3773.347,13.6V,,,77.206,147.8,256.61,34.61,102.2,0C,0.73,3.9858,3.9848,3.9875,2.7,730FB317,767675757675757575757676767675757575757575757675,,,,,,,000007,00017C,000051,71,,,,,,,,,,,,,,,,,,,,,,,BFBFC0C0C0C0C0C0C0C0C0C0C0C0C0C0C0C0C0C0C0C0C0C0C1C0,,
2026-09-05T03:31:45.508584Z,3803.659,13.6V,,,77.206,147.8,256.61,34.61,102.2,0C,0.62,3.9859,3.9848,3.9875,2.7,730FB317,767675757675757575757676767675757575757575757675,,,,,,,000007,00017C,000051,71,,,,,,,,,,,,,,,,,,,,,,,BFBFC0C0C0C0C0C0C0C0C0C0C0C0C0C0C0C0C0C0C0C0C0C0C1C0,,
2026-09-05T03:32:16.251957Z,3834.402,13.6V,,,77.206,147.81,256.61,34.61,102.2,0C,1.17,3.9859,3.9848,3.9876,2.8,760FB317,767675757675757575757676767675757575757575757675,,,,,,,000007,00017C,000051,71,,,,,,,,,,,,,,,,,,,,,,,BFBFC0C0C0C0C0C0C0C0C0C0C0C0C0C0C0C0C0C0C0C0C0C0C1C0,,
2026-09-05T03:32:42.202326Z,3860.352,13.6V,,,77.206,147.81,256.61,34.61,102.2,0C,0.63,3.9859,3.9848,3.9876,2.8,760FB317,767675757675757575757676767675757575757575757675,,,,,,,000007,00017C,000051,71,,,,,,,,,,,,,,,,,,,,,,,BFBFC0C0C0C0C0C0C0C0C0C0C0C0C0C0C0C0C0C0C0C0C0C0C1C0,,
2026-09-05T03:33:02.652107Z,3880.802,13.6V,,,77.206,147.82,256.61,34.61,102.2,0C,0.78,3.986,3.9849,3.9876,2.7,720FB317,767675757675757575757676767675757575757575757675,,,,,,,000007,00017C,000051,71,,,,,,,,,,,,,,,,,,,,,,,BFBFC0C0C0C0C0C0C0C0C0C0C0C0C0C0C0C0C0C0C0C0C0C0C1C0,,
2026-09-05T03:33:29.330265Z,3907.48,13.6V,,,77.206,147.82,256.61,34.61,102.2,0C,0.76,3.986,3.9849,3.9876,2.7,730FB317,767675757675757575757676767675757575757575757675,,,,,,,000007,00017C,000051,71,,,,,,,,,,,,,,,,,,,,,,,BFBFC0C0C0C0C0C0C0C0C0C0C0C0C0C0C0C0C0C0C0C0C0C0C1C0,,
2026-09-05T03:33:49.171874Z,3927.322,13.6V,,,77.206,147.82,256.61,34.61,102.2,0C,0.0,3.986,3.9849,3.9876,2.7,760FB317,767675757675757575757676767675757575757575757675,,,,,,,000007,00017C,000051,71,,,,,,,,,,,,,,,,,,,,,,,BFBFC0C0C0C0C0C0C0C0C0C0C0C0C0C0C0C0C0C0C0C0C0C0C1C0,,
2026-09-05T03:34:08.988724Z,3947.139,13.6V,,,,147.83,256.61,34.61,102.2,0C,0.91,3.986,3.9849,3.9877,2.8,780FB317,767675757675757575757676767675757575757575757675,,,,,,,000007,00017C,000051,71,,,,,,,,,,,,,,,,,,,,,,,BFBFC0C0C0C0C0C0C0C0C0C0C0C0C0C0C0C0C0C0C0C0C0C0C1C0,,
2026-09-05T03:34:39.765521Z,3977.916,13.6V,,,77.206,147.83,256.61,34.61,102.2,0C,0.71,3.986,3.985,3.9877,2.7,730FB317,767675757675757575757676767675757575757575757675,,,,,,,000007,00017C,000051,71,,,,,,,,,,,,,,,,,,,,,,,BFBFC0C0C0C0C0C0C0C0C0C0C0C0C0C0C0C0C0C0C0C0C0C0C1C0,,
2026-09-05T03:34:59.659686Z,3997.81,13.6V,,,77.206,147.84,256.61,34.61,102.2,0C,0.71,3.9861,3.985,3.9878,2.8,760FB317,767675757675757575757676767675757575757575757675,,,,,,,000007,00017C,000051,71,,,,,,,,,,,,,,,,,,,,,,,BFBFC0C0C0C0C0C0C0C0C0C0C0C0C0C0C0C0C0C0C0C0C0C0C1C0,,
2026-09-05T03:35:19.630723Z,4017.781,13.6V,,,77.206,147.84,256.61,34.61,102.2,0C,0.9,3.9861,3.985,3.9877,2.7,730FB317,767675757675757575757676767675757575757575757675,,,,,,,000007,00017C,000051,71,,,,,,,,,,,,,,,,,,,,,,,BFBFC0C0C0C0C0C0C0C0C0C0C0C0C0C0C0C0C0C0C0C0C0C0C1C0,,
2026-09-05T03:35:39.962320Z,4038.112,13.6V,,,77.206,147.84,256.61,34.61,102.2,0C,0.0,3.9861,3.9851,3.9878,2.7,720FB317,767675757675757575757676767675757575757575757675,,,,,,,000007,00017C,000051,71,,,,,,,,,,,,,,,,,,,,,,,BFBFC0C0C0C0C0C0C0C0C0C0C0C0C0C0C0C0C0C0C0C0C0C0C1C0,,
2026-09-05T03:36:09.412759Z,4067.563,13.6V,,,77.206,147.85,256.61,34.61,102.2,0C,0.72,3.9861,3.985,3.9878,2.8,780FB317,767675757675757575757676767675757575757575757675,,,,,,,000007,00017C,000051,71,,,,,,,,,,,,,,,,,,,,,,,BFBFC0C0C0C0C0C0C0C0C0C0C0C0C0C0C0C0C0C0C0C0C0C0C1C0,,
2026-09-05T03:36:29.960958Z,4088.111,13.6V,,,77.206,147.85,256.61,34.61,102.2,0C,0.72,3.9862,3.9851,3.9878,2.7,730FB317,767675757675757575757676767675757575757575757675,,,,,,,000007,00017C,000051,71,,,,,,,,,,,,,,,,,,,,,,,BFBFC0C0C0C0C0C0C0C0C0C0C0C0C0C0C0C0C0C0C0C0C0C0C1C0,,
2026-09-05T03:36:49.317413Z,4107.467,13.6V,,,77.206,147.85,256.61,34.61,102.2,0C,0.0,3.9862,3.9851,3.9878,2.7,730FB317,767675757675757575757676767675757575757575757675,,,,,,,000007,00017C,000051,71,,,,,,,,,,,,,,,,,,,,,,,BFBFC0C0C0C0C0C0C0C0C0C0C0C0C0C0C0C0C0C0C0C0C0C0C1C0,,
2026-09-05T03:37:10.112115Z,4128.262,13.6V,,,77.206,147.86,256.61,34.61,102.2,0C,0.9,3.9862,3.9851,3.9878,2.7,730FB317,767675757675757575757676767675757575757575757675,,,,,,,000007,00017C,000051,71,,,,,,,,,,,,,,,,,,,,,,,BFBFC0C0C0C0C0C0C0C0C0C0C0C0C0C0C0C0C0C0C0C0C0C0C1C0,,
2026-09-05T03:37:41.848279Z,4159.998,13.6V,,,77.206,147.86,256.61,34.61,102.2,0C,0.69,3.9862,3.9851,3.9878,2.7,780FB317,767675757675757575757676767675757575757575757675,,,,,,,000007,00017C,000051,71,,,,,,,,,,,,,,,,,,,,,,,BFBFC0C0C0C0C0C0C0C0C0C0C0C0C0C0C0C0C0C0C0C0C0C0C1C0,,
2026-09-05T03:38:11.914062Z,4190.064,13.6V,,,77.206,147.87,256.61,34.61,102.2,0C,1.2,3.9862,3.9852,3.9879,2.7,730FB317,767675757675757575757676767675757575757575757675,,,,,,,000007,00017C,000051,71,,,,,,,,,,,,,,,,,,,,,,,BFBFC0C0C0C0C0C0C0C0C0C0C0C0C0C0C0C0C0C0C0C0C0C0C1C0,,
2026-09-05T03:38:41.349258Z,4219.499,13.6V,,,77.206,147.87,256.61,34.61,102.2,0C,0.61,3.9863,3.9851,3.9879,2.8,780FB317,767675757675757575757676767675757575757575757675,,,,,,,000007,00017C,000051,71,,,,,,,,,,,,,,,,,,,,,,,BFBFC0C0C0C0C0C0C0C0C0C0C0C0C0C0C0C0C0C0C0C0C0C0C1C0,,
2026-09-05T03:39:11.195272Z,4249.345,13.6V,,,77.206,147.88,256.61,34.61,102.2,0C,0.61,3.9863,3.9852,3.9879,2.7,730FB317,767675757675757575757676767675757575757575757675,,,,,,,000007,00017C,000051,71,,,,,,,,,,,,,,,,,,,,,,,BFBFC0C0C0C0C0C0C0C0C0C0C0C0C0C0C0C0C0C0C0C0C0C0C1C0,,
2026-09-05T03:39:33.028189Z,4271.178,13.6V,,,77.206,147.88,256.61,34.61,102.2,0C,0.7,3.9863,3.9852,3.988,2.8,760FB317,767675757675757575757676767675757575757575757675,,,,,,,000007,00017C,000051,71,,,,,,,,,,,,,,,,,,,,,,,BFC0C0C0C0C0C0C0C0C0C0C0C0C0C0C0C0C0C0C0C0C0C0C0C1C0,,
2026-09-05T03:39:59.737526Z,4297.888,13.6V,,,77.206,147.88,256.61,34.61,102.2,0C,0.0,3.9863,3.9853,3.988,2.7,730FB317,767675757675757575757676767675757575757575757675,,,,,,,000007,00017C,000051,71,,,,,,,,,,,,,,,,,,,,,,,BFC0C0C0C0C0C0C0C0C0C0C0C0C0C0C0C0C0C0C0C0C0C0C0C1C0,,
2026-09-05T03:40:19.724276Z,4317.874,13.6V,,,77.206,147.89,256.61,34.61,102.2,0C,0.77,3.9863,3.9853,3.988,2.7,720FB317,767675757675757575757676767675757575757575757675,,,,,,,000007,00017C,000051,71,,,,,,,,,,,,,,,,,,,,,,,BFC0C0C0C0C0C0C0C0C0C0C0C0C0C0C0C0C0C0C0C0C0C0C0C1C0,,
2026-09-05T03:40:41.296634Z,4339.447,13.6V,,,77.206,147.89,256.61,34.61,102.2,0C,0.87,3.9864,3.9853,3.988,2.7,730FB317,,,,,,,,000007,00017C,000051,71,,,,,,,,,,,,,,,,,,,,,,,BFC0C0C0C0C0C0C0C0C0C0C0C0C0C0C0C0C0C0C0C0C0C0C0C1C0,,
2026-09-05T03:41:09.409855Z,4367.56,13.6V,,,77.206,147.9,256.61,34.61,102.2,0C,0.72,3.9864,3.9853,3.9881,2.8,760FB317,767675757675757575757676767675757575757575757675,,,,,,,000007,00017C,000051,71,,,,,,,,,,,,,,,,,,,,,,,BFC0C0C0C0C0C0C0C0C0C0C0C0C0C0C0C0C0C0C0C0C0C0C0C1C0,,
2026-09-05T03:41:29.872586Z,4388.023,13.6V,,,77.206,147.9,256.61,34.61,102.2,0D,0.74,3.9864,3.9853,3.9881,2.8,730FB317,767675757675757575757676767675757575757575757675,,,,,,,000007,00017C,000051,71,,,,,,,,,,,,,,,,,,,,,,,BFC0C0C0C0C0C0C0C0C0C0C0C0C0C0C0C0C0C0C0C0C0C0C0C1C0,,
2026-09-05T03:41:50.208432Z,4408.358,13.6V,,,77.206,147.9,256.61,34.61,102.2,0C,0.0,3.9864,3.9854,3.9881,2.7,730FB317,767675757675757575757676767675757575757575757675,,,,,,,000007,00017C,000051,71,,,,,,,,,,,,,,,,,,,,,,,BFC0C0C0C0C0C0C0C0C0C0C0C0C0C0C0C0C0C0C0C0C0C0C0C1C0,,
2026-09-05T03:42:13.203466Z,4431.354,13.6V,,,77.206,147.91,256.61,34.61,102.2,0D,0.83,3.9865,3.9854,3.9881,2.7,730FB317,767675757675757575757676767675757575757575757675,,,,,,,000007,00017C,000051,71,,,,,,,,,,,,,,,,,,,,,,,BFC0C0C0C0C0C0C0C0C0C0C0C0C0C0C0C0C0C0C0C0C0C0C0C1C0,,
2026-09-05T03:42:38.789727Z,4456.94,13.6V,,,77.206,147.91,256.61,34.61,102.2,0C,0.74,3.9865,3.9854,3.9881,2.7,760FB317,767675757675757575757676767675757575757575757675,,,,,,,000007,00017C,000051,71,,,,,,,,,,,,,,,,,,,,,,,BFC0C0C0C0C0C0C0C0C0C0C0C0C0C0C0C0C0C0C0C0C0C0C0C1C0,,
2026-09-05T03:42:59.672731Z,4477.823,13.6V,,,77.206,147.91,256.61,34.61,102.2,0D,0.0,3.9865,3.9854,3.9882,2.8,730FB317,767675757675757575757676767675757575757575757675,,,,,,,000007,00017C,000051,71,,,,,,,,,,,,,,,,,,,,,,,BFC0C0C0C0C0C0C0C0C0C0C0C0C0C0C0C0C0C0C0C0C0C0C0C1C0,,
2026-09-05T03:43:19.675733Z,4497.826,13.6V,,,77.206,147.92,256.61,34.61,102.2,0D,0.88,3.9865,3.9854,3.9882,2.8,760FB317,767675757675757575757676767675757575757575757675,,,,,,,000007,00017C,000051,71,,,,,,,,,,,,,,,,,,,,,,,BFC0C0C0C0C0C0C0C0C0C0C0C0C0C0C0C0C0C0C0C0C0C0C0C1C0,,
2026-09-05T03:43:43.118705Z,4521.269,13.6V,,,77.206,147.92,256.61,34.61,102.2,0D,0.83,3.9865,3.9854,3.9882,2.8,730FB317,767675757675757575757676767675757575757575757675,,,,,,,000007,00017C,000051,71,,,,,,,,,,,,,,,,,,,,,,,BFC0C0C0C0C0C0C0C0C0C0C0C0C0C0C0C0C0C0C0C0C0C0C0C1C0,,
2026-09-05T03:44:08.648544Z,4546.799,13.6V,,,77.206,147.93,256.61,34.61,102.2,0D,0.74,3.9865,3.9855,3.9882,2.7,710FB717,767675757675757575757676767675757575757575757675,,,,,,,000007,00017C,000051,71,,,,,,,,,,,,,,,,,,,,,,,BFC0C0C0C0C0C0C0C0C0C0C0C0C0C0C0C0C0C0C0C0C0C0C0C1C0,,
2026-09-05T03:44:28.507550Z,4566.658,13.6V,,,77.206,147.93,256.61,34.61,102.2,0D,0.79,3.9866,3.9855,3.9883,2.8,760FB317,767675757675757575757676767675757575757575757675,,,,,,,000007,00017C,000051,71,,,,,,,,,,,,,,,,,,,,,,,BFC0C0C0C0C0C0C0C0C0C0C0C0C0C0C0C0C0C0C0C0C0C0C0C1C0,,
2026-09-05T03:44:47.683234Z,4585.833,13.6V,,,77.206,147.93,256.61,34.61,102.2,0D,0.0,3.9866,3.9855,3.9882,2.7,720FB317,767675757675757575757676767675757575757575757675,,,,,,,000007,00017C,000051,71,00A0,0000,0000,0000,00,0418,0000,01F4,026B,,,,,,,,,,,,,,BFC0C0C0C0C0C0C0C0C0C0C0C0C0C0C0C0C0C0C0C0C0C0C0C1C0,,
2026-09-05T03:45:07.729168Z,4605.879,13.6V,,,77.206,147.94,256.61,34.61,102.2,0D,0.61,3.9866,3.9856,3.9882,2.6,730FB317,767675757675757575757676767675757575757575757675,,,,,,,000007,00017C,000051,71,,,,,,,,,,,,,,,,,,,,,,,BFC0C0C0C0C0C0C0C0C0C0C0C0C0C0C0C0C0C0C0C0C0C0C0C1C0,,
2026-09-05T03:45:34.366641Z,4632.517,13.6V,,,77.206,147.94,256.61,34.61,102.2,0D,0.77,3.9866,3.9856,3.9883,2.7,730FB317,767675757675757575757676767675757575757575757675,,,,,,,000007,00017C,000051,71,,,,,,,,,,,,,,,,,,,,,,,BFC0C0C0C0C0C0C0C0C0C0C0C0C0C0C0C0C0C0C0C0C0C0C0C1C0,,
2026-09-05T03:45:54.225782Z,4652.376,13.6V,,,77.206,147.94,256.61,34.61,102.2,0D,0.0,3.9866,3.9856,3.9882,2.6,730FB317,767675757675757575757676767675757575757575757675,,,,,,,000007,00017C,000051,71,,,,,,,,,,,,,,,,,,,,,,,BFC0C0C0C0C0C0C0C0C0C0C0C0C0C0C0C0C0C0C0C0C0C0C0C1C0,,
2026-09-05T03:46:14.254162Z,4672.404,13.6V,,,77.206,147.95,256.61,34.61,102.2,0D,0.9,3.9867,3.9856,3.9883,2.7,730FB317,767675757675757575757676767675757575757575757675,,,,,,,000007,00017C,000051,71,,,,,,,,,,,,,,,,,,,,,,,BFC0C0C0C0C0C0C0C0C0C0C0C0C0C0C0C0C0C0C0C0C0C0C0C1C0,,
2026-09-05T03:46:43.987963Z,4702.138,13.6V,,,77.206,147.95,256.61,34.61,100.4,0D,0.72,3.9867,3.9856,3.9884,2.8,780FB317,767675757675757575757676767675757575757575757675,,,,,,,000007,00017C,000051,71,,,,,,,,,,,,,,,,,,,,,,,BFC0C0C0C0C0C0C0C0C0C0C0C0C0C0C0C0C0C0C0C0C0C0C0C1C0,,
2026-09-05T03:47:03.804705Z,4721.955,13.6V,,,77.206,147.95,256.61,34.61,100.4,0D,0.0,3.9867,3.9856,3.9884,2.8,760FB317,767675757675757575757676767675757575757575757675,,,,,,,000007,00017C,000051,71,,,,,,,,,,,,,,,,,,,,,,,BFC0C0C0C0C0C0C0C0C0C0C0C0C0C0C0C0C0C0C0C0C0C0C0C1C0,,
2026-09-05T03:47:23.057441Z,4741.208,13.6V,,,77.206,147.96,256.61,34.61,100.4,0D,0.92,3.9867,3.9857,3.9884,2.7,730FB317,767675757675757575757676767675757575757575757675,,,,,,,000007,00017C,000051,71,,,,,,,,,,,,,,,,,,,,,,,BFC0C0C0C0C0C0C0C0C0C0C0C0C0C0C1C0C0C0C0C0C0C0C0C1C0,,
2026-09-05T03:47:45.977649Z,4764.128,13.6V,,,77.206,147.96,256.61,34.61,100.4,0D,0.85,3.9867,3.9856,3.9884,2.8,760FB317,767675757675757575757676767675757575757575757675,,,,,,,000007,00017C,000051,71,,,,,,,,,,,,,,,,,,,,,,,BFC0C0C0C0C0C0C0C0C0C0C0C0C0C0C1C0C0C0C0C0C0C0C0C1C0,,
2026-09-05T03:48:12.544324Z,4790.694,13.6V,,,77.206,147.97,256.61,34.61,100.4,0D,0.73,3.9867,3.9856,3.9884,2.8,760FB317,767675757675757575757676767675757575757575757675,,,,,,,000007,00017C,000051,71,,,,,,,,,,,,,,,,,,,,,,,BFC0C0C0C0C0C0C0C1C0C0C0C0C0C0C1C0C0C0C0C0C0C0C0C1C0,,
2026-09-05T03:48:32.426310Z,4810.576,13.6V,,,77.206,147.97,256.61,34.61,100.4,0D,0.78,3.9868,3.9857,3.9884,2.7,730FB317,767675757675757575757676767675757575757575757675,,,,,,,000007,00017C,000051,71,,,,,,,,,,,,,,,,,,,,,,,BFC0C0C0C0C0C0C0C1C0C0C0C0C0C0C1C0C0C0C0C0C0C0C0C1C0,,
2026-09-05T03:48:51.698678Z,4829.849,13.6V,,,77.206,147.97,256.61,34.61,100.4,0D,0.0,3.9868,3.9857,3.9884,2.7,760FB317,767675757675757575757676767675757575757575757675,,,,,,,000007,00017C,000051,71,,,,,,,,,,,,,,,,,,,,,,,BFC0C0C0C0C0C0C0C1C0C0C0C0C0C0C1C0C0C0C0C0C0C0C0C1C0,,
2026-09-05T03:49:16.230824Z,4854.381,13.6V,,,77.206,147.98,256.61,34.61,100.4,0D,0.82,3.9868,3.9857,3.9885,2.8,780FB317,767675757675757575757676767675757575757575757675,,,,,,,000007,00017C,000051,71,,,,,,,,,,,,,,,,,,,,,,,BFC0C0C0C0C0C0C0C1C0C0C0C0C0C0C1C0C0C0C0C1C0C0C0C1C0,,
2026-09-05T03:49:41.297522Z,4879.448,13.6V,,,77.206,147.98,256.61,34.61,100.4,0D,0.73,3.9868,3.9858,3.9884,2.6,730FB317,767675757675757575757676767675757575757575757675,,,,,,,000007,00017C,000051,71,,,,,,,,,,,,,,,,,,,,,,,BFC0C0C0C0C0C0C0C1C0C0C0C0C0C0C1C0C0C0C0C1C0C0C0C1C0,,
2026-09-05T03:50:01.021317Z,4899.171,13.6V,,,77.206,147.98,256.61,34.61,100.4,0D,0.0,3.9868,3.9858,3.9885,2.7,730FB317,767675757675757575757676767675757575757575757675,,,,,,,000007,00017C,000051,71,,,,,,,,,,,,,,,,,,,,,,,BFC0C0C0C0C0C0C0C1C0C0C0C0C0C0C1C0C0C0C0C1C0C0C0C1C0,,
2026-09-05T03:50:20.862086Z,4919.012,13.6V,,,77.206,147.99,256.61,34.61,100.4,0D,0.91,3.9869,3.9858,3.9885,2.7,760FB317,767675757675757575757676767675757575757575757675,,,,,,,000007,00017C,000051,71,,,,,,,,,,,,,,,,,,,,,,,BFC0C0C0C0C0C0C0C1C0C0C0C0C0C0C1C0C0C0C0C1C0C0C0C1C0,,
2026-09-05T03:50:45.582289Z,4943.732,13.6V,,,77.206,147.99,256.61,34.61,100.4,0D,0.81,3.9869,3.9858,3.9885,2.7,760FB317,767675757675757575757676767675757575757575757675,,,,,,,000007,00017C,000051,71,,,,,,,,,,,,,,,,,,,,,,,BFC0C0C0C0C0C0C0C1C0C0C0C0C0C0C1C0C0C0C0C1C0C0C0C1C0,,
2026-09-05T03:51:10.846461Z,4968.996,13.6V,,,77.206,147.99,256.61,34.61,100.4,0D,0.0,3.9869,3.9858,3.9886,2.8,730FB317,767675757675757575757676767675757575757575757675,,,,,,,000007,00017C,000051,71,,,,,,,,,,,,,,,,,,,,,,,BFC0C0C0C0C0C0C0C1C0C0C0C0C0C0C1C0C0C0C0C1C0C0C0C1C0,,
2026-09-05T03:51:30.558738Z,4988.709,13.6V,,,77.206,148.0,256.61,34.61,100.4,0D,0.8,3.9869,3.9858,3.9885,2.7,780FB317,767675757675757575757676767675757575757575757675,,,,,,,000007,00017C,000051,71,,,,,,,,,,,,,,,,,,,,,,,BFC0C0C0C0C0C0C0C1C0C0C0C0C0C0C1C0C0C0C0C1C0C0C0C1C0,,
2026-09-05T03:51:50.363879Z,5008.514,13.6V,,,77.206,148.0,256.61,34.61,100.4,0D,0.91,3.9869,3.9859,3.9886,2.7,730FB717,767675757675757575757676767675757575757575757675,,,,,,,000007,00017C,000051,71,,,,,,,,,,,,,,,,,,,,,,,BFC0C0C0C0C0C0C0C1C0C0C0C0C0C0C1C0C0C0C0C1C0C0C0C1C0,,
2026-09-05T03:52:12.547581Z,5030.698,13.6V,,,77.206,148.0,256.61,34.61,100.4,0D,0.0,3.9869,3.9859,3.9885,2.6,730FB317,767675757675757575757676767675757575757575757675,,,,,,,000007,00017C,000051,71,,,,,,,,,,,,,,,,,,,,,,,BFC0C0C0C0C0C0C0C1C0C0C0C1C0C1C1C0C0C0C0C1C0C0C0C1C0,,
2026-09-05T03:52:38.533948Z,5056.684,13.6V,,,77.206,148.01,256.61,34.61,98.6,0D,0.75,3.987,3.9859,3.9886,2.7,730FB317,767675757675757575757676767675757575757575757675,,,,,,,000007,00017C,000051,71,,,,,,,,,,,,,,,,,,,,,,,BFC0C0C0C0C0C0C0C1C0C0C0C1C0C1C1C0C0C0C0C1C0C0C0C1C0,,
2026-09-05T03:52:58.375272Z,5076.525,13.6V,,,77.206,148.01,256.61,34.61,98.6,0D,0.79,3.987,3.9859,3.9887,2.8,760FB317,767675757675757575757676767675757575757575757675,,,,,,,000007,00017C,000051,71,,,,,,,,,,,,,,,,,,,,,,,BFC0C0C0C0C0C0C0C1C0C0C0C1C0C1C1C0C0C0C0C1C0C0C1C1C0,,
2026-09-05T03:53:18.143800Z,5096.294,13.6V,,,77.206,148.01,256.61,34.61,100.4,0D,0.0,3.987,3.986,3.9887,2.7,710FB317,767675757675757575757676767675757575757575757675,,,,,,,000007,00017C,000051,71,,,,,,,,,,,,,,,,,,,,,,,BFC0C0C0C0C0C0C0C1C0C0C0C1C0C1C1C0C0C0C0C1C0C0C1C1C0,,
2026-09-05T03:53:46.625414Z,5124.775,13.6V,,,77.206,148.02,256.61,34.61,100.4,0D,0.75,3.987,3.986,3.9887,2.7,730FB317,767675757675757575757676767675757575757575757675,,,,,,,000007,00017C,000051,71,,,,,,,,,,,,,,,,,,,,,,,BFC0C0C0C0C0C0C0C1C1C0C0C1C0C1C1C0C0C0C0C1C0C0C1C1C0,,
2026-09-05T03:54:05.911092Z,5144.061,13.6V,,,77.206,148.02,256.61,34.61,98.6,0D,0.75,3.9871,3.986,3.9887,2.7,730FB317,767675757675757575757676767675757575757575757675,,,,,,,000007,00017C,000051,71,,,,,,,,,,,,,,,,,,,,,,,BFC0C0C0C0C0C0C0C1C1C0C0C1C0C1C1C0C0C0C0C1C0C0C1C1C0,,
2026-09-05T03:54:25.711464Z,5163.862,13.6V,,,77.206,148.03,256.61,34.61,98.6,0D,0.92,3.9871,3.986,3.9887,2.7,780FB317,767675757675757575757676767675757575757575757675,,,,,,,000007,00017C,000051,71,,,,,,,,,,,,,,,,,,,,,,,BFC0C0C0C0C0C0C0C1C1C0C0C1C0C1C1C0C0C0C0C1C0C0C1C1C0,,
2026-09-05T03:54:46.492675Z,5184.643,13.6V,,,77.206,148.03,256.61,34.61,98.6,0D,0.6,3.9871,3.986,3.9888,2.8,760FB317,767675757675757575757676767675757575757575757675,,,,,,,000007,00017C,000051,71,,,,,,,,,,,,,,,,,,,,,,,BFC0C0C0C0C0C0C0C1C1C0C0C1C0C1C1C0C0C0C0C1C0C0C1C1C0,,
2026-09-05T03:55:14.615038Z,5212.765,13.6V,,,77.206,148.03,256.61,34.61,100.4,0D,0.0,3.9871,3.986,3.9888,2.8,760FB317,767675757675757575757676767675757575757575757675,,,,,,,000007,00017C,000051,71,,,,,,,,,,,,,,,,,,,,,,,BFC0C0C0C0C0C0C0C1C1C0C0C1C0C1C1C0C0C0C0C1C0C0C1C1C0,,
2026-09-05T03:55:34.454662Z,5232.605,13.6V,,,77.206,148.04,256.61,34.61,100.4,0D,0.75,3.9872,3.9861,3.9889,2.8,720FB317,767675757675757575757676767675757575757575757675,,,,,,,000007,00017C,000051,71,,,,,,,,,,,,,,,,,,,,,,,BFC0C0C0C0C0C0C0C1C1C0C0C1C0C1C1C0C0C0C0C1C0C0C1C1C0,,
2026-09-05T03:55:54.645243Z,5252.795,13.6V,,,77.206,148.04,256.61,34.61,100.4,0D,0.9,3.9872,3.986,3.9888,2.8,760FB317,767675757675757575757676767675757575757575757675,,,,,,,000007,00017C,000051,71,,,,,,,,,,,,,,,,,,,,,,,BFC0C1C0C0C0C1C0C1C1C0C0C1C0C1C1C0C0C0C0C1C0C0C1C1C0,,
2026-09-05T03:56:14.778371Z,5272.928,13.6V,,,77.206,148.04,256.61,34.61,100.4,0D,0.0,3.9872,3.9861,3.9888,2.7,760FB317,767675757675757575757676767675757575757575757675,,,,,,,000007,00017C,000051,71,,,,,,,,,,,,,,,,,,,,,,,C0C0C1C0C0C0C1C0C1C1C0C0C1C0C1C1C0C0C0C0C1C0C0C1C1C0,,
2026-09-05T03:56:45.126037Z,5303.276,13.6V,,,77.206,148.05,256.61,34.61,100.4,0D,0.71,3.9872,3.9862,3.9889,2.7,720FB317,767675757675757575757676767675757575757575757675,,,,,,,000007,00017C,000051,71,,,,,,,,,,,,,,,,,,,,,,,C0C0C1C1C0C0C1C0C1C1C0C0C1C1C1C1C0C0C0C0C1C0C0C1C1C0,,
2026-09-05T03:57:05.210657Z,5323.361,13.6V,,,77.206,148.05,256.61,34.61,100.4,0D,0.71,3.9872,3.9861,3.9889,2.8,760FB317,767675757675757575757676767675757575757575757675,,,,,,,000007,00017C,000051,71,,,,,,,,,,,,,,,,,,,,,,,C0C0C1C1C0C0C1C0C1C1C0C0C1C1C1C1C0C0C0C0C1C0C0C1C1C0,,
2026-09-05T03:57:26.667010Z,5344.817,13.6V,,,77.206,148.06,256.61,34.61,100.4,0D,0.87,3.9873,3.9862,3.989,2.8,730FB317,767675757675757575757676767675757575757575757675,,,,,,,000007,00017C,000051,71,,,,,,,,,,,,,,,,,,,,,,,C0C0C1C1C0C0C1C0C1C1C0C0C1C1C1C1C0C0C0C0C1C0C0C1C1C0,,
2026-09-05T03:57:47.904437Z,5366.055,13.6V,,,77.206,148.06,256.61,34.61,,0D,0.84,3.9873,3.9862,3.989,2.8,730FB317,767675757675757575757676767675757575757575757675,,,,,,,000007,00017C,000051,71,,,,,,,,,,,,,,,,,,,,,,,C0C0C1C1C0C0C1C0C1C1C0C0C1C1C1C1C0C0C0C0C1C0C0C1C1C0,,
2026-09-05T03:58:18.669509Z,5396.82,13.6V,,,77.206,148.06,256.61,34.61,100.4,0D,0.0,3.9873,3.9862,3.989,2.8,730FB317,767675757675757575757676767675757575757575757675,,,,,,,000007,00017C,000051,71,,,,,,,,,,,,,,,,,,,,,,,C0C0C1C1C0C0C1C0C1C1C0C1C1C1C1C1C0C0C0C0C1C0C0C1C1C0,,
2026-09-05T03:58:39.180985Z,5417.331,13.6V,,,77.206,148.07,256.61,34.61,100.4,0D,0.7,3.9873,3.9862,3.989,2.8,760FB317,767675757675757575757676767675757575757575757675,,,,,,,000007,00017C,000051,71,,,,,,,,,,,,,,,,,,,,,,,C0C0C1C1C1C0C1C0C1C1C0C1C1C1C1C1C0C0C0C1C1C0C0C1C1C0,,
2026-09-05T03:58:59.080114Z,5437.23,13.6V,,,77.206,148.07,256.61,34.61,100.4,0D,0.89,3.9873,3.9863,3.989,2.7,730FB317,767675757675757575757676767675757575757575757675,,,,,,,000007,00017C,000051,71,,,,,,,,,,,,,,,,,,,,,,,C0C0C1C1C1C1C1C0C1C1C0C1C1C1C1C1C0C0C0C1C1C0C0C1C1C0,,
2026-09-05T03:59:23.733416Z,5461.884,13.6V,,,77.206,148.07,256.61,34.61,100.4,0D,0.0,3.9874,3.9863,3.989,2.7,730FB717,767675757675757575757676767675757575757575757675,,,,,,,000007,00017C,000051,71,00A0,0000,0000,0000,00,0418,0000,01F4,026C,,,,,,,,,,,,,,C0C0C1C1C1C1C1C0C1C1C0C1C1C1C1C1C0C1C0C1C1C0C0C1C1C0,,
2026-09-05T03:59:42.519839Z,5480.67,13.6V,,,77.206,148.08,256.61,34.61,100.4,0D,0.83,3.9874,3.9863,3.9891,2.8,760FB317,767675757675757575757676767675757575757575757675,,,,,,,000007,00017C,000051,71,00A0,0000,0000,0000,00,0418,0000,01F4,026A,,,,,,,,,,,,,,C0C0C1C1C1C1C1C0C1C1C0C1C1C1C1C1C0C1C0C1C1C0C0C1C1C0,,
2026-09-05T03:59:58.063632Z,5496.214,13.6V,,,77.206,148.08,256.61,34.61,100.4,0D,0.61,3.9874,3.9863,3.9891,2.8,760FB317,767675757675757575757676767675757575757575757675,,,,,,,000007,00017C,000051,71,,,,,,,,,,,,,,,,,,,,,,,C0C0C1C1C1C1C1C0C1C1C0C1C1C1C1C1C0C1C0C1C1C0C0C1C1C0,,
2026-09-05T04:00:17.984817Z,5516.135,13.6V,,,77.206,148.08,256.61,34.61,102.2,0D,0.66,3.9874,3.9863,3.989,2.7,760FB317,767675757675757575757676767675757575757575757675,,,,,,,000007,00017C,000051,71,,,,,,,,,,,,,,,,,,,,,,,C0C0C1C1C1C1C1C0C1C1C0C1C1C1C1C1C0C1C1C1C1C0C0C1C1C0,,
2026-09-05T04:00:37.864980Z,5536.015,13.6V,,,77.206,148.09,256.61,34.61,102.2,0D,0.65,3.9874,3.9864,3.9891,2.7,730FB317,767675757675757575757676767675757575757575757675,,,,,,,000007,00017C,000051,71,,,,,,,,,,,,,,,,,,,,,,,C0C0C1C1C1C1C1C0C1C1C0C1C1C1C1C1C0C1C1C1C1C0C0C1C1C0,,
2026-09-05T04:01:08.599191Z,5566.749,13.6V,,,77.206,148.09,256.61,34.61,102.2,0D,0.71,3.9875,3.9864,3.9891,2.7,760FB317,767675757675757575757676767675757575757575757675,,,,,,,000007,00017C,000051,71,,,,,,,,,,,,,,,,,,,,,,,C0C0C1C1C1C1C1C0C1C1C0C1C1C1C1C1C0C1C1C1C1C0C0C1C1C0,,
2026-09-05T04:01:28.513792Z,5586.664,13.6V,,,77.206,148.09,256.61,34.61,102.2,0D,0.0,3.9875,3.9864,3.9891,2.7,730FB317,767675757675757575757676767675757575757575757675,,,,,,,000007,00017C,000051,71,,,,,,,,,,,,,,,,,,,,,,,C0C0C1C1C1C1C1C0C1C1C0C1C1C1C1C1C0C1C1C1C1C0C0C1C1C0,,
2026-09-05T04:01:48.419883Z,5606.57,13.6V,,,,,257.23,34.61,102.2,0D,,3.9875,3.9864,3.9892,2.8,730FB317,767675757675757575757676767675757575757575757675,,,,,,,000007,00017C,000051,71,,,,,,,,,,,,,,,,,,,,,,,C0C0C1C1C1C1C1C0C1C1C0C1C1C1C1C1C0C1C1C1C1C0C0C1C1C1,,
2026-09-05T04:02:14.755396Z,5632.905,13.6V,,,77.206,148.1,257.23,34.61,102.2,0D,0.78,3.9875,3.9865,3.9892,2.7,730FB317,767675757675757575757676767675757575757575757675,,,,,,,000007,00017C,000051,71,,,,,,,,,,,,,,,,,,,,,,,C0C0C1C1C1C1C1C0C1C1C0C1C1C1C1C1C0C1C1C1C1C0C0C1C1C1,,
2026-09-05T04:02:35.722758Z,5653.873,13.6V,,,77.206,148.11,257.23,34.61,102.2,0D,1.72,3.9875,3.9865,3.9892,2.7,730FB317,767675757675757575757676767675757575757575757675,,,,,,,000007,00017C,000051,71,,,,,,,,,,,,,,,,,,,,,,,C0C0C1C1C1C1C1C0C1C1C0C1C1C1C1C1C0C1C1C1C1C0C0C1C1C1,,
2026-09-05T04:02:55.579224Z,5673.729,13.6V,,,77.206,148.11,257.23,34.61,102.2,0D,0.88,3.9876,3.9865,3.9892,2.7,730FB317,767675757675757575757676767675757575757575757675,,,,,,,000007,00017C,000051,71,,,,,,,,,,,,,,,,,,,,,,,C0C0C1C1C1C1C1C0C1C1C0C1C1C1C1C1C0C1C1C1C1C0C0C1C1C1,,
2026-09-05T04:03:14.823904Z,5692.974,13.6V,,,77.206,148.11,257.23,34.61,102.2,0D,0.0,3.9876,3.9865,3.9892,2.7,730FB317,767675757675757575757676767675757575757575757675,,,,,,,000007,00017C,000051,71,,,,,,,,,,,,,,,,,,,,,,,C0C0C1C1C1C1C1C0C1C1C0C1C1C1C1C1C0C1C1C1C1C0C0C1C1C1,,
2026-09-05T04:03:37.694711Z,5715.845,13.6V,,,77.206,148.12,257.23,34.61,102.2,0D,0.85,3.9876,3.9865,3.9893,2.8,780FB317,767675757675757575757676767675757575757575757675,,,,,,,000007,00017C,000051,71,,,,,,,,,,,,,,,,,,,,,,,C0C0C1C1C1C1C1C0C1C1C0C1C1C1C1C1C0C1C1C1C1C0C0C1C1C1,,
2026-09-05T04:04:03.619054Z,5741.769,13.6V,,,77.206,148.12,257.23,34.61,102.2,0D,0.74,3.9876,3.9865,3.9893,2.8,760FB317,767675757675757575757676767675757575757575757675,,,,,,,000007,00017C,000051,71,,,,,,,,,,,,,,,,,,,,,,,C0C0C1C1C1C1C1C0C1C1C0C1C1C1C1C1C0C1C1C1C1C0C0C1C1C1,,
2026-09-05T04:04:24.053501Z,5762.204,13.6V,,,77.206,148.12,257.23,34.61,102.2,0D,0.0,3.9877,3.9866,3.9893,2.7,730FB317,767675757675757575757676767675757575757575757675,,,,,,,000007,00017C,000051,71,,,,,,,,,,,,,,,,,,,,,,,C0C0C1C1C1C1C1C0C1C1C0C1C1C1C1C1C0C1C1C1C1C0C0C1C1C1,,
2026-09-05T04:04:43.276034Z,5781.426,13.6V,,,77.206,148.13,257.23,34.61,102.2,0D,0.91,3.9877,3.9866,3.9893,2.7,730FB317,767675757675757575757676767675757575757575757675,,,,,,,000007,00017C,000051,71,,,,,,,,,,,,,,,,,,,,,,,C0C0C1C1C1C1C1C0C1C1C0C1C1C1C1C1C0C1C1C1C1C0C0C1C1C1,,
2026-09-05T04:05:04.472783Z,5802.623,13.6V,,,77.206,148.13,257.23,34.61,102.2,0D,0.89,3.9877,3.9866,3.9893,2.7,760FB317,767675757675757575757676767675757575757575757675,,,,,,,000007,00017C,000051,71,,,,,,,,,,,,,,,,,,,,,,,C0C0C1C1C1C1C1C0C1C1C0C1C1C1C1C1C0C1C1C1C1C0C0C1C1C1,,
2026-09-05T04:05:33.589952Z,5831.74,13.6V,,,77.206,148.14,257.23,34.61,102.2,0D,0.72,3.9877,3.9866,3.9894,2.8,760FB317,767675757675757575757676767675757575757575757675,,,,,,,000007,00017C,000051,71,,,,,,,,,,,,,,,,,,,,,,,C0C0C1C1C1C1C1C0C1C1C1C1C1C1C1C1C0C1C1C1C1C0C0C1C1C1,,
2026-09-05T04:05:52.815109Z,5850.965,13.6V,,,77.206,148.14,257.23,34.61,102.2,0D,0.74,3.9877,3.9866,3.9894,2.8,780FB317,767675757675757575757676767675757575757575757675,,,,,,,000007,00017C,000051,71,,,,,,,,,,,,,,,,,,,,,,,C0C0C1C1C1C1C1C0C1C1C1C1C1C1C1C1C0C1C1C1C1C0C0C1C1C1,,
2026-09-05T04:06:13.034088Z,5871.184,13.6V,,,77.206,148.14,257.23,34.61,102.2,0D,0.0,3.9878,3.9867,3.9895,2.8,730FB317,767675757675757575757676767675757575757575757675,,,,,,,000007,00017C,000051,71,,,,,,,,,,,,,,,,,,,,,,,C0C0C1C1C1C1C1C0C1C1C1C1C1C1C1C1C0C1C1C1C1C0C0C1C1C1,,
2026-09-05T04:06:33.667386Z,5891.817,13.6V,,,77.206,148.15,257.23,34.61,102.2,0D,0.88,3.9878,3.9867,3.9894,2.7,730FB317,767675757675757575757676767675757575757575757675,,,,,,,000007,00017C,000051,71,,,,,,,,,,,,,,,,,,,,,,,C0C0C1C1C1C1C1C0C1C1C1C1C1C1C1C1C0C1C1C1C1C0C1C1C1C1,,
2026-09-05T04:07:02.792739Z,5920.943,13.6V,,,77.206,148.15,257.23,34.61,102.2,0D,0.72,3.9878,3.9867,3.9894,2.7,730FB317,767675757675757575757676767675757575757575757675,,,,,,,000007,00017C,000051,71,,,,,,,,,,,,,,,,,,,,,,,C0C0C1C1C1C1C1C0C1C1C1C1C1C1C1C1C0C1C1C1C1C0C1C1C1C1,,
2026-09-05T04:07:21.940505Z,5940.091,13.6V,,,77.206,148.15,257.23,34.61,102.2,0D,0.0,3.9878,3.9867,3.9894,2.7,760FB317,767675757675757575757676767675757575757575757675,,,,,,,000007,00017C,000051,71,,,,,,,,,,,,,,,,,,,,,,,C0C0C1C1C1C1C1C1C1C1C1C1C1C1C1C1C0C1C1C1C1C1C1C1C1C1,,
2026-09-05T04:07:41.767652Z,5959.918,13.7V,,,77.206,148.16,257.23,34.61,102.2,0D,0.92,3.9878,3.9868,3.9895,2.7,720FB317,767675757675757575757676767675757575757575757675,,,,,,,000007,00017C,000051,71,,,,,,,,,,,,,,,,,,,,,,,C0C0C1C1C1C1C1C1C1C1C1C1C1C1C1C1C0C1C1C1C1C1C1C1C1C1,,
2026-09-05T04:08:01.945186Z,5980.095,13.6V,,,77.206,148.16,257.23,34.61,102.2,0D,0.61,3.9878,3.9868,3.9895,2.7,730FB317,767675757675757575757676767675757575757575757675,,,,,,,000007,00017C,000051,71,,,,,,,,,,,,,,,,,,,,,,,C0C0C1C1C1C1C1C1C1C1C1C1C1C1C1C1C0C1C1C1C1C1C1C1C1C1,,
2026-09-05T04:08:31.045766Z,6009.196,13.6V,,,77.206,148.16,257.23,34.61,102.2,0D,0.0,3.9878,3.9868,3.9895,2.7,730FB317,767675757675757575757676767675757575757575757675,,,,,,,000007,00017C,000051,71,,,,,,,,,,,,,,,,,,,,,,,C0C0C1C1C1C1C1C1C1C1C1C1C1C1C1C1C0C1C1C1C1C1C1C1C1C1,,
2026-09-05T04:08:51.024543Z,6029.175,13.6V,,,77.206,148.17,257.23,34.61,102.2,0D,0.73,3.9879,3.9868,3.9895,2.7,710FB317,767675757675757575757676767675757575757575757675,,,,,,,000007,00017C,000051,71,,,,,,,,,,,,,,,,,,,,,,,C0C0C1C1C1C1C1C1C1C1C1C1C1C1C1C1C0C1C1C1C1C1C1C1C1C1,,
2026-09-05T04:09:10.904056Z,6049.054,13.6V,,,77.206,148.17,257.23,34.61,102.2,0D,0.9,3.9879,3.9869,3.9896,2.7,710FB317,767675757675757575757676767675757575757575757675,,,,,,,000007,00017C,000051,71,,,,,,,,,,,,,,,,,,,,,,,C0C0C1C1C1C1C1C1C1C1C1C1C1C1C1C1C0C1C1C1C1C1C1C1C1C1,,
2026-09-05T04:09:34.838922Z,6072.989,13.6V,,,77.206,148.17,257.23,34.61,102.2,0D,0.0,3.9879,3.9869,3.9896,2.7,730FB317,767675757675757575757676767675757575757575757675,,,,,,,000007,00017C,000051,71,,,,,,,,,,,,,,,,,,,,,,,C0C0C1C1C1C1C1C1C1C1C1C1C1C1C1C1C0C1C1C1C1C1C1C1C1C1,,
2026-09-05T04:10:00.316775Z,6098.467,13.6V,,,77.206,148.18,257.23,34.61,102.2,0D,0.73,3.9879,3.9869,3.9896,2.7,730FB317,767675757675757575757676767675757575757575757675,,,,,,,000007,00017C,000051,71,,,,,,,,,,,,,,,,,,,,,,,C0C0C1C1C1C1C1C1C1C1C1C1C1C1C1C1C0C1C1C1C1C1C1C1C1C1,,
2026-09-05T04:10:20.164421Z,6118.314,13.6V,,,77.206,148.18,257.23,34.61,102.2,0D,0.79,3.9879,3.9869,3.9896,2.7,730FB317,767675757675757575757676767675757575757575757675,,,,,,,000007,00017C,000051,71,,,,,,,,,,,,,,,,,,,,,,,C0C0C1C1C1C1C1C1C1C1C1C1C1C1C1C1C0C1C1C1C1C1C1C1C1C1,,
2026-09-05T04:10:40.676229Z,6138.826,13.6V,,,77.206,148.19,257.23,34.61,102.2,0D,0.89,3.988,3.9869,3.9896,2.7,730FB317,767675757675757575757676767675757575757575757675,,,,,,,000007,00017C,000051,71,,,,,,,,,,,,,,,,,,,,,,,C0C0C1C1C1C1C1C1C1C1C1C1C1C1C1C1C0C1C1C1C1C1C1C1C1C1,,
2026-09-05T04:11:10.248827Z,6168.399,13.6V,,,77.206,148.19,257.23,34.61,102.2,0D,0.72,3.988,3.987,3.9896,2.6,710FB317,767675757675757575757676767675757575757575757675,,,,,,,000007,00017C,000051,71,,,,,,,,,,,,,,,,,,,,,,,C0C0C1C1C1C1C1C1C1C1C1C1C1C1C1C1C0C1C1C1C1C1C1C1C1C1,,
2026-09-05T04:11:30.153390Z,6188.303,13.6V,,,77.206,148.19,257.23,34.61,102.2,0D,0.0,3.988,3.9869,3.9897,2.8,780FB317,767675757675757575757676767675757575757575757675,,,,,,,000007,00017C,000051,71,,,,,,,,,,,,,,,,,,,,,,,C0C0C1C1C1C1C1C1C1C1C1C1C1C1C1C1C0C1C1C1C1C1C1C1C1C1,,
2026-09-05T04:11:50.018923Z,6208.169,13.6V,,,77.206,148.2,257.23,34.61,102.2,0D,0.91,3.988,3.987,3.9896,2.6,730FB317,767675757675757575757676767675757575757575757675,,,,,,,000007,00017C,000051,71,,,,,,,,,,,,,,,,,,,,,,,C0C0C1C1C1C1C1C1C1C1C1C1C1C1C1C1C0C1C1C1C1C1C1C1C1C1,,
2026-09-05T04:12:12.549316Z,6230.699,13.6V,,,77.206,148.2,257.23,34.61,102.2,0D,0.85,3.9881,3.9869,3.9897,2.8,760FB317,767675757675757575757676767675757575757575757675,,,,,,,000007,00017C,000051,71,,,,,,,,,,,,,,,,,,,,,,,C0C0C1C1C1C1C1C1C1C1C1C1C1C1C1C1C0C1C1C1C1C1C1C1C1C1,,
2026-09-05T04:12:37.995743Z,6256.146,13.6V,,,77.206,148.2,257.23,34.61,102.2,0D,0.0,3.9881,3.987,3.9897,2.7,730FB317,767675757675757575757676767675757575757575757675,,,,,,,000007,00017C,000051,71,,,,,,,,,,,,,,,,,,,,,,,C0C0C1C1C1C1C1C1C1C1C1C1C1C1C1C1C0C1C1C1C1C1C1C1C1C1,,
2026-09-05T04:12:57.837690Z,6275.988,13.6V,,,77.206,148.21,257.23,34.61,102.2,0D,0.79,3.9881,3.987,3.9898,2.8,760FB317,767675757675757575757676767675757575757575757675,,,,,,,000007,00017C,000051,71,,,,,,,,,,,,,,,,,,,,,,,C0C0C1C1C1C1C1C1C1C1C1C1C1C1C1C1C0C1C1C1C1C1C1C1C1C1,,
2026-09-05T04:13:18.876820Z,6297.027,13.6V,,,77.206,148.21,257.23,34.61,102.2,0D,0.88,3.9881,3.987,3.9898,2.8,760FB317,767675757675757575757676767675757575757575757675,,,,,,,000007,00017C,000051,71,,,,,,,,,,,,,,,,,,,,,,,C0C0C1C1C1C1C1C1C1C1C1C1C1C1C1C1C0C1C1C1C1C1C1C1C1C1,,
2026-09-05T04:13:40.102689Z,6318.253,13.6V,,,,148.21,257.23,34.61,102.2,0D,0.0,3.9881,3.9871,3.9898,2.7,710FB717,767675757675757575757676767675757575757575757675,,,,,,,000007,00017C,000051,71,,,,,,,,,,,,,,,,,,,,,,,C0C0C1C1C1C1C1C1C1C1C1C1C1C1C1C1C0C1C1C1C1C1C1C1C1C1,,
2026-09-05T04:14:09.295404Z,6347.445,13.6V,,,77.206,148.22,257.23,34.61,102.2,0D,0.71,3.9881,3.987,3.9898,2.8,780FB317,767675757675757575757676767675757575757575757675,,,,,,,000007,00017C,000051,71,,,,,,,,,,,,,,,,,,,,,,,C0C0C1C1C1C1C1C1C1C1C1C1C1C1C1C1C0C1C1C1C1C1C1C1C1C1,,
2026-09-05T04:14:29.316703Z,6367.467,13.6V,,,77.206,148.22,257.23,34.61,102.2,0D,0.73,3.9882,3.9871,3.9898,2.7,730FB317,767675757675757575757676767675757575757575757675,,,,,,,000007,00017C,000051,71,,,,,,,,,,,,,,,,,,,,,,,C0C0C1C1C1C1C1C1C1C1C1C1C1C1C1C1C0C1C1C1C1C1C1C1C1C1,,
2026-09-05T04:14:49.229237Z,6387.379,13.6V,,,77.206,148.23,257.23,34.61,102.2,0D,0.9,3.9882,3.9871,3.9898,2.7,760FB317,767675757675757575757676767675757575757575757675,,,,,,,000007,00017C,000051,71,,,,,,,,,,,,,,,,,,,,,,,C0C0C1C1C1C1C1C1C1C1C1C1C1C1C1C1C0C1C1C1C1C1C1C1C1C1,,
2026-09-05T04:15:19.214853Z,6417.365,13.6V,,,77.206,148.23,257.23,34.61,102.2,0D,0.72,3.9882,3.9872,3.9899,2.7,730FB317,767675757675757575757676767675757575757575757675,,,,,,,000007,00017C,000051,71,,,,,,,,,,,,,,,,,,,,,,,C0C0C1C1C1C1C1C1C1C1C1C1C1C1C1C1C1C1C1C1C1C1C1C1C1C1,,
2026-09-05T04:15:39.037805Z,6437.188,13.6V,,,77.206,148.23,257.23,34.61,102.2,0D,0.0,3.9882,3.9872,3.9899,2.7,730FB717,767675757675757575757676767675757575757575757675,,,,,,,000007,00017C,000051,71,,,,,,,,,,,,,,,,,,,,,,,C0C0C1C1C1C1C1C1C1C1C1C1C1C1C1C1C1C1C1C1C1C1C1C1C1C1,,
2026-09-05T04:15:59.746710Z,6457.897,13.6V,,,77.206,148.24,257.23,34.61,102.2,0D,0.89,3.9883,3.9872,3.9899,2.7,730FB717,767675757675757575757676767675757575757575757675,,,,,,,000007,00017C,000051,71,,,,,,,,,,,,,,,,,,,,,,,C0C0C1C1C1C1C1C1C1C1C1C1C1C1C1C1C1C1C1C1C1C1C1C1C1C1,,
2026-09-05T04:16:20.790873Z,6478.941,13.6V,,,,148.24,257.23,34.61,102.2,0D,0.86,3.9883,3.9872,3.99,2.8,730FB317,767675757675757575757676767675757575757575757675,,,,,,,000007,00017C,000051,71,,,,,,,,,,,,,,,,,,,,,,,C0C0C1C1C1C1C1C1C1C1C1C1C1C1C1C1C1C1C1C1C1C1C1C1C1C1,,
2026-09-05T04:16:49.796080Z,6507.946,13.6V,,,77.206,148.25,257.23,34.61,102.2,0D,0.72,3.9883,3.9873,3.9899,2.6,720FB317,767675757675757575757676767675757575757575757675,,,,,,,000007,00017C,000051,71,,,,,,,,,,,,,,,,,,,,,,,C0C0C1C1C1C1C1C1C1C1C1C1C1C1C1C1C1C1C1C1C1C1C1C1C1C1,,
2026-09-05T04:17:09.809180Z,6527.959,13.6V,,,77.206,148.25,257.23,34.61,102.2,0D,0.73,3.9883,3.9872,3.9899,2.7,780FB317,767675757675757575757676767675757575757575757675,,,,,,,000007,00017C,000051,71,,,,,,,,,,,,,,,,,,,,,,,C0C0C1C1C1C1C1C1C1C1C1C1C1C1C1C1C1C1C1C1C1C1C1C1C1C1,,
2026-09-05T04:17:29.788578Z,6547.939,13.6V,,,77.206,148.25,257.23,34.61,102.2,0D,0.0,3.9883,3.9873,3.99,2.7,730FB317,767675757675757575757676767675757575757575757675,,,,,,,000007,00017C,000051,71,,,,,,,,,,,,,,,,,,,,,,,C0C0C1C1C1C1C1C1C1C1C1C1C1C1C1C1C1C1C1C1C1C1C1C1C1C1,,
2026-09-05T04:17:50.438255Z,6568.588,13.6V,,,77.206,148.26,257.23,34.61,102.2,0D,0.89,3.9883,3.9872,3.99,2.8,780FB317,767675757675757575757676767675757575757575757675,,,,,,,000007,00017C,000051,71,,,,,,,,,,,,,,,,,,,,,,,C0C0C1C1C1C1C1C1C1C1C1C1C1C1C1C1C1C1C1C1C1C1C1C1C1C1,,
2026-09-05T04:18:19.668689Z,6597.819,13.6V,,,77.206,148.26,257.23,34.61,102.2,0D,0.72,3.9884,3.9873,3.99,2.7,760FB317,767675757675757575757676767675757575757575757675,,,,,,,000007,00017C,000051,71,,,,,,,,,,,,,,,,,,,,,,,C0C0C1C1C1C1C1C1C1C1C1C1C1C1C1C1C1C1C1C1C1C1C1C1C1C1,,
2026-09-05T04:18:39.559568Z,6617.71,13.6V,,,77.206,148.26,257.23,34.61,102.2,0D,0.0,3.9884,3.9873,3.99,2.7,760FB317,767675757675757575757676767675757575757575757675,,,,,,,000007,00017C,000051,71,,,,,,,,,,,,,,,,,,,,,,,C0C0C1C1C1C1C1C1C1C1C1C1C1C1C1C1C1C1C1C1C1C1C1C1C1C1,,
2026-09-05T04:18:59.535184Z,6637.685,13.6V,,,,,257.23,34.61,102.2,0D,,3.9884,3.9873,3.99,2.7,780FB317,767675757675757575757676767675757575757575757675,,,,,,,000007,00017C,000051,71,,,,,,,,,,,,,,,,,,,,,,,C0C0C1C1C1C1C1C1C1C1C1C1C1C1C1C1C1C1C1C1C1C1C1C1C1C1,,
2026-09-05T04:19:26.680726Z,6664.831,13.6V,,,77.206,148.27,257.23,34.61,100.4,0D,0.76,3.9884,3.9873,3.9901,2.8,730FB317,767675757675757575757676767675757575757575757675,,,,,,,000007,00017C,000051,71,,,,,,,,,,,,,,,,,,,,,,,C0C0C1C1C1C1C1C1C1C1C1C1C1C1C1C1C1C1C1C1C1C1C1C1C1C1,,
2026-09-05T04:19:47.089613Z,6685.24,13.6V,,,77.206,148.27,257.23,34.61,100.4,0D,0.0,3.9884,3.9873,3.9901,2.8,780FB317,767675757675757575757676767675757575757575757675,,,,,,,000007,00017C,000051,71,,,,,,,,,,,,,,,,,,,,,,,C0C0C1C1C1C1C1C1C1C1C1C1C1C1C1C1C1C1C1C1C1C1C1C1C1C1,,
2026-09-05T04:20:06.950796Z,6705.101,13.6V,,,77.206,148.28,257.23,34.61,100.4,0D,0.89,3.9884,3.9874,3.9901,2.7,730FB317,767675757675757575757676767675757575757575757675,,,,,,,000007,00017C,000051,71,,,,,,,,,,,,,,,,,,,,,,,C0C0C1C1C1C1C1C1C1C1C1C1C1C1C1C1C1C1C1C1C1C1C1C1C1C1,,
2026-09-05T04:20:28.908330Z,6727.058,13.6V,,,77.206,148.28,257.23,34.61,100.4,0D,0.86,3.9885,3.9874,3.9901,2.7,730FB317,767675757675757575757676767675757575757575757675,,,,,,,000007,00017C,000051,71,,,,,,,,,,,,,,,,,,,,,,,C0C0C1C1C1C1C1C1C1C1C1C1C1C1C1C1C1C1C1C1C1C1C1C1C1C1,,
2026-09-05T04:20:56.374375Z,6754.524,13.6V,,,77.206,148.29,257.23,34.61,100.4,0D,0.73,3.9885,3.9874,3.9901,2.7,730FB317,767675757675757575757676767675757575757575757675,,,,,,,000007,00017C,000051,71,,,,,,,,,,,,,,,,,,,,,,,C0C0C1C1C1C1C1C1C1C1C1C1C1C1C1C1C1C1C1C1C1C1C1C1C1C1,,
2026-09-05T04:21:16.484674Z,6774.635,13.6V,,,77.206,148.29,257.23,34.61,100.4,0D,0.76,3.9885,3.9874,3.9901,2.7,730FB317,767675757675757575757676767675757575757575757675,,,,,,,000007,00017C,000051,71,,,,,,,,,,,,,,,,,,,,,,,C0C0C1C1C1C1C1C1C1C1C1C1C1C1C1C1C1C1C1C1C1C1C1C1C1C1,,
2026-09-05T04:21:36.467059Z,6794.617,13.6V,,,77.206,148.29,257.23,34.61,100.4,0D,0.0,3.9885,3.9874,3.9902,2.8,730FB317,,,,,,,,000007,00017C,000051,71,,,,,,,,,,,,,,,,,,,,,,,C0C0C1C1C1C1C1C1C1C1C1C1C1C1C1C1C1C1C1C1C1C1C1C1C1C1,,
2026-09-05T04:22:03.523604Z,6821.674,13.6V,,,77.206,148.3,257.23,34.61,98.6,0D,0.77,3.9885,3.9874,3.9902,2.8,730FB317,767675757675757575757676767675757575757575757675,,,,,,,000007,00017C,000051,71,,,,,,,,,,,,,,,,,,,,,,,C0C0C1C1C1C1C1C1C1C1C1C1C1C1C1C1C1C1C1C1C1C1C1C1C1C1,,
2026-09-05T04:22:23.838214Z,6841.988,13.6V,,,77.206,148.3,257.23,34.61,98.6,0D,0.76,3.9886,3.9875,3.9902,2.7,730FB717,767675757675757575757676767675757575757575757675,,,,,,,000007,00017C,000051,71,,,,,,,,,,,,,,,,,,,,,,,C0C0C1C1C1C1C1C1C1C1C1C1C1C1C1C1C1C1C1C1C1C1C1C1C1C1,,
2026-09-05T04:22:43.811135Z,6861.961,13.6V,,,77.206,148.3,257.23,34.61,98.6,0D,0.0,3.9886,3.9875,3.9902,2.7,710FB317,767675757675757575757676767675757575757575757675,,,,,,,000007,00017C,000051,71,,,,,,,,,,,,,,,,,,,,,,,C0C0C1C1C1C1C1C1C1C1C1C1C1C1C1C1C1C1C1C1C1C1C1C1C1C1,,
2026-09-05T04:23:04.364132Z,6882.514,13.6V,,,77.206,148.31,257.23,34.61,98.6,0D,0.89,3.9886,3.9874,3.9902,2.8,730FB317,767675757675757575757676767675757575757575757675,,,,,,,000007,00017C,000051,71,,,,,,,,,,,,,,,,,,,,,,,C0C0C1C1C1C1C1C1C1C1C1C1C1C1C1C1C1C1C1C1C1C1C1C1C1C1,,
2026-09-05T04:23:34.164671Z,6912.315,13.6V,,,77.206,148.31,257.23,34.61,98.6,0D,0.71,3.9886,3.9875,3.9903,2.8,730FB717,767675757675757575757676767675757575757575757675,,,,,,,000007,00017C,000051,71,,,,,,,,,,,,,,,,,,,,,,,C0C0C1C1C1C1C1C1C1C1C1C1C1C1C1C1C1C1C1C1C1C1C1C1C1C1,,
2026-09-05T04:23:54.056191Z,6932.206,13.6V,,,77.206,148.31,257.23,34.61,98.6,0D,0.0,3.9886,3.9875,3.9903,2.8,760FB317,767675757675757575757676767675757575757575757675,,,,,,,000007,00017C,000051,71,,,,,,,,,,,,,,,,,,,,,,,C0C0C1C1C1C1C1C1C1C1C1C1C1C1C1C1C1C1C1C1C1C1C1C1C1C1,,
2026-09-05T04:24:13.876282Z,6952.026,13.6V,,,77.206,148.32,257.23,34.61,98.6,0D,0.91,3.9887,3.9876,3.9903,2.7,730FB317,767675757675757575757676767675757575757575757675,,,,,,,000007,00017C,000051,,,,,,,,,,,,,,,,,,,,,,,,C0C0C1C1C1C1C1C1C1C1C1C1C1C1C1C1C1C1C1C1C1C1C1C1C1C1,,
2026-09-05T04:24:37.822006Z,6975.972,13.6V,,,77.206,148.32,257.23,34.61,98.6,0D,0.82,3.9887,3.9876,3.9904,2.8,720FB317,767675757675757575757676767675757575757575757675,,,,,,,000007,00017C,000051,71,,,,,,,,,,,,,,,,,,,,,,,C0C0C1C1C1C1C1C1C1C1C1C1C1C1C1C1C1C1C1C1C1C1C1C1C1C1,,
2026-09-05T04:25:03.850691Z,7002.001,13.6V,,,77.206,148.33,257.23,34.61,98.6,0D,0.72,3.9887,3.9876,3.9903,2.7,730FB317,767675757675757575757676767675757575757575757675,,,,,,,000007,00017C,000051,71,,,,,,,,,,,,,,,,,,,,,,,C0C0C1C1C1C1C1C1C1C1C1C1C1C1C1C1C1C1C1C1C1C1C1C1C1C1,,
2026-09-05T04:25:23.929515Z,7022.08,13.6V,,,77.206,148.33,257.23,34.61,98.6,0D,0.78,3.9887,3.9876,3.9904,2.8,760FB317,767675757675757575757676767675757575757575757675,,,,,,,000007,00017C,000051,71,,,,,,,,,,,,,,,,,,,,,,,C0C0C1C1C1C1C1C1C1C1C1C1C1C1C1C1C1C1C1C1C1C1C1C1C1C1,,
2026-09-05T04:25:44.572365Z,7042.722,13.6V,,,77.206,148.33,257.23,34.61,98.6,0D,0.0,3.9887,3.9876,3.9904,2.8,730FB317,767675757675757575757676767675757575757575757675,,,,,,,000007,00017C,000051,71,,,,,,,,,,,,,,,,,,,,,,,C0C0C1C1C1C1C1C1C1C1C1C1C1C1C1C1C1C1C1C1C1C1C1C1C1C1,,
2026-09-05T04:26:14.609658Z,7072.76,13.6V,,,77.206,148.34,257.23,34.61,98.6,0D,0.71,3.9888,3.9877,3.9904,2.7,710FB317,767675757675757575757676767675757575757575757675,,,,,,,000007,00017C,000051,71,,,,,,,,,,,,,,,,,,,,,,,C0C0C1C1C1C1C1C1C1C1C1C1C1C1C1C1C1C1C1C1C1C1C1C1C1C1,,
2026-09-05T04:26:34.411717Z,7092.562,13.6V,,,77.206,148.34,257.23,34.61,98.6,0D,0.72,3.9888,3.9877,3.9905,2.8,720FB317,767675757675757575757676767675757575757575757675,,,,,,,000007,00017C,000051,71,,,,,,,,,,,,,,,,,,,,,,,C0C0C1C1C1C1C1C1C1C1C1C1C1C1C1C1C1C1C1C1C1C1C1C1C1C1,,
2026-09-05T04:26:54.072759Z,7112.223,13.6V,,,77.206,148.34,257.23,34.61,98.6,0D,0.0,3.9888,3.9877,3.9904,2.7,730FB317,767675757675757575757676767675757575757575757675,,,,,,,000007,00017C,000051,71,,,,,,,,,,,,,,,,,,,,,,,C0C0C1C1C1C1C1C1C1C1C1C1C1C1C1C1C1C1C1C1C1C1C1C1C1C1,,
2026-09-05T04:27:13.857563Z,7132.008,13.6V,,,77.206,148.35,257.23,34.61,98.6,0D,0.61,3.9888,3.9877,3.9904,2.7,720FB317,767675757675757575757676767675757575757575757675,,,,,,,000007,00017C,000051,71,,,,,,,,,,,,,,,,,,,,,,,C0C0C1C1C1C1C1C1C1C1C1C1C1C1C1C1C1C1C1C1C1C1C1C1C1C1,,
2026-09-05T04:27:39.850412Z,7158.0,13.6V,,,77.206,148.35,257.23,34.61,98.6,0D,0.79,3.9888,3.9877,3.9905,2.8,720FB317,767675757675757575757676767675757575757575757675,,,,,,,000007,00017C,000051,71,,,,,,,,,,,,,,,,,,,,,,,C0C0C1C1C1C1C1C1C1C1C1C1C1C1C1C1C1C1C1C1C1C1C1C1C1C1,,
2026-09-05T04:28:02.101541Z,7180.252,13.6V,,,77.206,148.36,257.23,34.61,98.6,0D,0.75,3.9889,3.9877,3.9906,2.9,760FB317,767675757675757575757676767675757575757575757675,,,,,,,000007,00017C,000051,71,,,,,,,,,,,,,,,,,,,,,,,C0C0C1C1C1C1C1C1C1C1C1C1C1C1C1C1C1C1C1C1C1C1C1C1C1C1,,
2026-09-05T04:28:21.429035Z,7199.579,13.6V,,,77.206,148.36,257.23,34.61,98.6,0D,0.87,3.9889,3.9878,3.9906,2.8,730FB317,767675757675757575757676767675757575757575757675,,,,,,,000007,00017C,000051,71,,,,,,,,,,,,,,,,,,,,,,,C0C0C1C1C1C1C1C1C1C1C1C1C1C1C1C1C1C1C1C1C1C1C1C1C1C1,,
