utc,elapsed_s,volts,speed_kph,odometer_km,soc_pct,energy_kwh,range_mi,dist_since_chg_mi,temp_f,charger_5401_raw,power_kw,cell_avg_v,cell_min_v,cell_max_v,cell_spread_mv,pack_v,pack_a,hv_power_kw,dmc2_v,wheel_fl_kph,wheel_fr_kph,wheel_rl_kph,wheel_rr_kph,brake_kpa,steering_deg,lateral_g,longitudinal_g,array_2b43
2026-09-03T05:18:25.941702Z,0.0,13.6V,,,82.852,159.11,275.87,19.45,102.2,94,,4.0494,4.0482,4.0526,4.4,388.79,-22.15,-8.61,12.8,0,0,0,0,0,-0.86,0.0,-0.00637,CCCDCDCDCDCECECDCDCDCECDCECECDCDCDCDCDCDCDCDCDCDCECD
2026-09-03T05:18:37.537607Z,11.596,13.6V,,,82.852,159.14,275.87,19.45,100.4,94,9.31,4.0495,4.0484,4.0527,4.3,388.6,-21.25,-8.26,12.8,0,0,0,0,0,-0.86,0.0,-0.00637,CCCDCDCDCDCECECDCECDCECDCECECDCDCDCDCDCDCDCDCDCDCECD
2026-09-03T05:18:44.137497Z,18.196,13.6V,,,82.852,159.15,275.87,19.45,100.4,94,7.91,4.0497,4.0486,4.0529,4.3,388.6,-22.75,-8.84,12.8,0,0,0,0,0,-0.86,0.0,0.0,CCCDCDCECECECECECECECECECECECDCDCDCDCDCDCDCDCDCDCECD
2026-09-03T05:18:58.666560Z,32.725,13.6V,,,82.852,159.19,275.87,19.45,100.4,94,8.8,4.0497,4.0487,4.0529,4.2,388.79,-21.25,-8.26,12.8,0,0,0,0,0,-0.86,0.0,-0.00637,CCCDCECECECECECECECECECECECECDCDCDCDCDCDCDCDCDCDCECD
2026-09-03T05:19:12.590504Z,46.649,13.6V,,,82.852,159.22,275.87,19.45,100.4,94,8.49,4.05,4.0489,4.0531,4.2,388.94,-21.55,-8.38,12.8,0,0,0,0,0,-0.86,0.0,0.0,CCCDCECECECECECECECECECECECECDCDCDCDCDCDCDCDCDCDCECD
2026-09-03T05:19:19.360116Z,53.419,13.6V,,,82.852,159.23,275.87,19.45,100.4,94,8.09,4.05,4.0489,4.0533,4.4,388.76,-22.15,-8.61,12.8,0,0,0,0,0,-0.86,0.0,0.0,CCCDCECECECECECECECECECECECECDCDCDCDCDCDCDCDCDCDCECD
2026-09-03T05:19:26.045343Z,60.104,13.6V,,,82.852,159.25,276.5,19.45,100.4,94,8.16,4.0501,4.0489,4.0532,4.3,388.94,-21.25,-8.26,12.8,0,0,0,0,0,-0.86,0.0,0.0,CCCDCECECECECECECECECECECECECDCDCDCDCDCDCDCDCDCDCECD
2026-09-03T05:19:40.844862Z,74.903,13.6V,,,82.852,159.28,276.5,19.45,100.4,94,8.25,4.0503,4.0492,4.0535,4.3,388.6,-22.15,-8.61,12.8,0,0,0,0,0,-0.86,0.0,0.0,CCCDCECECECECECECECECECECECECDCDCDCDCDCDCDCDCDCDCECD
2026-09-03T05:19:55.209277Z,89.268,13.6V,,,82.852,159.31,276.5,19.45,100.4,94,7.64,4.0504,4.0492,4.0537,4.5,388.79,-22.75,-8.84,12.8,0,0,0,0,0,-0.86,0.0,-0.00637,CCCDCECECECECECECECECECECECECDCDCDCDCDCDCDCDCDCDCECD
2026-09-03T05:20:01.945588Z,96.004,13.6V,,,82.852,159.33,276.5,19.45,100.4,94,8.02,4.0505,4.0494,4.0536,4.2,388.79,-22.15,-8.61,12.8,0,0,0,0,0,-0.86,0.0,0.0,CCCDCECECECECECECECECECECECECDCDCDCDCDCDCDCDCDCDCECD
2026-09-03T05:20:08.630415Z,102.689,13.6V,,,82.852,159.35,276.5,19.45,100.4,94,8.35,4.0506,4.0495,4.0537,4.2,388.6,-20.95,-8.14,12.8,0,0,0,0,0,-0.86,0.0,0.0,CCCDCECECECECECECECECECECECECDCDCDCDCDCDCDCDCDCDCECD
2026-09-03T05:20:15.418387Z,109.477,13.6V,,,83.253,159.36,276.5,19.45,100.4,94,8.35,4.0506,4.0495,4.0536,4.1,388.76,-21.55,-8.38,12.8,0,0,0,0,0,-0.86,0.0,-0.00637,CCCDCECECECECECECECECECECECECDCDCDCDCDCDCDCDCDCDCECD
2026-09-03T05:20:22.121918Z,116.18,13.6V,,,83.253,159.38,276.5,19.45,100.4,94,8.35,4.0507,4.0495,4.0538,4.3,389.1,-22.45,-8.74,12.8,0,0,0,0,0,-0.86,0.0,0.0,CCCDCECECECECECECECECECECECECDCDCDCDCDCDCDCDCDCDCECD
2026-09-03T05:20:28.898437Z,122.957,13.6V,,,83.253,159.39,276.5,19.45,100.4,94,8.24,4.0508,4.0495,4.0539,4.4,388.79,-22.45,-8.73,12.8,0,0,0,0,0,-0.86,0.0,0.0,CCCDCECECECECECECECECECECECECDCDCDCDCDCDCDCDCDCDCECD
2026-09-03T05:20:35.736337Z,129.795,13.6V,,,83.253,159.41,276.5,19.45,100.4,94,8.53,4.0508,4.0496,4.054,4.4,388.76,-21.85,-8.49,12.8,0,0,0,0,0,-0.86,0.0,0.0,CDCDCECECECECECECECECECECECECDCDCDCDCDCDCDCDCDCDCECD
2026-09-03T05:20:48.683515Z,142.742,13.6V,,,83.253,159.44,276.5,19.45,100.4,94,8.75,4.051,4.05,4.0542,4.2,,,,,0,0,0,0,0,-0.86,0.0,0.0,CDCDCECECECECECECECECECECECECDCDCDCDCDCDCDCDCDCDCECD
2026-09-03T05:21:04.480456Z,158.539,13.6V,,,83.253,159.47,276.5,19.45,100.4,94,7.74,4.0512,4.05,4.0544,4.4,,,,,0,0,0,0,0,-0.86,0.0,0.0,CDCDCECECECECECECECECECECECECDCDCDCDCDCDCDCDCDCDCECD
2026-09-03T05:21:13.250129Z,167.309,13.6V,,,83.253,159.5,276.5,19.45,100.4,94,8.71,4.0512,4.0502,4.0543,4.1,,,,,0,0,0,0,0,-0.86,0.0,0.0,CDCDCECECECECECECECECECECECECDCDCDCDCDCDCDCDCDCDCECD
2026-09-03T05:21:21.887342Z,175.946,13.6V,,,83.253,159.52,276.5,19.45,100.4,94,8.43,4.0513,4.0502,4.0544,4.2,,,,,0,0,0,0,0,-0.86,0.0,0.0,CDCDCECECECECECECECECECECECECDCDCDCDCDCDCDCDCDCDCECD
2026-09-03T05:21:30.369914Z,184.428,13.6V,,,83.253,159.53,276.5,19.45,100.4,94,7.91,4.0515,4.0503,4.0546,4.3,,,,,0,0,0,0,0,-0.86,0.0,0.0,CDCDCECECECECECECECECECECECECECDCDCDCDCDCDCDCDCDCECD
2026-09-03T05:21:38.787173Z,192.846,13.6V,,,83.253,159.55,276.5,19.45,100.4,94,7.9,4.0515,4.0504,4.0547,4.3,,,,,0,0,0,0,0,-0.86,0.0,0.0,CDCDCECECECECECECECECECECECECECDCDCDCDCDCDCDCDCECECD
2026-09-03T05:21:47.174813Z,201.233,13.6V,,,83.253,159.57,276.5,19.45,100.4,94,8.0,4.0517,4.0505,4.0548,4.3,,,,,0,0,0,0,0,-0.86,0.0,0.0,CDCDCECECECECECECECECECECECECECDCDCDCDCECDCDCDCECECD
2026-09-03T05:21:56.842639Z,210.901,13.6V,,,83.253,159.6,277.12,19.45,100.4,94,8.94,4.0518,4.0507,4.0548,4.1,,,,,0,0,0,0,0,-0.86,0.0,0.0,CDCDCECECECECECECECECECECECECECECDCDCDCECECDCDCECECD
2026-09-03T05:22:12.542783Z,226.601,13.6V,,,83.253,159.63,277.12,19.45,,94,7.89,4.052,4.0509,4.0551,4.2,,,,,0,0,0,0,0,-0.86,0.0,0.0,CDCDCECECECECECECECECECECECECECECDCECDCECECECDCECECE
2026-09-03T05:22:22.932564Z,236.991,13.6V,,,83.253,159.65,277.12,19.45,100.4,94,8.22,4.0521,4.051,4.0553,4.3,,,,,0,0,0,0,0,-0.86,0.0,0.0,CDCDCECECECECECECECECECECECECECECDCECDCECECECECECECE
2026-09-03T05:22:31.317396Z,245.376,13.6V,,,83.253,159.67,277.12,19.45,100.4,94,8.22,4.0522,4.051,4.0553,4.3,,,,,0,0,0,0,0,-0.86,0.0,0.0,CDCDCECECECECECECECECECECECECECECDCECECECECECECECECE
2026-09-03T05:22:39.805253Z,253.864,13.6V,,,83.253,159.69,277.12,19.45,100.4,94,8.21,4.0522,4.0511,4.0554,4.3,,,,,0,0,0,0,0,-0.86,0.0,0.0,CDCDCECECECECECECECECECECECECECECDCECECECECECECECECE
2026-09-03T05:22:48.295472Z,262.354,13.6V,,,83.253,159.71,277.12,19.45,100.4,94,7.7,4.0523,4.0512,4.0554,4.2,,,,,0,0,0,0,0,-0.86,0.0,0.0,CDCDCECECECECECECECECECECECECECECECECECECECECECECECE
2026-09-03T05:22:56.760579Z,270.819,13.6V,,,83.253,159.73,277.12,19.45,100.4,94,7.81,4.0524,4.0513,4.0554,4.1,,,,,0,0,0,0,0,-0.86,0.0,0.0,CDCDCECECECECECECECECECECECECECECECECECECECECECECECE
2026-09-03T05:23:05.252554Z,279.311,13.6V,,,83.253,159.75,277.12,19.45,100.4,94,8.2,4.0525,4.0514,4.0555,4.1,,,,,0,0,0,0,0,-0.86,0.0,0.0,CDCDCECECECECECECECECECECECECECECECECECECECECECECFCE
2026-09-03T05:23:13.683972Z,287.742,13.6V,,,83.253,159.77,277.12,19.45,100.4,94,8.51,4.0526,4.0515,4.0557,4.2,,,,,0,0,0,0,0,-0.86,0.0,0.0,CDCDCECECECECECECECECECECECFCECECECECECECECECECECFCE
2026-09-03T05:23:22.107737Z,296.166,13.6V,,,83.253,159.8,277.12,19.45,100.4,94,9.13,4.0527,4.0516,4.0559,4.3,,,,,0,0,0,0,0,-0.86,0.0,0.0,CDCDCECECECECECECECECECECECFCECECECECECECECECECECFCE
2026-09-03T05:23:37.628001Z,311.686,13.6V,,,83.253,159.83,277.12,19.45,100.4,94,8.72,4.0529,4.0518,4.056,4.2,,,,,0,0,0,0,0,-0.86,0.0,0.0,CDCECECECECECECECECECECECECFCECECECECECECECECECECFCE
2026-09-03T05:23:50.285358Z,324.344,13.6V,,,83.253,159.86,277.12,19.45,100.4,94,8.74,4.053,4.052,4.056,4.0,,,,,0,0,0,0,0,-0.86,0.0,0.0,CDCECECECECECECECECECECECECFCECECECECECECECECECECFCE
2026-09-03T05:23:58.687119Z,332.746,13.6V,,,83.253,159.88,277.12,19.45,100.4,94,8.76,4.0531,4.0521,4.0562,4.1,,,,,0,0,0,0,0,-0.86,0.0,0.0,CDCECECECECECECECECECECECECFCECECECECECECECECECECFCE
2026-09-03T05:24:07.537803Z,341.596,13.6V,,,83.253,159.9,277.12,19.45,100.4,94,8.69,4.0532,4.0522,4.0564,4.2,,,,,0,0,0,0,0,-0.86,0.0,0.0,CDCECECECECFCFCECECECECECECFCECECECECECECECECECECFCE
2026-09-03T05:24:16.745170Z,350.804,13.6V,,,83.253,159.92,277.12,19.45,100.4,94,7.91,4.0533,4.0522,4.0565,4.3,,,,,0,0,0,0,0,-0.86,0.0,0.0,CDCECECECECFCFCECECECECECECFCECECECECECECECECECECFCE
2026-09-03T05:24:25.188230Z,359.247,13.6V,,,83.253,159.94,277.12,19.45,100.4,94,8.33,4.0534,4.0523,4.0564,4.1,,,,,0,0,0,0,0,-0.86,0.0,0.0,CDCECECECECFCFCECECECECECECFCECECECECECECECECECECFCE
2026-09-03T05:24:33.628178Z,367.687,13.6V,,,83.253,159.96,277.74,19.45,100.4,94,8.36,4.0535,4.0526,4.0566,4.0,,,,,0,0,0,0,0,-0.86,0.0,0.0,CDCECECECECFCFCECECECFCECFCFCECECECECECECECECECECFCE
2026-09-03T05:24:44.852541Z,378.911,13.6V,,,83.253,159.99,277.74,19.45,100.4,,8.58,4.0537,4.0525,4.0569,4.4,,,,,0,0,0,0,0,-0.86,0.0,0.0,CDCECECFCFCFCFCFCFCFCFCFCFCFCECECECECECECECECECECFCE
2026-09-03T05:25:00.744907Z,394.803,13.6V,,,83.253,160.02,277.74,19.45,100.4,94,8.12,4.0538,4.0526,4.0569,4.3,,,,,0,0,0,0,0,-0.86,0.0,0.0,CDCECFCFCFCFCFCFCFCFCFCFCFCFCECECECECECECECECECECFCE
2026-09-03T05:25:09.409580Z,403.468,13.6V,,,83.253,160.04,277.74,19.45,100.4,94,8.2,4.0539,4.0527,4.057,4.3,,,,,0,0,0,0,0,-0.86,0.0,0.0,CDCECFCFCFCFCFCFCFCFCFCFCFCFCECECECECECECECECECECFCE
2026-09-03T05:25:17.860048Z,411.919,13.6V,,,83.253,160.06,277.74,19.45,100.4,94,8.2,4.054,4.0529,4.0572,4.3,,,,,0,0,0,0,0,-0.86,0.0,0.0,CDCECFCFCFCFCFCFCFCFCFCFCFCFCECECECECECECECECECECFCE
2026-09-03T05:25:26.239868Z,420.298,13.6V,,,83.253,160.08,277.74,19.45,100.4,94,8.21,4.0541,4.053,4.0572,4.2,,,,,0,0,0,0,0,-0.86,0.0,0.0,CDCECFCFCFCFCFCFCFCFCFCFCFCFCECECECECECECECECECECFCE
2026-09-03T05:25:34.856354Z,428.915,13.6V,,,83.253,160.1,277.74,19.45,100.4,94,7.92,4.0542,4.053,4.0573,4.3,,,,,0,0,0,0,0,-0.86,0.0,0.0,CDCECFCFCFCFCFCFCFCFCFCFCFCFCECECECECECECECECECECFCE
2026-09-03T05:25:43.236069Z,437.295,13.6V,,,83.653,160.12,277.74,19.45,100.4,94,8.02,4.0543,4.0532,4.0575,4.3,,,,,0,0,0,0,0,-0.86,0.0,0.0,CDCECFCFCFCFCFCFCFCFCFCFCFCFCECECECECECECECECECECFCE
2026-09-03T05:25:51.688518Z,445.747,13.6V,,,83.653,160.14,277.74,19.45,100.4,94,8.48,4.0543,4.0533,4.0575,4.2,,,,,0,0,0,0,0,-0.86,0.0,0.0,CDCECFCFCFCFCFCFCFCFCFCFCFCFCECECECECECECECECECECFCE
2026-09-03T05:26:00.098553Z,454.157,13.6V,,,83.653,160.16,277.74,19.45,100.4,94,8.49,,,,,,,,,0,0,0,0,0,-0.86,0.0,0.0,CDCECFCFCFCFCFCFCFCFCFCFCFCFCECECECECECECECECECECFCE
2026-09-03T05:26:16.703973Z,470.763,13.6V,,,83.653,160.2,277.74,19.45,100.4,94,8.57,4.0546,4.0536,4.0578,4.2,,,,,0,0,0,0,0,-0.86,0.0,0.0,CDCECFCFCFCFCFCFCFCFCFCFCFCFCECECECECECECECECECECFCE
2026-09-03T05:26:29.741339Z,483.8,13.6V,,,83.653,160.23,277.74,19.45,100.4,94,8.53,4.0547,4.0537,4.0577,4.0,,,,,0,0,0,0,0,-0.86,0.0,0.0,CDCECFCFCFCFCFCFCFCFCFCFCFCFCECECECECECECECECECECFCE
2026-09-03T05:26:38.741847Z,492.8,13.6V,,,83.653,160.25,277.74,19.45,100.4,94,8.43,4.0549,4.0538,4.058,4.2,,,,,0,0,0,0,0,-0.86,0.0,0.0,CDCECFCFCFCFCFCFCFCFCFCFCFCFCECECECECECECECECECECFCE
2026-09-03T05:26:47.888368Z,501.947,13.6V,,,83.653,160.27,277.74,19.45,100.4,94,8.33,4.055,4.0539,4.0582,4.3,,,,,0,0,0,0,0,-0.86,0.0,0.0,CDCECFCFCFCFCFCFCFCFCFCFCFCFCECECECECECECECECECECFCE
2026-09-03T05:26:56.274933Z,510.333,13.6V,,,83.653,160.29,277.74,19.45,100.4,94,8.33,4.0551,4.054,4.0581,4.1,,,,,0,0,0,0,0,-0.86,0.0,0.0,CECECFCFCFCFCFCFCFCFCFCFCFCFCECECECECECECECECECECFCE
2026-09-03T05:27:04.686667Z,518.745,13.6V,,,83.653,160.31,278.36,19.45,100.4,94,8.25,4.0551,4.0541,4.0583,4.2,,,,,0,0,0,0,0,-0.86,0.0,0.0,CECECFCFCFCFCFCFCFCFCFCFCFCFCECECECECECECECECECECFCE
2026-09-03T05:27:13.092587Z,527.151,13.6V,,,83.653,160.33,278.36,19.45,100.4,94,8.3,4.0553,4.0542,4.0584,4.2,,,,,0,0,0,0,0,-0.86,0.0,0.0,CECECFCFCFCFCFCFCFCFCFCFCFCFCECECECECECECECECECECFCE
2026-09-03T05:27:21.541665Z,535.6,13.6V,,,,160.36,278.36,19.45,100.4,94,9.03,4.0554,4.0543,4.0585,4.2,,,,,0,0,0,0,0,-0.86,0.0,0.0,CECECFCFCFCFCFCFCFCFCFCFCFCFCECECECECECECECECECECFCE
2026-09-03T05:27:37.495187Z,551.554,13.6V,,,83.653,160.4,278.36,19.45,100.4,94,9.19,4.0556,4.0544,4.0587,4.3,,,,,0,0,0,0,0,-0.86,0.0,0.0,CECECFCFCFCFCFCFCFCFCFCFCFCFCECECECECECECECECECECFCE
2026-09-03T05:27:52.172911Z,566.231,13.6V,,,83.653,160.43,278.36,19.45,100.4,94,9.02,4.0557,4.0546,4.0587,4.1,,,,,0,0,0,0,0,-0.86,0.0,0.0,CECECFCFCFCFCFCFCFCFCFCFCFCFCFCECECECECECECECECECFCE
2026-09-03T05:28:00.605483Z,574.664,13.6V,,,83.653,160.45,278.36,19.45,100.4,94,9.01,4.0557,4.0547,4.0587,4.0,,,,,0,0,0,0,0,-0.86,0.0,0.0,CECECFCFCFCFCFCFCFCFCFCFCFCFCFCECECECECECECECECFCFCE
2026-09-03T05:28:09.039474Z,583.098,13.6V,,,83.653,160.47,278.36,19.45,100.4,94,9.01,4.0558,4.0548,4.0588,4.0,,,,,0,0,0,0,0,-0.86,0.0,0.0,CECECFCFCFCFCFCFCFCFCFCFCFCFCFCECECECECFCFCECECFCFCE
2026-09-03T05:28:17.425499Z,591.484,13.6V,,,83.653,160.49,278.36,19.45,100.4,94,8.37,4.0559,4.0549,4.0589,4.0,,,,,0,0,0,0,0,-0.86,0.0,0.0,CECECFCFCFCFCFCFCFCFCFCFCFCFCFCFCECECECFCFCECECFCFCF
2026-09-03T05:28:25.834215Z,599.893,13.6V,,,83.653,160.51,278.36,19.45,100.4,94,8.19,4.056,4.0549,4.059,4.1,,,,,0,0,0,0,0,-0.86,0.0,0.0,CECECFCFCFCFCFCFCFCFCFCFCFCFCFCFCECECECFCFCFCECFCFCF
2026-09-03T05:28:34.448074Z,608.507,13.6V,,,83.653,160.53,278.36,19.45,100.4,94,8.22,4.0561,4.055,4.0592,4.2,,,,,0,0,0,0,0,-0.86,0.0,0.0,CECECFCFCFCFCFCFCFCFCFCFCFCFCFCFCECFCECFCFCFCFCFCFCF
2026-09-03T05:28:42.869422Z,616.928,13.6V,,,,,278.36,19.45,100.4,94,,4.0563,4.0551,4.0594,4.3,,,,,0,0,0,0,0,-0.86,0.0,0.0,CECECFCFCFCFCFCFCFCFCFCFCFCFCFCFCECFCECFCFCFCFCFCFCF
2026-09-03T05:28:51.800639Z,625.859,13.6V,,,83.653,160.57,278.36,19.45,100.4,94,8.45,4.0563,4.0552,4.0595,4.3,,,,,0,0,0,0,0,-0.86,0.0,0.0,CECECFCFCFCFCFCFCFCFCFCFCFCFCFCFCECFCFCFCFCFCFCFCFCF
2026-09-03T05:29:00.178223Z,634.237,13.6V,,,83.653,160.59,278.36,19.45,100.4,94,8.46,4.0565,4.0553,4.0595,4.2,,,,,0,0,0,0,0,-0.86,0.0,0.0,CECECFCFCFCFCFCFCFCFCFCFCFCFCFCFCFCFCFCFCFCFCFCFCFCF
2026-09-03T05:29:15.727077Z,649.786,13.6V,,,83.653,160.63,278.36,19.45,100.4,94,8.64,4.0566,4.0555,4.0597,4.2,,,,,0,0,0,0,0,-0.86,0.0,0.0,CECECFCFCFCFCFCFCFCFCFCFCFD0CFCFCFCFCFCFCFCFCFCFD0CF
2026-09-03T05:29:28.522108Z,662.581,13.6V,,,83.653,160.66,278.36,19.45,100.4,94,8.65,4.0567,4.0556,4.0598,4.2,,,,,0,0,0,0,0,-0.86,0.0,0.0,CECFCFCFCFCFCFCFCFCFCFCFCFD0CFCFCFCFCFCFCFCFCFCFD0CF
2026-09-03T05:29:37.164738Z,671.223,13.6V,,,83.653,160.68,278.98,19.45,100.4,94,8.73,4.0568,4.0558,4.06,4.2,,,,,0,0,0,0,0,-0.86,0.0,0.0,CECFCFCFCFCFCFCFCFCFCFCFCFD0CFCFCFCFCFCFCFCFCFCFD0CF
2026-09-03T05:29:46.435221Z,680.494,13.6V,,,83.653,160.7,278.98,19.45,100.4,94,8.57,4.0569,4.0559,4.0601,4.2,,,,,0,0,0,0,0,-0.86,0.0,0.0,CECFCFCFCFCFCFCFCFCFCFCFCFD0CFCFCFCFCFCFCFCFCFCFD0CF
2026-09-03T05:29:55.230219Z,689.289,13.6V,,,83.653,160.72,278.98,19.45,100.4,94,8.5,4.057,4.056,4.0602,4.2,,,,,0,0,0,0,0,-0.86,0.0,0.0,CECFCFCFCFD0D0CFCFCFCFCFCFD0CFCFCFCFCFCFCFCFCFCFD0CF
2026-09-03T05:30:03.646138Z,697.705,13.6V,,,,,278.98,19.45,100.4,94,,4.0571,4.0559,4.06,4.1,,,,,0,0,0,0,0,-0.86,0.0,0.0,CECFCFCFCFD0D0CFCFCFCFCFCFD0CFCFCFCFCFCFCFCFCFCFD0CF
2026-09-03T05:30:12.678645Z,706.737,13.6V,,,83.653,160.76,278.98,19.45,100.4,94,8.22,4.0572,4.056,4.0601,4.1,,,,,0,0,0,0,0,-0.86,0.0,0.0,CECFCFCFCFD0D0CFCFCFCFCFCFD0CFCFCFCFCFCFCFCFCFCFD0CF
2026-09-03T05:30:21.082383Z,715.141,13.6V,,,83.653,160.78,278.98,19.45,100.4,94,8.22,4.0573,4.0562,4.0603,4.1,,,,,0,0,0,0,0,-0.86,0.0,0.0,CECFCFCFCFD0D0CFCFCFCFCFCFD0CFCFCFCFCFCFCFCFCFCFD0CF
2026-09-03T05:30:30.099147Z,724.158,13.6V,,,83.653,160.8,278.98,19.45,100.4,94,8.16,4.0574,4.0563,4.0604,4.1,,,,,0,0,0,0,0,-0.86,0.0,0.0,CECFCFCFD0D0D0CFD0CFD0CFD0D0CFCFCFCFCFCFCFCFCFCFD0CF
2026-09-03T05:30:45.541623Z,739.6,13.6V,,,83.653,160.84,278.98,19.45,100.4,94,8.53,4.0576,4.0565,4.0606,4.1,,,,,0,0,0,0,0,-0.86,0.0,0.0,CECFD0D0D0D0D0D0D0D0D0D0D0D0CFCFCFCFCFCFCFCFCFCFD0CF
2026-09-03T05:30:59.101744Z,753.16,13.6V,,,83.653,160.87,278.98,19.45,100.4,94,8.53,4.0576,4.0566,4.0606,4.0,,,,,0,0,0,0,0,-0.86,0.0,0.0,CECFD0D0D0D0D0D0D0D0D0D0D0D0CFCFCFCFCFCFCFCFCFCFD0CF
2026-09-03T05:31:07.478604Z,761.537,13.6V,,,84.053,160.89,278.98,19.45,100.4,94,8.54,4.0578,4.0567,4.0609,4.2,,,,,0,0,0,0,0,-0.86,0.0,0.0,CECFD0D0D0D0D0D0D0D0D0D0D0D0CFCFCFCFCFCFCFCFCFCFD0CF
2026-09-03T05:31:15.873904Z,769.932,13.6V,,,84.053,160.91,278.98,19.45,100.4,94,8.54,4.0579,4.057,4.0609,3.9,,,,,0,0,0,0,0,-0.86,0.0,0.0,CECFD0D0D0D0D0D0D0D0D0D0D0D0CFCFCFCFCFCFCFCFCFCFD0CF
2026-09-03T05:31:24.226492Z,778.285,13.6V,,,,,278.98,19.45,100.4,94,,4.058,4.057,4.0609,3.9,,,,,0,0,0,0,0,-0.86,0.0,0.0,CECFD0D0D0D0D0D0D0D0D0D0D0D0CFCFCFCFCFCFCFCFCFCFD0CF
2026-09-03T05:31:33.619092Z,787.678,13.6V,,,84.053,160.95,278.98,19.45,100.4,94,8.24,4.058,4.057,4.0609,3.9,,,,,0,0,0,0,0,-0.86,0.0,0.0,CECFD0D0D0D0D0D0D0D0D0D0D0D0CFCFCFCFCFCFCFCFCFCFD0CF
2026-09-03T05:31:42.019460Z,796.078,13.6V,,,84.053,160.97,278.98,19.45,100.4,94,8.29,4.0581,4.0572,4.0611,3.9,,,,,0,0,0,0,0,-0.86,0.0,0.0,CECFD0D0D0D0D0D0D0D0D0D0D0D0CFCFCFCFCFCFCFCFCFCFD0CF
2026-09-03T05:31:50.491642Z,804.55,13.6V,,,84.053,160.99,278.98,19.45,100.4,94,8.41,4.0583,4.0573,4.0612,3.9,,,,,0,0,0,0,0,-0.86,0.0,0.0,CECFD0D0D0D0D0D0D0D0D0D0D0D0CFCFCFCFCFCFCFCFCFCFD0CF
2026-09-03T05:32:05.939538Z,819.998,13.6V,,,84.053,161.03,279.6,19.45,100.4,94,8.62,4.0584,4.0573,4.0614,4.1,,,,,0,0,0,0,0,-0.86,0.0,0.0,CECFD0D0D0D0D0D0D0D0D0D0D0D0CFCFCFCFCFCFCFCFCFCFD0CF
2026-09-03T05:32:18.339336Z,832.398,13.6V,,,84.053,161.05,279.6,19.45,100.4,94,8.05,4.0586,4.0575,4.0616,4.1,,,,,0,0,0,0,0,-0.86,0.0,0.0,CECFD0D0D0D0D0D0D0D0D0D0D0D0CFCFCFCFCFCFCFCFCFCFD0CF
2026-09-03T05:32:26.759689Z,840.818,13.6V,,,84.053,161.07,279.6,19.45,100.4,94,8.13,4.0586,4.0576,4.0616,4.0,,,,,0,0,0,0,0,-0.86,0.0,0.0,CECFD0D0D0D0D0D0D0D0D0D0D0D0CFCFCFCFCFCFCFCFCFCFD0CF
2026-09-03T05:32:35.509046Z,849.568,13.6V,,,84.053,161.09,279.6,19.45,100.4,94,8.08,4.0588,4.0578,4.0618,4.0,,,,,0,0,0,0,0,-0.86,0.0,0.0,CECFD0D0D0D0D0D0D0D0D0D0D0D0CFCFCFCFCFCFCFCFCFCFD0CF
2026-09-03T05:32:45.031993Z,859.091,13.6V,,,,,279.6,19.45,100.4,94,,4.0589,4.0578,4.0619,4.1,,,,,0,0,0,0,0,-0.86,0.0,0.0,CECFD0D0D0D0D0D0D0D0D0D0D0D0CFCFCFCFCFCFCFCFCFCFD0CF
2026-09-03T05:32:53.981183Z,868.04,13.6V,,,84.053,161.14,279.6,19.45,100.4,94,8.24,4.0589,4.0578,4.0619,4.1,,,,,0,0,0,0,0,-0.86,0.0,0.0,CECFD0D0D0D0D0D0D0D0D0D0D0D0CFCFCFCFCFCFCFCFCFCFD0CF
2026-09-03T05:33:02.397649Z,876.456,13.6V,,,84.053,161.16,279.6,19.45,100.4,94,8.29,4.059,4.0579,4.0619,4.0,,,,,0,0,0,0,0,-0.86,0.0,0.0,CECFD0D0D0D0D0D0D0D0D0D0D0D0CFCFCFCFCFCFCFCFCFCFD0CF
2026-09-03T05:33:10.798835Z,884.857,13.6V,,,84.053,161.18,279.6,19.45,100.4,94,8.92,4.059,4.0581,4.0619,3.8,,,,,0,0,0,0,0,-0.86,0.0,0.0,CFCFD0D0D0D0D0D0D0D0D0D0D0D0CFCFCFCFCFCFCFCFCFCFD0CF
2026-09-03T05:33:19.138668Z,893.197,13.6V,,,84.053,161.2,279.6,19.45,100.4,94,8.93,4.0592,4.0581,4.0621,4.0,,,,,0,0,0,0,0,-0.86,0.0,0.0,CFCFD0D0D0D0D0D0D0D0D0D0D0D0CFCFCFCFCFCFCFCFCFCFD0CF
2026-09-03T05:33:34.983750Z,909.042,13.6V,,,84.053,161.24,279.6,19.45,100.4,94,9.08,4.0594,4.0583,4.0624,4.1,,,,,0,0,0,0,0,-0.86,0.0,0.0,CFCFD0D0D0D0D0D0D0D0D0D0D0D0CFCFCFCFCFCFCFCFCFCFD0CF
2026-09-03T05:33:49.138762Z,923.197,13.6V,,,84.053,161.27,279.6,19.45,100.4,94,8.48,4.0595,4.0584,4.0625,4.1,,,,,0,0,0,0,0,-0.86,0.0,0.0,CFCFD0D0D0D0D0D0D0D0D0D0D0D0CFCFCFCFCFCFCFCFCFCFD0CF
2026-09-03T05:33:57.588786Z,931.647,13.6V,,,84.053,161.29,279.6,19.45,100.4,94,8.48,4.0596,4.0586,4.0625,3.9,,,,,0,0,0,0,0,-0.86,0.0,0.0,CFCFD0D0D0D0D0D0D0D0D0D0D0D0CFCFCFCFCFCFCFCFCFCFD0CF
2026-09-03T05:34:06.592923Z,940.651,13.6V,,,84.053,161.31,279.6,19.45,100.4,94,8.39,4.0597,4.0586,4.0627,4.1,,,,,0,0,0,0,0,-0.86,0.0,0.0,CFCFD0D0D0D0D0D0D0D0D0D0D0D0D0CFCFCFCFCFCFCFCFCFD0CF
2026-09-03T05:34:15.066613Z,949.125,13.6V,,,84.053,161.33,279.6,19.45,100.4,98,8.37,4.0598,4.0587,4.0627,4.0,,,,,0,0,0,0,0,-0.86,0.0,0.0,CFCFD0D0D0D0D0D0D0D0D0D0D0D0D0CFCFCFCFCFCFCFCFD0D0CF
2026-09-03T05:34:23.457715Z,957.516,13.6V,,,84.053,161.35,279.6,19.45,100.4,94,8.17,4.0598,4.0587,4.0627,4.0,,,,,0,0,0,0,0,-0.86,0.0,0.0,CFCFD0D0D0D0D0D0D0D0D0D0D0D0D0CFCFCFCFD0D0CFCFD0D0CF
2026-09-03T05:34:31.849095Z,965.908,13.6V,,,84.053,161.37,279.6,19.45,100.4,94,8.23,4.06,4.0589,4.0629,4.0,,,,,0,0,0,0,0,-0.86,0.0,0.0,CFCFD0D0D0D0D0D0D0D0D0D0D0D0D0D0CFCFCFD0D0CFCFD0D0D0
2026-09-03T05:34:40.184070Z,974.243,13.6V,,,84.053,161.39,280.22,19.45,100.4,94,8.46,4.0601,4.059,4.0631,4.1,,,,,0,0,0,0,0,-0.86,0.0,0.0,CFCFD0D0D0D0D0D0D0D0D0D0D0D0D0D0CFCFCFD0D0D0CFD0D0D0
2026-09-03T05:34:55.664620Z,989.723,13.6V,,,84.053,161.43,280.22,19.45,100.4,94,8.68,4.0602,4.0591,4.0631,4.0,,,,,0,0,0,0,0,-0.86,0.0,0.0,CFCFD0D0D0D0D0D0D0D0D0D0D0D1D0D0CFD0CFD0D0D0D0D0D0D0
2026-09-03T05:35:07.977297Z,1002.036,13.6V,,,84.053,161.46,280.22,19.45,100.4,94,8.85,4.0603,4.0594,4.0632,3.8,,,,,0,0,0,0,0,-0.86,0.0,0.0,CFCFD0D0D0D0D0D0D0D0D0D0D0D1D0D0CFD0D0D0D0D0D0D0D0D0
2026-09-03T05:35:16.420739Z,1010.479,13.6V,,,,,280.22,19.45,100.4,94,,4.0605,4.0595,4.0634,3.9,,,,,0,0,0,0,0,-0.86,0.0,0.0,CFCFD0D0D0D0D0D0D0D0D0D0D0D1D0D0D0D0D0D0D0D0D0D0D0D0
2026-09-03T05:35:25.475178Z,1019.534,13.6V,,,84.053,161.5,280.22,19.45,100.4,94,8.73,4.0605,4.0594,4.0635,4.1,,,,,0,0,0,0,0,-0.86,0.0,0.0,CFD0D0D0D0D0D0D0D0D0D0D0D0D1D0D0D0D0D0D0D0D0D0D0D0D0
2026-09-03T05:35:33.935888Z,1027.994,13.6V,,,84.053,161.52,280.22,19.45,100.4,94,8.71,4.0606,4.0596,4.0635,3.9,,,,,0,0,0,0,0,-0.86,0.0,0.0,CFD0D0D0D0D0D0D0D0D0D0D0D0D1D0D0D0D0D0D0D0D0D0D0D1D0
2026-09-03T05:35:42.789778Z,1036.848,13.6V,,,84.053,161.54,280.22,19.45,100.4,94,8.4,4.0607,4.0596,4.0637,4.1,,,,,0,0,0,0,0,-0.86,0.0,0.0,CFD0D0D0D0D0D0D0D0D0D0D0D0D1D0D0D0D0D0D0D0D0D0D0D1D0
2026-09-03T05:35:51.180852Z,1045.239,13.6V,,,84.053,161.56,280.22,19.45,100.4,94,8.43,4.0608,4.0598,4.0637,3.9,,,,,0,0,0,0,0,-0.86,0.0,0.0,CFD0D0D0D0D1D1D0D0D0D0D0D0D1D0D0D0D0D0D0D0D0D0D0D1D0
2026-09-03T05:36:06.523855Z,1060.582,13.6V,,,84.053,161.59,280.22,19.45,100.4,94,7.99,4.061,4.0601,4.0639,3.8,,,,,0,0,0,0,0,-0.86,0.0,0.0,CFD0D0D0D0D1D1D0D0D0D0D0D0D1D0D0D0D0D0D0D0D0D0D0D1D0
2026-09-03T05:36:20.846189Z,1074.905,13.6V,,,84.053,161.62,280.22,19.45,100.4,94,7.8,4.0612,4.0601,4.0641,4.0,,,,,0,0,0,0,0,-0.86,0.0,0.0,CFD0D0D0D0D1D1D0D0D0D1D0D1D1D0D0D0D0D0D0D0D0D0D0D1D0
2026-09-03T05:36:29.227660Z,1083.286,13.6V,,,84.053,161.64,280.22,19.45,100.4,94,7.81,4.0612,4.0602,4.0641,3.9,,,,,0,0,0,0,0,-0.86,0.0,0.0,CFD0D0D0D1D1D1D1D1D0D1D0D1D1D0D0D0D0D0D0D0D0D0D0D1D0
2026-09-03T05:36:38.286390Z,1092.345,13.6V,,,84.453,161.67,280.22,19.45,100.4,94,8.43,4.0613,4.0604,4.0641,3.7,,,,,0,0,0,0,0,-0.86,0.0,0.0,CFD0D1D1D1D1D1D1D1D1D1D1D1D1D0D0D0D0D0D0D0D0D0D0D1D0
2026-09-03T05:36:46.732833Z,1100.791,13.6V,,,84.453,161.69,280.22,19.45,100.4,94,8.42,4.0614,4.0604,4.0644,4.0,,,,,0,0,0,0,0,-0.86,0.0,0.0,CFD0D1D1D1D1D1D1D1D1D1D1D1D1D0D0D0D0D0D0D0D0D0D0D1D0
2026-09-03T05:36:55.157789Z,1109.216,13.6V,,,84.453,161.71,280.22,19.45,100.4,95,8.88,4.0615,4.0604,4.0643,3.9,,,,,0,0,0,0,0,-0.86,0.0,0.0,CFD0D1D1D1D1D1D1D1D1D1D1D1D1D0D0D0D0D0D0D0D0D0D0D1D0
2026-09-03T05:37:03.578265Z,1117.637,13.6V,,,84.453,161.73,280.22,19.45,100.4,94,8.83,4.0615,4.0604,4.0644,4.0,,,,,0,0,0,0,0,-0.86,0.0,0.0,CFD0D1D1D1D1D1D1D1D1D1D1D1D1D0D0D0D0D0D0D0D0D0D0D1D0
2026-09-03T05:37:11.964269Z,1126.023,13.6V,,,84.453,161.74,280.84,19.45,100.4,95,8.45,4.0617,4.0607,4.0646,3.9,,,,,0,0,0,0,0,-0.86,0.0,0.0,CFD0D1D1D1D1D1D1D1D1D1D1D1D1D0D0D0D0D0D0D0D0D0D0D1D0
2026-09-03T05:37:20.406720Z,1134.465,13.6V,,,84.453,161.77,280.84,19.45,100.4,95,9.07,4.0617,4.0607,4.0647,4.0,,,,,0,0,0,0,0,-0.86,0.0,0.0,CFD0D1D1D1D1D1D1D1D1D1D1D1D1D0D0D0D0D0D0D0D0D0D0D1D0
2026-09-03T05:37:28.808302Z,1142.867,13.6V,,,84.453,161.79,280.84,19.45,100.4,95,9.06,4.0618,4.0609,4.0646,3.7,,,,,0,0,0,0,0,-0.86,0.0,0.0,CFD0D1D1D1D1D1D1D1D1D1D1D1D1D0D0D0D0D0D0D0D0D0D0D1D0
2026-09-03T05:37:45.364774Z,1159.423,13.6V,,,84.453,161.83,280.84,19.45,100.4,95,8.6,4.062,4.0609,4.0648,3.9,,,,,0,0,0,0,0,-0.86,0.0,0.0,CFD0D1D1D1D1D1D1D1D1D1D1D1D1D0D0D0D0D0D0D0D0D0D0D1D0
2026-09-03T05:37:58.239903Z,1172.298,13.6V,,,84.453,161.85,280.84,19.45,100.4,98,7.9,4.0621,4.0611,4.065,3.9,,,,,0,0,0,0,0,-0.86,0.0,0.0,CFD0D1D1D1D1D1D1D1D1D1D1D1D1D0D0D0D0D0D0D0D0D0D0D1D0
2026-09-03T05:38:06.840261Z,1180.899,13.6V,,,84.453,161.87,280.84,19.45,100.4,95,8.53,4.0622,4.0612,4.065,3.8,,,,,0,0,0,0,0,-0.86,0.0,0.0,CFD0D1D1D1D1D1D1D1D1D1D1D1D1D0D0D0D0D0D0D0D0D0D0D1D0
2026-09-03T05:38:16.236613Z,1190.295,13.6V,,,84.453,161.9,280.84,19.45,100.4,95,8.38,4.0623,4.0613,4.0651,3.8,,,,,0,0,0,0,0,-0.86,0.0,0.0,CFD0D1D1D1D1D1D1D1D1D1D1D1D1D0D0D0D0D0D0D0D0D0D0D1D0
2026-09-03T05:38:24.714807Z,1198.773,13.6V,,,84.453,161.92,280.84,19.45,100.4,95,8.37,4.0623,4.0614,4.0652,3.8,,,,,0,0,0,0,0,-0.86,0.0,0.0,CFD0D1D1D1D1D1D1D1D1D1D1D1D1D0D0D0D0D0D0D0D0D0D0D1D0
2026-09-03T05:38:33.098672Z,1207.157,13.6V,,,84.453,161.94,280.84,19.45,100.4,95,8.3,4.0624,4.0615,4.0653,3.8,,,,,0,0,0,0,0,-0.86,0.0,0.0,CFD0D1D1D1D1D1D1D1D1D1D1D1D1D0D0D0D0D0D0D0D0D0D0D1D0
2026-09-03T05:38:42.087332Z,1216.146,13.6V,,,84.453,161.96,280.84,19.45,100.4,95,8.25,4.0625,4.0616,4.0653,3.7,,,,,0,0,0,0,0,-0.86,0.0,0.0,CFD0D1D1D1D1D1D1D1D1D1D1D1D1D0D0D0D0D0D0D0D0D0D0D1D0
2026-09-03T05:38:50.487963Z,1224.546,13.6V,,,84.453,161.98,280.84,19.45,100.4,95,8.96,4.0626,4.0617,4.0655,3.8,,,,,0,0,0,0,0,-0.86,0.0,0.0,CFD0D1D1D1D1D1D1D1D1D1D1D1D1D0D0D0D0D0D0D0D0D0D0D1D0
2026-09-03T05:39:05.105764Z,1239.164,13.6V,,,84.453,162.02,280.84,19.45,100.4,95,9.27,4.0628,4.0618,4.0657,3.9,,,,,0,0,0,0,0,-0.86,,0.0,CFD0D1D1D1D1D1D1D1D1D1D1D1D1D0D0D0D0D0D0D0D0D0D0D1D0
2026-09-03T05:39:20.658897Z,1254.717,13.6V,,,84.453,162.05,280.84,19.45,100.4,98,8.37,4.063,4.0621,4.0658,3.7,,,,,0,0,0,0,0,-0.86,0.0,0.0,CFD0D1D1D1D1D1D1D1D1D1D1D1D1D0D0D0D0D0D0D0D0D0D0D1D0
2026-09-03T05:39:29.075182Z,1263.134,13.6V,,,84.453,162.07,280.84,19.45,100.4,98,8.36,4.0631,4.062,4.0659,3.9,,,,,0,0,0,0,0,-0.86,0.0,0.0,D0D0D1D1D1D1D1D1D1D1D1D1D1D1D0D0D0D0D0D0D0D0D0D0D1D0
2026-09-03T05:39:37.587636Z,1271.646,13.6V,,,84.453,162.09,280.84,19.45,100.4,95,8.43,4.0631,4.0622,4.0658,3.6,,,,,0,0,0,0,0,-0.86,0.0,0.0,D0D0D1D1D1D1D1D1D1D1D1D1D1D1D0D0D0D0D0D0D0D0D0D0D1D0
2026-09-03T05:39:45.996428Z,1280.055,13.6V,,,84.453,162.11,281.47,19.45,100.4,95,8.43,4.0633,4.0623,4.0661,3.8,,,,,0,0,0,0,0,-0.86,0.0,0.0,D0D0D1D1D1D1D1D1D1D1D1D1D1D1D0D0D0D0D0D0D0D0D0D0D1D0
2026-09-03T05:39:54.365818Z,1288.424,13.6V,,,84.453,162.13,281.47,19.45,100.4,98,8.04,4.0634,4.0623,4.0663,4.0,,,,,0,0,0,0,0,-0.86,0.0,0.0,D0D0D1D1D1D1D1D1D1D1D1D1D1D1D0D0D0D0D0D0D0D0D0D0D1D0
2026-09-03T05:40:03.719394Z,1297.778,13.6V,,,84.453,162.15,281.47,19.45,100.4,98,7.98,4.0634,4.0624,4.0662,3.8,,,,,0,0,0,0,0,-0.86,0.0,0.0,D0D0D1D1D1D1D1D1D1D1D1D1D1D1D0D0D0D0D0D0D0D0D0D0D1D0
2026-09-03T05:40:12.327761Z,1306.386,13.6V,,,84.453,162.17,281.47,19.45,100.4,95,8.36,4.0635,4.0625,4.0664,3.9,,,,,0,0,0,0,0,-0.86,0.0,0.0,D0D0D1D1D1D1D1D1D1D1D1D1D1D1D0D0D0D0D0D0D0D0D0D0D1D0
2026-09-03T05:40:23.140665Z,1317.199,13.6V,,,84.453,162.2,281.47,19.45,100.4,95,8.66,4.0637,4.0628,4.0665,3.7,,,,,0,0,0,0,0,-0.86,0.0,,D0D0D1D1D1D1D1D1D1D1D1D1D1D1D1D0D0D0D0D0D0D0D0D0D1D0
2026-09-03T05:40:39.552057Z,1333.611,13.6V,,,84.453,162.24,281.47,19.45,100.4,95,8.74,4.0638,4.0629,4.0665,3.6,,,,,0,0,0,0,0,-0.86,0.0,0.0,D0D0D1D1D1D1D1D1D1D1D1D1D1D1D1D0D0D0D0D1D0D0D0D1D1D0
2026-09-03T05:40:48.065590Z,1342.124,13.6V,,,84.453,162.26,281.47,19.45,100.4,98,8.72,4.0639,4.063,4.0668,3.8,,,,,0,0,0,0,0,-0.86,0.0,0.0,D0D0D1D1D1D1D1D1D1D1D1D1D1D1D1D0D0D0D0D1D1D0D0D1D1D1
2026-09-03T05:40:56.480572Z,1350.539,13.6V,,,84.453,162.28,281.47,19.45,100.4,95,8.87,4.064,4.0629,4.0668,3.9,,,,,0,0,0,0,0,-0.86,0.0,0.0,D0D0D1D1D1D1D1D1D1D1D1D1D1D2D1D1D0D0D0D1D1D1D0D1D1D1
2026-09-03T05:41:05.154452Z,1359.213,13.6V,,,84.453,162.3,281.47,19.45,100.4,95,8.86,4.064,4.0631,4.0668,3.7,,,,,0,0,0,0,0,-0.86,0.0,0.0,D0D0D1D1D1D1D1D1D1D1D1D1D1D2D1D1D0D1D0D1D1D1D1D1D1D1
2026-09-03T05:41:13.832468Z,1367.891,13.6V,,,84.453,162.32,281.47,19.45,100.4,95,8.52,4.0641,4.0632,4.0668,3.6,,,,,0,0,0,0,0,-0.86,0.0,0.0,D0D1D1D1D1D1D1D1D1D1D1D1D1D2D1D1D0D1D0D1D1D1D1D1D1D1
2026-09-03T05:41:22.273939Z,1376.332,13.6V,,,84.453,162.34,281.47,19.45,100.4,95,8.52,4.0642,4.0632,4.0671,3.9,,,,,0,0,0,0,0,-0.86,0.0,0.0,D0D1D1D1D1D1D1D1D1D1D1D1D1D2D1D1D0D1D1D1D1D1D1D1D1D1
2026-09-03T05:41:30.713364Z,1384.772,13.6V,,,84.453,162.36,281.47,19.45,100.4,95,8.44,4.0643,4.0634,4.0672,3.8,,,,,0,0,0,0,0,-0.86,0.0,0.0,D0D1D1D1D1D1D1D1D1D1D1D1D1D2D1D1D1D1D1D1D1D1D1D1D1D1
2026-09-03T05:41:39.577177Z,1393.636,13.6V,,,84.453,162.38,281.47,19.45,100.4,95,8.39,4.0644,4.0635,4.0671,3.6,,,,,0,0,0,0,0,-0.86,0.0,0.0,D0D1D1D1D1D1D2D1D1D1D1D1D1D2D1D1D1D1D1D1D1D1D1D1D1D1
2026-09-03T05:41:47.940161Z,1401.999,13.6V,,,,162.4,281.47,19.45,100.4,95,8.42,4.0645,4.0635,4.0673,3.8,,,,12.8,0,0,0,0,0,-0.86,0.0,0.0,D0D1D1D1D1D2D2D1D1D1D1D1D1D2D1D1D1D1D1D1D1D1D1D1D2D1
2026-09-03T05:42:02.744796Z,1416.803,13.6V,,,84.852,162.44,281.47,19.45,100.4,95,8.75,4.0646,4.0636,4.0675,3.9,390.05,-22.15,-8.64,12.8,0,0,0,0,0,-1.12,0.0,-0.00637,D0D1D1D1D1D2D2D1D1D1D1D1D1D2D1D1D1D1D1D1D1D1D1D1D2D1
2026-09-03T05:42:16.125039Z,1430.184,13.6V,,,84.852,162.47,282.09,19.45,100.4,95,8.69,4.0647,4.0637,4.0674,3.7,390.2,-21.85,-8.53,12.8,0,0,0,0,0,-1.12,0.0,0.0,D0D1D1D1D1D2D2D1D2D1D2D1D2D2D1D1D1D1D1D1D1D1D1D1D2D1
2026-09-03T05:42:22.778684Z,1436.837,13.6V,,,84.852,162.48,282.09,19.45,100.4,95,8.3,4.0648,4.0638,4.0676,3.8,390.05,-21.25,-8.29,12.8,0,0,0,0,0,-1.12,0.0,-0.00637,D0D1D1D1D2D2D2D2D2D1D2D1D2D2D1D1D1D1D1D1D1D1D1D1D2D1
2026-09-03T05:42:29.491361Z,1443.55,13.6V,,,84.852,162.5,282.09,19.45,100.4,95,8.57,4.0649,4.0639,4.0677,3.8,390.05,-21.85,-8.52,12.8,0,0,0,0,0,-1.12,0.0,-0.00637,D0D1D2D2D2D2D2D2D2D2D2D2D2D2D1D1D1D1D1D1D1D1D1D1D2D1
2026-09-03T05:42:36.141361Z,1450.2,13.6V,,,84.852,162.51,282.09,19.45,100.4,95,8.27,4.065,4.0639,4.0678,3.9,390.05,-21.85,-8.52,12.8,0,0,0,0,0,-1.12,0.0,-0.00637,D0D1D2D2D2D2D2D2D2D2D2D2D2D2D1D1D1D1D1D1D1D1D1D1D2D1
2026-09-03T05:42:42.792735Z,1456.851,13.6V,,,84.852,162.53,282.09,19.45,100.4,95,8.53,4.0649,4.0641,4.0677,3.6,390.2,-21.85,-8.53,12.8,0,0,0,0,0,-1.12,0.0,-0.00637,D0D1D2D2D2D2D2D2D2D2D2D2D2D2D1D1D1D1D1D1D1D1D1D1D2D1
2026-09-03T05:42:49.425241Z,1463.484,13.6V,,,84.852,162.54,282.09,19.45,100.4,95,7.71,4.065,4.064,4.0678,3.8,390.24,-21.85,-8.53,12.8,0,0,0,0,0,-1.12,0.0,-0.00637,D0D1D2D2D2D2D2D2D2D2D2D2D2D2D1D1D1D1D1D1D1D1D1D1D2D1
2026-09-03T05:42:56.137793Z,1470.196,13.6V,,,84.852,162.56,282.09,19.45,100.4,95,8.09,4.0652,4.0642,4.068,3.8,390.2,-21.85,-8.53,12.8,0,0,0,0,0,-1.12,0.0,-0.00637,D0D1D2D2D2D2D2D2D2D2D2D2D2D2D1D1D1D1D1D1D1D1D1D1D2D1
2026-09-03T05:43:02.802586Z,1476.861,13.6V,,,84.852,162.57,282.09,19.45,100.4,95,7.71,4.0652,4.0642,4.068,3.8,390.2,-21.85,-8.53,12.8,0,0,0,0,0,-1.12,0.0,-0.00637,D0D1D2D2D2D2D2D2D2D2D2D2D2D2D1D1D1D1D1D1D1D1D1D1D2D1
2026-09-03T05:43:09.525478Z,1483.584,13.6V,,,84.852,162.59,282.09,19.45,100.4,95,8.09,4.0653,4.0643,4.0681,3.8,,,,,0,0,0,0,0,-1.12,0.0,-0.00637,D0D1D2D2D2D2D2D2D2D2D2D2D2D2D1D1D1D1D1D1D1D1D1D1D2D1
2026-09-03T05:43:17.966581Z,1492.025,13.6V,,,,162.61,282.09,19.45,100.4,95,8.48,4.0654,4.0645,4.0681,3.6,,,,,0,0,0,0,0,-1.12,0.0,-0.00637,D0D1D2D2D2D2D2D2D2D2D2D2D2D2D1D1D1D1D1D1D1D1D1D1D2D1
2026-09-03T05:43:34.009243Z,1508.068,13.6V,,,84.852,162.65,282.09,19.45,100.4,95,8.71,4.0656,4.0646,4.0684,3.8,,,,,0,0,0,0,0,-1.12,0.0,-0.00637,D0D1D2D2D2D2D2D2D2D2D2D2D2D2D1D1D1D1D1D1D1D1D1D1D2D1
2026-09-03T05:43:48.091926Z,1522.15,13.6V,,,84.852,162.68,282.09,19.45,100.4,95,8.59,4.0657,4.0648,4.0684,3.6,,,,,0,0,0,0,0,-1.12,0.0,-0.00637,D0D1D2D2D2D2D2D2D2D2D2D2D2D2D1D1D1D1D1D1D1D1D1D1D2D1
2026-09-03T05:43:56.568119Z,1530.627,13.6V,,,84.852,162.7,282.09,19.45,100.4,95,8.7,4.0658,4.065,4.0686,3.6,,,,,0,0,0,0,0,-1.12,0.0,-0.00637,D0D1D2D2D2D2D2D2D2D2D2D2D2D2D1D1D1D1D1D1D1D1D1D1D2D1
2026-09-03T05:44:04.998200Z,1539.057,13.6V,,,84.852,162.72,282.09,19.45,100.4,95,8.44,4.0659,4.0649,4.0687,3.8,,,,,0,0,0,0,0,-1.12,0.0,-0.00637,D0D1D2D2D2D2D2D2D2D2D2D2D2D2D1D1D1D1D1D1D1D1D1D1D2D1
2026-09-03T05:44:13.377900Z,1547.436,13.6V,,,84.852,162.74,282.09,19.45,100.4,95,8.45,4.066,4.065,4.0687,3.7,,,,,0,0,0,0,0,-1.12,0.0,-0.00637,D0D1D2D2D2D2D2D2D2D2D2D2D2D2D1D1D1D1D1D1D1D1D1D1D2D1
2026-09-03T05:44:21.858724Z,1555.917,13.6V,,,84.852,162.76,282.09,19.45,100.4,95,8.28,4.066,4.0651,4.0687,3.6,,,,,0,0,0,0,0,-1.12,0.0,-0.00637,D0D1D2D2D2D2D2D2D2D2D2D2D2D2D1D1D1D1D1D1D1D1D1D1D2D1
2026-09-03T05:44:30.284606Z,1564.343,13.6V,,,84.852,162.78,282.09,19.45,100.4,95,8.32,4.0662,4.0652,4.0689,3.7,,,,,0,0,0,0,0,-1.12,0.0,-0.00637,D0D1D2D2D2D2D2D2D2D2D2D2D2D2D1D1D1D1D1D1D1D1D1D1D2D1
2026-09-03T05:44:44.108425Z,1578.167,13.6V,,,84.852,162.81,282.71,19.45,100.4,95,8.35,4.0663,4.0654,4.0691,3.7,,,,,0,0,0,0,0,-1.12,0.0,-0.00637,D0D1D2D2D2D2D2D2D2D2D2D2D2D2D1D1D1D1D1D1D1D1D1D1D2D1
2026-09-03T05:45:00.407700Z,1594.466,13.6V,,,84.852,162.85,282.71,19.45,100.4,95,8.45,4.0664,4.0655,4.0692,3.7,,,,,0,0,0,0,0,-1.12,0.0,-0.00637,D0D1D2D2D2D2D2D2D2D2D2D2D2D2D1D1D1D1D1D1D1D1D1D1D2D1
2026-09-03T05:45:08.806233Z,1602.865,13.6V,,,84.852,162.87,282.71,19.45,100.4,95,8.44,4.0665,4.0654,4.0692,3.8,,,,,0,0,0,0,0,-1.12,0.0,-0.00637,D0D1D2D2D2D2D2D2D2D2D2D2D2D2D1D1D1D1D1D1D1D1D1D1D2D1
2026-09-03T05:45:17.320210Z,1611.379,13.6V,,,84.852,162.89,282.71,19.45,100.4,95,8.44,4.0667,4.0656,4.0694,3.8,,,,,0,0,0,0,0,-1.12,0.0,-0.00637,D0D1D2D2D2D2D2D2D2D2D2D2D2D2D1D1D1D1D1D1D1D1D1D1D2D1
2026-09-03T05:45:25.989350Z,1620.048,13.6V,,,84.852,162.91,282.71,19.45,100.4,95,8.4,4.0667,4.0657,4.0696,3.9,,,,,0,0,0,0,0,-1.12,0.0,-0.00637,D0D1D2D2D2D2D2D2D2D2D2D2D2D2D1D1D1D1D1D1D1D1D1D1D2D1
2026-09-03T05:45:34.622605Z,1628.681,13.6V,,,84.852,162.93,282.71,19.45,100.4,95,8.55,4.0668,4.0658,4.0695,3.7,,,,,0,0,0,0,0,-1.12,0.0,-0.00637,D0D1D2D2D2D2D2D2D2D2D2D2D2D2D1D1D1D1D1D1D1D1D1D1D2D1
2026-09-03T05:45:43.055073Z,1637.114,13.6V,,,84.852,162.95,282.71,19.45,100.4,95,8.55,4.0668,4.0658,4.0694,3.6,,,,,0,0,0,0,0,-1.12,0.0,-0.00637,D1D1D2D2D2D2D2D2D2D2D2D2D2D2D1D1D1D1D1D1D1D1D1D1D2D1
2026-09-03T05:45:51.441568Z,1645.5,13.6V,,,84.852,162.97,282.71,19.45,100.4,95,8.46,4.067,4.066,4.0697,3.7,,,,,0,0,0,0,0,-1.12,0.0,,D1D1D2D2D2D2D2D2D2D2D2D2D2D2D1D1D1D1D1D1D1D1D1D1D2D1
2026-09-03T05:46:07.963113Z,1662.022,13.6V,,,84.852,163.01,282.71,19.45,100.4,95,8.52,4.0671,4.0661,4.0697,3.6,,,,,0,0,0,0,0,-1.12,0.0,-0.00637,D1D1D2D2D2D2D2D2D2D2D2D2D2D2D1D1D1D1D1D1D1D1D1D1D2D1
2026-09-03T05:46:20.904384Z,1674.963,13.6V,,,84.852,163.04,282.71,19.45,100.4,95,8.52,4.0673,4.0664,4.0701,3.7,,,,,0,0,0,0,0,-1.12,0.0,-0.00637,D1D1D2D2D2D2D2D2D2D2D2D2D2D2D1D1D1D1D1D1D1D1D1D1D2D1
2026-09-03T05:46:29.585143Z,1683.644,13.6V,,,84.852,163.06,282.71,19.45,100.4,95,8.51,4.0673,4.0663,4.0701,3.8,,,,,0,0,0,0,0,-1.12,0.0,-0.00637,D1D1D2D2D2D2D2D2D2D2D2D2D2D2D1D1D1D1D1D1D1D1D1D1D2D1
2026-09-03T05:46:38.061729Z,1692.12,13.6V,,,84.852,163.08,282.71,19.45,100.4,95,8.51,4.0674,4.0665,4.07,3.5,,,,,0,0,0,0,0,-1.12,0.0,-0.00637,D1D1D2D2D2D2D2D2D2D2D2D2D2D2D2D1D1D1D1D1D1D1D1D1D2D1
2026-09-03T05:46:46.510973Z,1700.569,13.6V,,,84.852,163.1,282.71,19.45,100.4,95,8.5,4.0675,4.0664,4.0702,3.8,,,,,0,0,0,0,0,-1.12,0.0,-0.00637,D1D1D2D2D2D2D2D2D2D2D2D2D2D3D2D1D1D1D1D1D1D1D1D1D2D1
2026-09-03T05:46:54.987057Z,1709.046,13.6V,,,84.852,163.12,282.71,19.45,100.4,95,8.42,4.0676,4.0667,4.0704,3.7,,,,,0,0,0,0,0,-1.12,0.0,-0.00637,D1D1D2D2D2D2D2D2D2D2D2D2D2D3D2D1D1D1D1D2D1D1D1D2D2D1
2026-09-03T05:47:03.395391Z,1717.454,13.6V,,,84.852,163.14,282.71,19.45,100.4,95,8.44,4.0677,4.0667,4.0705,3.8,,,,,0,0,0,0,0,-1.12,0.0,-0.00637,D1D1D2D2D2D2D2D2D2D2D2D2D2D3D2D1D1D1D1D2D2D1D1D2D2D2
2026-09-03T05:47:11.795790Z,1725.854,13.6V,,,84.852,163.16,282.71,19.45,100.4,95,8.49,4.0677,4.0668,4.0704,3.6,,,,,0,0,0,0,0,-1.12,0.0,-0.00637,D1D2D2D2D2D2D2D2D2D2D2D2D2D3D2D2D1D1D1D2D2D1D1D2D2D2
2026-09-03T05:47:21.497340Z,1735.556,13.6V,,,85.252,163.18,283.33,19.45,100.4,95,8.32,4.0679,4.067,4.0705,3.5,,,,,0,0,0,0,0,-1.12,0.0,-0.00637,D1D2D2D2D2D2D2D2D2D2D2D2D2D3D2D2D1D2D1D2D2D2D1D2D2D2
2026-09-03T05:47:32.264602Z,1746.323,13.6V,,,85.252,163.21,283.33,19.45,100.4,95,8.63,4.068,4.067,4.0708,3.8,,,,,0,0,0,0,0,-1.12,0.0,-0.00637,D1D2D2D2D2D2D3D2D2D2D2D2D2D3D2D2D1D2D1D2D2D2D2D2D2D2
2026-09-03T05:47:47.736317Z,1761.795,13.6V,,,85.252,163.25,283.33,19.45,100.4,95,8.87,4.0682,4.0673,4.0709,3.6,,,,,0,0,0,0,0,-1.12,0.0,-0.00637,D1D2D2D2D2D3D3D2D2D2D2D2D2D3D2D2D2D2D2D2D2D2D2D2D2D2
2026-09-03T05:47:56.913491Z,1770.972,13.6V,,,85.252,163.27,283.33,19.45,100.4,95,8.74,4.0683,4.0672,4.071,3.8,,,,,0,0,0,0,0,-1.12,0.0,-0.00637,D1D2D2D2D2D3D3D2D2D2D2D2D2D3D2D2D2D2D2D2D2D2D2D2D2D2
2026-09-03T05:48:05.312181Z,1779.371,13.6V,,,85.252,163.29,283.33,19.45,100.4,95,8.74,4.0683,4.0674,4.0709,3.5,,,,,0,0,0,0,0,-1.12,0.0,-0.00637,D1D2D2D2D2D3D3D2D2D2D3D2D3D3D2D2D2D2D2D2D2D2D2D2D3D2
2026-09-03T05:48:13.737151Z,1787.796,13.6V,,,85.252,163.31,283.33,19.45,100.4,95,8.96,4.0684,4.0674,4.071,3.6,,,,,0,0,0,0,0,-1.12,0.0,-0.00637,D1D2D2D2D2D3D3D2D3D2D3D2D3D3D2D2D2D2D2D2D2D2D2D2D3D2
2026-09-03T05:48:22.398768Z,1796.457,13.6V,,,85.252,163.33,283.33,19.45,100.4,95,8.62,4.0685,4.0677,4.0712,3.5,,,,,0,0,0,0,0,-1.12,0.0,-0.00637,D1D2D2D3D3D3D3D3D3D3D3D3D3D3D2D2D2D2D2D2D2D2D2D2D3D2
2026-09-03T05:48:31.003830Z,1805.062,13.6V,,,85.252,163.35,283.33,19.45,100.4,98,8.58,4.0686,4.0676,4.0713,3.7,,,,,0,0,0,0,0,-1.12,0.0,-0.00637,D1D2D3D3D3D3D3D3D3D3D3D3D3D3D2D2D2D2D2D2D2D2D2D2D3D2
2026-09-03T05:48:39.396321Z,1813.455,13.6V,,,,,283.33,19.45,100.4,98,,4.0687,4.0678,4.0713,3.5,,,,,0,0,0,0,0,-1.12,0.0,-0.00637,D1D2D3D3D3D3D3D3D3D3D3D3D3D3D2D2D2D2D2D2D2D2D2D2D3D2
2026-09-03T05:48:48.321531Z,1822.38,13.6V,,,85.252,163.39,283.33,19.45,100.4,98,8.4,4.0688,4.068,4.0715,3.5,,,,,0,0,0,0,0,-1.12,0.0,-0.00637,D1D2D3D3D3D3D3D3D3D3D3D3D3D3D2D2D2D2D2D2D2D2D2D2D3D2
2026-09-03T05:49:03.944747Z,1838.003,13.6V,,,85.252,163.43,283.33,19.45,100.4,95,8.6,4.0689,4.0679,4.0716,3.7,,,,,0,0,0,0,0,-1.12,0.0,-0.00637,D1D2D3D3D3D3D3D3D3D3D3D3D3D3D2D2D2D2D2D2D2D2D2D2D3D2
2026-09-03T05:49:17.520429Z,1851.579,13.6V,,,85.252,163.46,283.33,19.45,100.4,95,8.49,4.069,4.0681,4.0717,3.6,,,,,0,0,0,0,0,-1.12,0.0,-0.00637,D1D2D3D3D3D3D3D3D3D3D3D3D3D3D2D2D2D2D2D2D2D2D2D2D3D2
2026-09-03T05:49:26.234767Z,1860.293,13.6V,,,85.252,163.48,283.33,19.45,100.4,95,8.47,4.0691,4.0681,4.0717,3.6,,,,,0,0,0,0,0,-1.12,0.0,-0.00637,D1D2D3D3D3D3D3D3D3D3D3D3D3D3D2D2D2D2D2D2D2D2D2D2D3D2
2026-09-03T05:49:34.885221Z,1868.944,13.6V,,,85.252,163.5,283.33,19.45,100.4,95,8.5,4.0692,4.0683,4.072,3.7,,,,,0,0,0,0,0,-1.12,0.0,-0.00637,D1D2D3D3D3D3D3D3D3D3D3D3D3D3D2D2D2D2D2D2D2D2D2D2D3D2
2026-09-03T05:49:43.340444Z,1877.399,13.6V,,,85.252,163.52,283.33,19.45,100.4,95,8.51,4.0692,4.0683,4.0718,3.5,,,,,0,0,0,0,0,-1.12,0.0,-0.00637,D1D2D3D3D3D3D3D3D3D3D3D3D3D3D2D2D2D2D2D2D2D2D2D2D3D2
2026-09-03T05:49:51.711697Z,1885.77,13.6V,,,85.252,163.54,283.95,19.45,100.4,95,8.29,4.0694,4.0685,4.0721,3.6,,,,,0,0,0,0,0,-1.12,0.0,-0.00637,D1D2D3D3D3D3D3D3D3D3D3D3D3D3D2D2D2D2D2D2D2D2D2D2D3D2
2026-09-03T05:50:00.169452Z,1894.228,13.6V,,,,,283.95,19.45,100.4,95,,4.0694,4.0686,4.0721,3.5,,,,,0,0,0,0,0,-1.12,0.0,-0.00637,D1D2D3D3D3D3D3D3D3D3D3D3D3D3D2D2D2D2D2D2D2D2D2D2D3D2
2026-09-03T05:50:09.185758Z,1903.244,13.6V,,,85.252,163.58,283.95,19.45,100.4,95,8.36,4.0695,4.0686,4.0721,3.5,,,,,0,0,0,0,0,-1.12,0.0,-0.00637,D1D2D3D3D3D3D3D3D3D3D3D3D3D3D2D2D2D2D2D2D2D2D2D2D3D2
2026-09-03T05:50:24.992006Z,1919.051,13.6V,,,85.252,163.62,283.95,19.45,100.4,95,8.58,4.0697,4.0687,4.0724,3.7,,,,,0,0,0,0,0,-1.12,0.0,-0.00637,D1D2D3D3D3D3D3D3D3D3D3D3D3D3D2D2D2D2D2D2D2D2D2D2D3D2
2026-09-03T05:50:38.022309Z,1932.081,13.6V,,,85.252,163.65,283.95,19.45,100.4,95,8.56,4.0698,4.0689,4.0726,3.7,,,,,0,0,0,0,0,-1.12,0.0,-0.00637,D1D2D3D3D3D3D3D3D3D3D3D3D3D3D2D2D2D2D2D2D2D2D2D2D3D2
2026-09-03T05:50:46.420755Z,1940.479,13.6V,,,85.252,163.67,283.95,19.45,100.4,98,8.55,4.0699,4.0689,4.0725,3.6,,,,,0,0,0,0,0,-1.12,0.0,-0.00637,D1D2D3D3D3D3D3D3D3D3D3D3D3D3D2D2D2D2D2D2D2D2D2D2D3D2
2026-09-03T05:50:54.821193Z,1948.88,13.6V,,,85.252,163.69,283.95,19.45,100.4,95,8.68,4.07,4.069,4.0727,3.7,,,,,0,0,0,0,0,-1.12,0.0,-0.00637,D1D2D3D3D3D3D3D3D3D3D3D3D3D3D2D2D2D2D2D2D2D2D2D2D3D2
2026-09-03T05:51:03.180863Z,1957.239,13.6V,,,85.252,163.71,283.95,19.45,100.4,95,8.67,4.0701,4.0691,4.0726,3.5,,,,,0,0,0,0,0,-1.12,0.0,-0.00637,D1D2D3D3D3D3D3D3D3D3D3D3D3D3D2D2D2D2D2D2D2D2D2D2D3D2
2026-09-03T05:51:11.536244Z,1965.595,13.6V,,,85.252,163.73,283.95,19.45,100.4,95,8.51,4.0702,4.0694,4.0728,3.4,,,,,0,0,0,0,0,-1.12,0.0,-0.00637,D1D2D3D3D3D3D3D3D3D3D3D3D3D3D2D2D2D2D2D2D2D2D2D2D3D2
2026-09-03T05:51:19.955201Z,1974.014,13.6V,,,,,283.95,19.45,100.4,95,,4.0703,4.0693,4.073,3.7,,,,,0,0,0,0,0,-1.12,0.0,-0.00637,D1D2D3D3D3D3D3D3D3D3D3D3D3D3D2D2D2D2D2D2D2D2D2D2D3D2
2026-09-03T05:51:28.913642Z,1982.972,13.6V,,,85.252,163.77,283.95,19.45,100.4,95,8.49,4.0703,4.0694,4.0729,3.5,,,,,0,0,0,0,0,-1.12,0.0,-0.00637,D1D2D3D3D3D3D3D3D3D3D3D3D3D3D2D2D2D2D2D2D2D2D2D2D3D2
2026-09-03T05:51:37.982062Z,1992.041,13.6V,,,85.252,163.79,283.95,19.45,100.4,95,8.41,4.0705,4.0696,4.0731,3.5,,,,,0,0,0,0,0,-1.12,0.0,-0.00637,D1D2D3D3D3D3D3D3D3D3D3D3D3D3D2D2D2D2D2D2D2D2D2D2D3D2
2026-09-03T05:51:48.487852Z,2002.546,13.6V,,,85.252,163.82,283.95,19.45,100.4,95,8.72,4.0705,4.0697,4.0731,3.4,,,,,0,0,0,0,0,-1.12,0.0,-0.00637,D1D2D3D3D3D3D3D3D3D3D3D3D3D3D2D2D2D2D2D2D2D2D2D2D3D2
2026-09-03T05:52:04.864320Z,2018.923,13.6V,,,85.252,163.85,283.95,19.45,100.4,95,8.1,4.0707,4.0698,4.0733,3.5,,,,,0,0,0,0,0,-1.12,0.0,-0.00637,D2D2D3D3D3D3D3D3D3D3D3D3D3D3D2D2D2D2D2D2D2D2D2D2D3D2
2026-09-03T05:52:13.304325Z,2027.363,13.6V,,,85.252,163.87,283.95,19.45,100.4,98,8.11,4.0708,4.0699,4.0734,3.5,,,,,0,0,0,0,0,-1.12,0.0,-0.00637,D2D2D3D3D3D3D3D3D3D3D3D3D3D3D2D2D2D2D2D2D2D2D2D2D3D2
2026-09-03T05:52:22.406199Z,2036.465,13.6V,,,85.252,163.89,284.57,19.45,100.4,95,8.08,4.0709,4.0699,4.0736,3.7,,,,,0,0,0,0,0,-1.12,0.0,-0.00637,D2D2D3D3D3D3D3D3D3D3D3D3D3D3D2D2D2D2D2D2D2D2D2D2D3D2
2026-09-03T05:52:31.668731Z,2045.727,13.6V,,,85.252,163.91,284.57,19.45,100.4,98,8.05,4.071,4.0701,4.0735,3.4,,,,,0,0,0,0,0,-1.12,0.0,-0.00637,D2D2D3D3D3D3D3D3D3D3D3D3D3D3D2D2D2D2D2D2D2D2D2D2D3D2
2026-09-03T05:52:40.456454Z,2054.515,13.6V,,,,,284.57,19.45,100.4,95,,4.0711,4.0701,4.0737,3.6,,,,,0,0,0,0,0,-1.12,0.0,-0.00637,D2D2D3D3D3D3D3D3D3D3D3D3D3D4D2D2D2D2D2D2D2D2D2D2D3D2
2026-09-03T05:52:49.475365Z,2063.534,13.6V,,,85.653,163.96,284.57,19.45,100.4,95,8.88,4.0712,4.0703,4.0739,3.6,,,,,0,0,0,0,0,-1.12,0.0,-0.00637,D2D2D3D3D3D3D3D3D3D3D3D3D3D4D2D2D2D2D2D2D2D2D2D2D3D2
2026-09-03T05:52:57.863217Z,2071.922,13.6V,,,85.653,163.98,284.57,19.45,100.4,95,8.83,4.0712,4.0703,4.0738,3.5,,,,,0,0,0,0,0,-1.12,0.0,-0.00637,D2D2D3D3D3D3D3D3D3D3D3D3D3D4D3D2D2D2D2D2D2D2D2D2D3D2
2026-09-03T05:53:06.274390Z,2080.333,13.6V,,,85.653,164.0,284.57,19.45,100.4,95,8.84,4.0713,4.0704,4.074,3.6,,,,,0,0,0,0,0,-1.12,0.0,-0.00637,D2D3D3D3D3D3D3D3D3D3D3D3D3D4D3D2D2D2D2D2D2D2D2D2D3D2
2026-09-03T05:53:15.389892Z,2089.448,13.6V,,,85.653,164.02,284.57,19.45,100.4,95,8.83,4.0714,4.0704,4.074,3.6,,,,,0,0,0,0,0,-1.12,0.0,-0.00637,D2D3D3D3D3D3D3D3D3D3D3D3D3D4D3D2D2D2D2D3D3D2D2D3D3D3
2026-09-03T05:53:31.635607Z,2105.694,13.6V,,,85.653,164.06,284.57,19.45,100.4,95,9.0,4.0716,4.0706,4.0742,3.6,,,,,0,0,0,0,0,-1.12,0.0,-0.00637,D2D3D3D3D3D4D4D3D3D3D3D3D3D4D3D3D2D2D2D3D3D3D2D3D3D3
2026-09-03T05:53:43.896936Z,2117.955,13.6V,,,85.653,164.08,284.57,19.45,100.4,95,7.94,4.0716,4.0708,4.0743,3.5,,,,,0,0,0,0,0,-1.12,0.0,-0.00637,D2D3D3D3D3D4D4D3D3D3D3D3D3D4D3D3D2D3D2D3D3D3D3D3D3D3
2026-09-03T05:53:52.238226Z,2126.297,13.6V,,,85.653,164.1,284.57,19.45,100.4,98,7.94,4.0718,4.0708,4.0744,3.6,,,,,0,0,0,0,0,-1.12,0.0,-0.00637,D2D3D3D3D3D4D4D3D3D3D3D3D3D4D3D3D2D3D2D3D3D3D3D3D3D3
2026-09-03T05:54:00.673036Z,2134.732,13.6V,,,,,284.57,19.45,100.4,95,,4.0718,4.0709,4.0744,3.5,,,,,0,0,0,0,0,-1.12,0.0,-0.00637,D2D3D3D3D3D4D4D3D3D3D4D3D4D4D3D3D3D3D3D3D3D3D3D3D3D3
2026-09-03T05:54:09.624402Z,2143.683,13.6V,,,85.653,164.15,284.57,19.45,100.4,98,8.63,4.0719,4.071,4.0745,3.5,,,,,0,0,0,0,0,-1.12,0.0,-0.00637,D2D3D3D3D4D4D4D4D4D3D4D3D4D4D3D3D3D3D3D3D3D3D3D3D3D3
2026-09-03T05:54:19.022056Z,2153.081,13.6V,,,85.653,164.17,284.57,19.45,100.4,95,8.36,4.0719,4.0711,4.0745,3.4,,,,,0,0,0,0,0,-1.12,0.0,-0.00637,D2D3D4D4D4D4D4D4D4D4D4D4D4D4D3D3D3D3D3D3D3D3D3D3D4D3
2026-09-03T05:54:27.447069Z,2161.506,13.6V,,,85.653,164.19,284.57,19.45,100.4,95,8.39,4.0721,4.0712,4.0747,3.5,,,,,0,0,0,0,0,-1.12,0.0,-0.00637,D2D3D4D4D4D4D4D4D4D4D4D4D4D4D3D3D3D3D3D3D3D3D3D3D4D3
2026-09-03T05:54:38.676204Z,2172.735,13.6V,,,85.653,164.22,284.57,19.45,100.4,95,9.2,4.0722,4.0712,4.0748,3.6,,,,,0,0,0,0,0,-1.12,0.0,-0.00637,D2D3D4D4D4D4D4D4D4D4D4D4D4D4D3D3D3D3D3D3D3D3D3D3D4D3
2026-09-03T05:54:54.245349Z,2188.304,13.6V,,,85.653,164.25,285.19,19.45,100.4,95,8.07,4.0723,4.0714,4.0748,3.4,,,,,0,0,0,0,0,-1.12,0.0,-0.00637,D2D3D4D4D4D4D4D4D4D4D4D4D4D4D3D3D3D3D3D3D3D3D3D3D4D3
2026-09-03T05:55:02.659939Z,2196.718,13.6V,,,85.653,164.27,285.19,19.45,100.4,95,8.15,4.0725,4.0716,4.0751,3.5,,,,,0,0,0,0,0,-1.12,0.0,-0.00637,D2D3D4D4D4D4D4D4D4D4D4D4D4D4D3D3D3D3D3D3D3D3D3D3D4D3
2026-09-03T05:55:11.051374Z,2205.11,13.6V,,,85.653,164.29,285.19,19.45,100.4,95,8.3,4.0725,4.0716,4.0752,3.6,,,,,0,0,0,0,0,-1.12,0.0,-0.00637,D2D3D4D4D4D4D4D4D4D4D4D4D4D4D3D3D3D3D3D3D3D3D3D3D4D3
2026-09-03T05:55:19.486168Z,2213.545,13.6V,,,,,285.19,19.45,100.4,95,,4.0726,4.0718,4.0751,3.3,,,,,0,0,0,0,0,-1.12,0.0,-0.00637,D2D3D4D4D4D4D4D4D4D4D4D4D4D4D3D3D3D3D3D3D3D3D3D3D4D3
2026-09-03T05:55:28.459840Z,2222.518,13.6V,,,85.653,164.33,285.19,19.45,100.4,95,7.95,4.0727,4.0719,4.0753,3.4,,,,,0,0,0,0,0,-1.12,0.0,-0.00637,D2D3D4D4D4D4D4D4D4D4D4D4D4D4D3D3D3D3D3D3D3D3D3D3D4D3
2026-09-03T05:55:36.820028Z,2230.879,13.6V,,,85.653,164.35,285.19,19.45,100.4,95,8.05,4.0728,4.0718,4.0754,3.6,,,,,0,0,0,0,0,-1.12,0.0,-0.00637,D2D3D4D4D4D4D4D4D4D4D4D4D4D4D3D3D3D3D3D3D3D3D3D3D4D3
2026-09-03T05:55:45.222740Z,2239.281,13.6V,,,85.653,164.37,285.19,19.45,100.4,95,8.47,4.0728,4.0719,4.0754,3.5,,,,,0,0,0,0,0,-1.12,0.0,-0.00637,D2D3D4D4D4D4D4D4D4D4D4D4D4D4D3D3D3D3D3D3D3D3D3D3D4D3
2026-09-03T05:55:53.625298Z,2247.684,13.6V,,,85.653,164.39,285.19,19.45,100.4,98,8.49,4.073,4.0721,4.0756,3.5,,,,,0,0,0,0,0,-1.12,0.0,-0.00637,D2D3D4D4D4D4D4D4D4D4D4D4D4D4D3D3D3D3D3D3D3D3D3D3D4D3
2026-09-03T05:56:02.031857Z,2256.09,13.6V,,,85.653,164.41,285.19,19.45,100.4,95,8.49,4.073,4.0721,4.0756,3.5,,,,,0,0,0,0,0,-1.12,0.0,-0.00637,D2D3D4D4D4D4D4D4D4D4D4D4D4D4D3D3D3D3D3D3D3D3D3D3D4D3
2026-09-03T05:56:18.430458Z,2272.489,13.6V,,,85.653,164.45,285.19,19.45,100.4,95,8.65,4.0732,4.0723,4.0757,3.4,,,,,0,0,0,0,0,-1.12,0.0,-0.00637,D2D3D4D4D4D4D4D4D4D4D4D4D4D4D3D3D3D3D3D3D3D3D3D3D4D3
2026-09-03T05:56:31.455466Z,2285.514,13.6V,,,85.653,164.48,285.19,19.45,100.4,95,8.57,4.0733,4.0724,4.0758,3.4,,,,,0,0,0,0,0,-1.12,0.0,-0.00637,D2D3D4D4D4D4D4D4D4D4D4D4D4D4D3D3D3D3D3D3D3D3D3D3D4D3
2026-09-03T05:56:39.817966Z,2293.877,13.6V,,,,,285.19,19.45,100.4,95,,4.0734,4.0726,4.0759,3.3,,,,,0,0,0,0,0,-1.12,0.0,-0.00637,D2D3D4D4D4D4D4D4D4D4D4D4D4D4D3D3D3D3D3D3D3D3D3D3D4D3
2026-09-03T05:56:48.780656Z,2302.839,13.6V,,,85.653,164.52,285.19,19.45,100.4,95,8.49,4.0735,4.0726,4.076,3.4,,,,,0,0,0,0,0,-1.12,0.0,-0.00637,D2D3D4D4D4D4D4D4D4D4D4D4D4D4D3D3D3D3D3D3D3D3D3D3D4D3
2026-09-03T05:56:57.175716Z,2311.234,13.6V,,,85.653,164.54,285.19,19.45,100.4,95,8.49,4.0735,4.0727,4.076,3.3,,,,,0,0,0,0,0,-1.12,0.0,-0.00637,D2D3D4D4D4D4D4D4D4D4D4D4D4D4D3D3D3D3D3D3D3D3D3D3D4D3
2026-09-03T05:57:05.570689Z,2319.629,13.6V,,,85.653,164.56,285.19,19.45,100.4,95,8.4,4.0736,4.0726,4.0762,3.6,,,,,0,0,0,0,0,-1.12,0.0,-0.00637,D2D3D4D4D4D4D4D4D4D4D4D4D4D4D3D3D3D3D3D3D3D3D3D3D4D3
2026-09-03T05:57:14.476759Z,2328.535,13.6V,,,85.653,164.58,285.19,19.45,100.4,95,8.35,4.0737,4.0727,4.0763,3.6,,,,,0,0,0,0,0,-1.12,0.0,-0.00637,D2D3D4D4D4D4D4D4D4D4D4D4D4D4D3D3D3D3D3D3D3D3D3D3D4D3
2026-09-03T05:57:23.844579Z,2337.903,13.6V,,,85.653,164.61,285.82,19.45,100.4,95,8.93,4.0738,4.0729,4.0764,3.5,,,,,0,0,0,0,0,-1.12,0.0,-0.00637,D2D3D4D4D4D4D4D4D4D4D4D4D4D4D3D3D3D3D3D3D3D3D3D3D4D3
2026-09-03T05:57:39.898645Z,2353.957,13.6V,,,85.653,164.64,285.82,19.45,100.4,95,8.45,4.0739,4.0731,4.0764,3.3,,,,,0,0,0,0,0,-1.12,0.0,-0.00637,D2D3D4D4D4D4D4D4D4D4D4D4D4D4D3D3D3D3D3D3D3D3D3D3D4D3
2026-09-03T05:57:50.511051Z,2364.57,13.6V,,,85.653,164.67,285.82,19.45,100.4,95,8.77,4.074,4.0731,4.0765,3.4,,,,,0,0,0,0,0,-1.12,0.0,-0.00637,D2D3D4D4D4D4D4D4D4D4D4D4D4D4D3D3D3D3D3D3D3D3D3D3D4D3
2026-09-03T05:57:58.955011Z,2373.014,13.6V,,,,,285.82,19.45,100.4,95,,4.0741,4.0733,4.0767,3.4,,,,,0,0,0,0,0,-1.12,0.0,-0.00637,D2D3D4D4D4D4D4D4D4D4D4D4D4D4D3D3D3D3D3D3D3D3D3D3D4D3
2026-09-03T05:58:07.977324Z,2382.036,13.6V,,,86.053,164.71,285.82,19.45,100.4,95,8.75,4.0742,4.0734,4.0767,3.3,,,,,0,0,0,0,0,-1.12,0.0,-0.00637,D2D3D4D4D4D4D4D4D4D4D4D4D4D4D3D3D3D3D3D3D3D3D3D3D4D3
2026-09-03T05:58:16.669554Z,2390.728,13.6V,,,86.053,164.73,285.82,19.45,100.4,95,8.18,4.0742,4.0733,4.0767,3.4,,,,,0,0,0,0,0,-1.12,0.0,-0.00637,D2D3D4D4D4D4D4D4D4D4D4D4D4D4D3D3D3D3D3D3D3D3D3D3D4D3
2026-09-03T05:58:25.101517Z,2399.16,13.6V,,,86.053,164.75,285.82,19.45,100.4,95,8.76,4.0744,4.0735,4.0769,3.4,,,,,0,0,0,0,0,-1.12,0.0,-0.00637,D3D3D4D4D4D4D4D4D4D4D4D4D4D4D3D3D3D3D3D3D3D3D3D3D4D3
2026-09-03T05:58:33.539720Z,2407.598,13.6V,,,86.053,164.77,285.82,19.45,100.4,95,8.72,4.0744,4.0737,4.077,3.3,,,,,0,0,0,0,0,-1.12,0.0,-0.00637,D3D3D4D4D4D4D4D4D4D4D4D4D4D4D3D3D3D3D3D3D3D3D3D3D4D3
2026-09-03T05:58:41.973891Z,2416.032,13.6V,,,86.053,164.79,285.82,19.45,100.4,95,8.39,4.0745,4.0736,4.077,3.4,,,,,0,0,0,0,0,-1.12,0.0,-0.00637,D3D3D4D4D4D4D4D4D4D4D4D4D4D5D3D3D3D3D3D3D3D3D3D3D4D3
2026-09-03T05:58:50.404730Z,2424.463,13.6V,,,86.053,164.81,285.82,19.45,100.4,95,8.42,4.0746,4.0738,4.0771,3.3,,,,,0,0,0,0,0,-1.12,0.0,-0.00637,D3D3D4D4D4D4D4D4D4D4D4D4D4D5D3D3D3D3D3D3D3D3D3D3D4D3
2026-09-03T05:58:59.765761Z,2433.824,13.6V,,,86.053,164.83,285.82,19.45,100.4,98,8.34,4.0747,4.0739,4.0772,3.3,,,,,0,0,0,0,0,-1.12,0.0,-0.00637,D3D4D4D4D4D4D4D4D4D4D4D4D4D5D3D3D3D3D3D3D3D3D3D3D4D3
2026-09-03T05:59:16.549365Z,2450.608,13.6V,,,86.053,,285.82,19.45,100.4,95,,4.0749,4.074,4.0775,3.5,,,,,0,0,0,0,0,-1.12,0.0,-0.00637,D3D4D4D4D4D4D4D4D4D4D4D4D4D5D4D3D3D3D3D3D3D3D3D3D4D3
2026-09-03T05:59:26.625167Z,2460.684,13.6V,,,86.053,164.89,285.82,19.45,100.4,95,8.14,4.0749,4.0741,4.0774,3.3,,,,,0,0,0,0,0,-1.12,0.0,-0.00637,D3D4D4D4D4D5D5D4D4D4D4D4D4D5D4D3D3D3D3D3D3D3D3D4D4D4
2026-09-03T05:59:35.017981Z,2469.077,13.6V,,,86.053,164.91,285.82,19.45,100.4,95,8.14,4.0751,4.0742,4.0775,3.3,,,,,0,0,0,0,0,-1.12,0.0,-0.00637,D3D4D4D4D4D5D5D4D4D4D4D4D4D5D4D3D3D3D3D4D4D3D3D4D4D4
2026-09-03T05:59:43.411276Z,2477.47,13.6V,,,86.053,164.93,285.82,19.45,100.4,95,8.15,4.0751,4.0742,4.0778,3.6,,,,,0,0,0,0,0,-1.12,0.0,-0.00637,D3D4D4D4D4D5D5D4D4D4D4D4D4D5D4D4D3D3D3D4D4D3D3D4D4D4
2026-09-03T05:59:51.846571Z,2485.905,13.6V,,,86.053,164.95,286.44,19.45,100.4,95,8.29,4.0751,4.0743,4.0776,3.3,,,,,0,0,0,0,0,-1.12,0.0,-0.00637,D3D4D4D4D4D5D5D4D4D4D4D4D4D5D4D4D3D3D3D4D4D4D3D4D4D4
2026-09-03T06:00:00.254427Z,2494.313,13.6V,,,86.053,164.97,286.44,19.45,100.4,95,8.56,4.0753,4.0744,4.0779,3.5,,,,,0,0,0,0,0,-1.12,0.0,-0.00637,D3D4D4D4D4D5D5D4D5D4D5D4D5D5D4D4D3D4D3D4D4D4D4D4D4D4
2026-09-03T06:00:09.178250Z,2503.237,13.6V,,,86.053,164.99,286.44,19.45,100.4,95,8.46,4.0754,4.0744,4.0779,3.5,,,,,0,0,0,0,0,-1.12,0.0,-0.00637,D3D4D4D5D5D5D5D5D5D5D5D5D5D5D4D4D4D4D3D4D4D4D4D4D4D4
2026-09-03T06:00:17.596463Z,2511.655,13.6V,,,86.053,165.01,286.44,19.45,100.4,95,8.48,4.0755,4.0746,4.078,3.4,,,,,0,0,0,0,0,-1.12,0.0,-0.00637,D3D4D5D5D5D5D5D5D5D5D5D5D5D5D4D4D4D4D4D4D4D4D4D4D4D4
2026-09-03T06:00:26.066945Z,2520.126,13.6V,,,86.053,165.03,286.44,19.45,100.4,95,8.48,4.0755,4.0746,4.0779,3.3,,,,,0,0,0,0,0,-1.12,0.0,-0.00637,D3D4D5D5D5D5D5D5D5D5D5D5D5D5D4D4D4D4D4D4D4D4D4D4D5D4
2026-09-03T06:00:35.405033Z,2529.464,13.6V,,,,165.06,286.44,19.45,100.4,95,9.0,4.0756,4.0747,4.0782,3.5,,,,,0,0,0,0,0,-1.12,0.0,-0.00637,D3D4D5D5D5D5D5D5D5D5D5D5D5D5D4D4D4D4D4D4D4D4D4D4D5D4
2026-09-03T06:00:52.407132Z,2546.466,13.6V,,,86.053,165.1,286.44,19.45,100.4,95,8.97,4.0758,4.075,4.0783,3.3,,,,,0,0,0,0,0,-1.12,0.0,-0.00637,D3D4D5D5D5D5D5D5D5D5D5D5D5D5D4D4D4D4D4D4D4D4D4D4D5D4
2026-09-03T06:01:02.305802Z,2556.364,13.6V,,,86.053,165.12,286.44,19.45,100.4,95,8.81,4.0759,4.0751,4.0784,3.3,,,,,0,0,0,0,0,-1.12,0.0,-0.00637,D3D4D5D5D5D5D5D5D5D5D5D5D5D5D4D4D4D4D4D4D4D4D4D4D5D4
2026-09-03T06:01:10.754342Z,2564.813,13.6V,,,86.053,165.14,286.44,19.45,100.4,95,8.8,4.0759,4.0749,4.0783,3.4,,,,,0,0,0,0,0,-1.12,0.0,-0.00637,D3D4D5D5D5D5D5D5D5D5D5D5D5D5D4D4D4D4D4D4D4D4D4D4D5D4
2026-09-03T06:01:19.114511Z,2573.173,13.6V,,,86.053,165.16,286.44,19.45,100.4,95,8.82,4.076,4.075,4.0784,3.4,,,,,0,0,0,0,0,-1.12,0.0,-0.00637,D3D4D5D5D5D5D5D5D5D5D5D5D5D5D4D4D4D4D4D4D4D4D4D4D5D4
2026-09-03T06:01:27.490916Z,2581.549,13.6V,,,86.053,165.18,286.44,19.45,100.4,95,8.29,4.0761,4.0752,4.0785,3.3,,,,,0,0,0,0,0,-1.12,0.0,-0.00637,D3D4D5D5D5D5D5D5D5D5D5D5D5D5D4D4D4D4D4D4D4D4D4D4D5D4
2026-09-03T06:01:35.994538Z,2590.053,13.6V,,,86.053,165.2,286.44,19.45,100.4,95,8.26,4.0761,4.0752,4.0786,3.4,,,,,0,0,0,0,0,-1.12,0.0,-0.00637,D3D4D5D5D5D5D5D5D5D5D5D5D5D5D4D4D4D4D4D4D4D4D4D4D5D4
2026-09-03T06:01:44.340487Z,2598.399,13.6V,,,86.053,165.22,286.44,19.45,100.4,95,8.32,4.0761,4.0754,4.0786,3.2,,,,,0,0,0,0,0,-1.12,0.0,-0.00637,D3D4D5D5D5D5D5D5D5D5D5D5D5D5D4D4D4D4D4D4D4D4D4D4D5D4
2026-09-03T06:01:52.772116Z,2606.831,13.6V,,,86.053,165.24,286.44,19.45,100.4,95,8.56,4.0763,4.0754,4.0788,3.4,,,,,0,0,0,0,0,-1.12,0.0,-0.00637,D3D4D5D5D5D5D5D5D5D5D5D5D5D5D4D4D4D4D4D4D4D4D4D4D5D4
2026-09-03T06:02:00.741055Z,2614.8,13.6V,,,86.053,165.26,286.44,19.45,100.4,95,8.62,4.0764,4.0755,4.0789,3.4,,,,,0,0,0,0,0,-1.12,0.0,-0.00637,D3D4D5D5D5D5D5D5D5D5D5D5D5D5D4D4D4D4D4D4D4D4D4D4D5D4
2026-09-03T06:02:16.416216Z,2630.475,13.6V,,,86.053,165.29,286.44,19.45,100.4,95,8.17,4.0765,4.0756,4.0789,3.3,,,,,0,0,0,0,0,-1.12,0.0,-0.00637,D3D4D5D5D5D5D5D5D5D5D5D5D5D5D4D4D4D4D4D4D4D4D4D4D5D4
2026-09-03T06:02:29.251246Z,2643.31,13.6V,,,86.053,165.32,287.06,19.45,100.4,95,8.11,4.0766,4.0758,4.0791,3.3,,,,,0,0,0,0,0,-1.12,0.0,-0.00637,D3D4D5D5D5D5D5D5D5D5D5D5D5D5D4D4D4D4D4D4D4D4D4D4D5D4
2026-09-03T06:02:38.003613Z,2652.062,13.6V,,,86.053,165.34,287.06,19.45,100.4,95,8.05,4.0766,4.0759,4.0792,3.3,,,,,0,0,0,0,0,-1.12,0.0,-0.00637,D3D4D5D5D5D5D5D5D5D5D5D5D5D5D4D4D4D4D4D4D4D4D4D4D5D4
2026-09-03T06:02:46.386685Z,2660.445,13.6V,,,86.053,165.36,287.06,19.45,100.4,95,8.06,4.0767,4.0759,4.0791,3.2,,,,,0,0,0,0,0,-1.12,0.0,-0.00637,D3D4D5D5D5D5D5D5D5D5D5D5D5D5D4D4D4D4D4D4D4D4D4D4D5D4
2026-09-03T06:02:54.791379Z,2668.85,13.6V,,,86.053,165.38,287.06,19.45,100.4,95,7.99,4.0768,4.0759,4.0792,3.3,,,,,0,0,0,0,0,-1.12,0.0,-0.00637,D3D4D5D5D5D5D5D5D5D5D5D5D5D5D4D4D4D4D4D4D4D4D4D4D5D4
2026-09-03T06:03:03.175642Z,2677.234,13.6V,,,86.053,165.4,287.06,19.45,100.4,95,8.47,4.0769,4.0761,4.0794,3.3,,,,,0,0,0,0,0,-1.12,0.0,-0.00637,D3D4D5D5D5D5D5D5D5D5D5D5D5D5D4D4D4D4D4D4D4D4D4D4D5D4
2026-09-03T06:03:11.602636Z,2685.661,13.6V,,,86.053,165.42,287.06,19.45,100.4,95,8.48,4.077,4.0762,4.0795,3.3,,,,,0,0,0,0,0,-1.12,0.0,-0.00637,D3D4D5D5D5D5D5D5D5D5D5D5D5D5D4D4D4D4D4D4D4D4D4D4D5D4
2026-09-03T06:03:19.523899Z,2693.582,13.6V,,,86.053,165.44,287.06,19.45,100.4,95,8.59,4.0771,4.0763,4.0795,3.2,,,,,0,0,0,0,0,-1.12,0.0,-0.00637,D3D4D5D5D5D5D5D5D5D5D5D5D5D5D4D4D4D4D4D4D4D4D4D4D5D4
2026-09-03T06:03:35.833876Z,2709.892,13.6V,,,86.453,165.48,287.06,19.45,100.4,95,8.72,4.0772,4.0764,4.0798,3.4,,,,,0,0,0,0,0,-1.12,0.0,-0.00637,D3D4D5D5D5D5D5D5D5D5D5D5D5D5D4D4D4D4D4D4D4D4D4D4D5D4
2026-09-03T06:03:49.655552Z,2723.714,13.6V,,,86.453,165.51,287.06,19.45,100.4,95,8.53,4.0774,4.0766,4.0798,3.2,,,,,0,0,0,0,0,-1.12,0.0,-0.00637,D3D4D5D5D5D5D5D5D5D5D5D5D5D5D4D4D4D4D4D4D4D4D4D4D5D4
2026-09-03T06:03:58.179131Z,2732.238,13.6V,,,86.453,165.53,287.06,19.45,100.4,95,8.51,4.0774,4.0766,4.0799,3.3,,,,,0,0,0,0,0,-1.12,0.0,-0.00637,D3D4D5D5D5D5D5D5D5D5D5D5D5D5D4D4D4D4D4D4D4D4D4D4D5D4
2026-09-03T06:04:06.578072Z,2740.637,13.6V,,,86.453,165.55,287.06,19.45,100.4,95,8.51,4.0775,4.0766,4.0801,3.5,,,,,0,0,0,0,0,-1.12,0.0,-0.00637,D3D4D5D5D5D5D5D5D5D5D5D5D5D5D4D4D4D4D4D4D4D4D4D4D5D4
2026-09-03T06:04:14.960198Z,2749.019,13.6V,,,86.453,165.57,287.06,19.45,100.4,95,8.44,4.0776,4.0768,4.0801,3.3,,,,,0,0,0,0,0,-1.12,0.0,-0.00637,D3D4D5D5D5D5D5D5D5D5D5D5D5D5D4D4D4D4D4D4D4D4D4D4D5D4
2026-09-03T06:04:23.385957Z,2757.445,13.6V,,,86.453,165.59,287.06,19.45,100.4,95,8.33,4.0776,4.0769,4.08,3.1,,,,,0,0,0,0,0,-1.12,0.0,-0.00637,D3D4D5D5D5D5D5D5D5D5D5D5D5D5D4D4D4D4D4D4D4D4D4D4D5D4
2026-09-03T06:04:32.286874Z,2766.345,13.6V,,,,165.61,287.06,19.45,100.4,95,8.29,4.0778,4.0769,4.0803,3.4,,,,,0,0,0,0,0,-1.12,0.0,-0.00637,D3D4D5D5D5D5D5D5D5D5D5D5D5D6D4D4D4D4D4D4D4D4D4D4D5D4
2026-09-03T06:04:48.149809Z,2782.208,13.6V,,,86.453,165.65,287.06,19.45,100.4,95,8.62,4.0779,4.0772,4.0803,3.1,,,,,0,0,0,0,0,-1.12,0.0,-0.00637,D4D4D5D5D5D5D5D5D5D5D5D5D5D6D4D4D4D4D4D4D4D4D4D4D5D4
2026-09-03T06:05:02.775574Z,2796.834,13.6V,,,86.453,165.68,287.68,19.45,100.4,95,8.33,4.078,4.0772,4.0804,3.2,,,,,0,0,0,0,0,-1.12,0.0,-0.00637,D4D5D5D5D5D5D5D5D5D5D5D5D5D6D4D4D4D4D4D4D4D4D4D4D5D4
2026-09-03T06:05:11.678103Z,2805.737,13.6V,,,86.453,165.7,287.68,19.45,100.4,95,8.25,4.078,4.0772,4.0805,3.3,,,,,0,0,0,0,0,-1.12,0.0,-0.00637,D4D5D5D5D5D5D5D5D5D5D5D5D5D6D4D4D4D4D4D4D4D4D4D4D5D4
2026-09-03T06:05:20.027995Z,2814.087,13.6V,,,86.453,165.72,287.68,19.45,100.4,95,8.26,4.0781,4.0772,4.0805,3.3,,,,,0,0,0,0,0,-1.12,0.0,-0.00637,D4D5D5D5D5D5D6D5D5D5D5D5D5D6D4D4D4D4D4D4D4D4D4D4D5D4
2026-09-03T06:05:28.412435Z,2822.471,13.6V,,,86.453,165.74,287.68,19.45,100.4,95,8.34,4.0782,4.0774,4.0806,3.2,,,,,0,0,0,0,0,-1.12,0.0,-0.00637,D4D5D5D5D5D6D6D5D5D5D5D5D5D6D4D4D4D4D4D4D4D4D4D4D5D4
2026-09-03T06:05:37.693546Z,2831.752,13.6V,,,86.453,165.76,287.68,19.45,100.4,95,7.99,4.0783,4.0775,4.0808,3.3,,,,,0,0,0,0,0,-1.12,0.0,-0.00637,D4D5D5D5D5D6D6D5D5D5D5D5D5D6D5D4D4D4D4D4D4D4D4D4D5D4
2026-09-03T06:05:46.250045Z,2840.309,13.6V,,,86.453,165.78,287.68,19.45,100.4,95,8.05,4.0783,4.0776,4.0807,3.1,,,,,0,0,0,0,0,-1.12,0.0,-0.00637,D4D5D5D5D5D6D6D5D5D5D5D5D5D6D5D4D4D4D4D4D4D4D4D5D5D5
2026-09-03T06:05:54.641298Z,2848.7,13.6V,,,,,287.68,19.45,100.4,95,,4.0785,4.0776,4.0808,3.2,,,,,0,0,0,0,0,-1.12,0.0,-0.00637,D4D5D5D5D5D6D6D5D6D5D6D5D6D6D5D4D4D4D4D5D5D4D4D5D5D5
2026-09-03T06:06:03.699609Z,2857.758,13.6V,,,86.453,165.83,287.68,19.45,100.4,95,9.0,4.0785,4.0777,4.0811,3.4,,,,,0,0,0,0,0,-1.12,0.0,-0.00637,D4D5D5D6D6D6D6D6D6D6D6D6D6D6D5D5D4D4D4D5D5D4D4D5D5D5
2026-09-03T06:06:18.588757Z,2872.647,13.6V,,,86.453,165.86,287.68,19.45,100.4,95,8.61,4.0787,4.0779,4.0811,3.2,,,,,0,0,0,0,0,-1.12,0.0,-0.00637,D4D5D6D6D6D6D6D6D6D6D6D6D6D6D5D5D4D5D4D5D5D5D5D5D5D5
2026-09-03T06:06:31.726348Z,2885.785,13.6V,,,86.453,165.89,287.68,19.45,100.4,95,8.66,4.0787,4.0779,4.0812,3.3,,,,,0,0,0,0,0,-1.12,0.0,-0.00637,D4D5D6D6D6D6D6D6D6D6D6D6D6D6D5D5D5D5D5D5D5D5D5D5D5D5
2026-09-03T06:06:40.665213Z,2894.724,13.6V,,,86.453,165.91,287.68,19.45,100.4,95,8.6,4.0788,4.0779,4.0812,3.3,,,,,0,0,0,0,0,-1.12,0.0,-0.00637,D4D5D6D6D6D6D6D6D6D6D6D6D6D6D5D5D5D5D5D5D5D5D5D5D5D5
2026-09-03T06:06:49.016103Z,2903.075,13.6V,,,86.453,165.93,287.68,19.45,100.4,95,7.94,4.079,4.0782,4.0814,3.2,,,,,0,0,0,0,0,-1.12,0.0,-0.00637,D4D5D6D6D6D6D6D6D6D6D6D6D6D6D5D5D5D5D5D5D5D5D5D5D6D5
2026-09-03T06:06:57.412858Z,2911.471,13.6V,,,86.453,165.95,287.68,19.45,100.4,95,8.04,4.079,4.0782,4.0814,3.2,,,,,0,0,0,0,0,-1.12,0.0,-0.00637,D4D5D6D6D6D6D6D6D6D6D6D6D6D6D5D5D5D5D5D5D5D5D5D5D6D5
2026-09-03T06:07:05.797074Z,2919.856,13.6V,,,86.453,165.97,287.68,19.45,100.4,95,8.39,4.0791,4.0784,4.0815,3.1,,,,,0,0,0,0,0,-1.12,0.0,-0.00637,D4D5D6D6D6D6D6D6D6D6D6D6D6D6D5D5D5D5D5D5D5D5D5D5D6D5
2026-09-03T06:07:14.205442Z,2928.264,13.6V,,,,,287.68,19.45,100.4,95,,4.0792,4.0785,4.0815,3.0,,,,,0,0,0,0,0,-1.12,0.0,-0.00637,D4D5D6D6D6D6D6D6D6D6D6D6D6D6D5D5D5D5D5D5D5D5D5D5D6D5
2026-09-03T06:07:23.208554Z,2937.267,13.6V,,,86.453,166.01,287.68,19.45,100.4,95,8.39,4.0793,4.0785,4.0818,3.3,,,,,0,0,0,0,0,-1.12,0.0,-0.00637,D4D5D6D6D6D6D6D6D6D6D6D6D6D6D5D5D5D5D5D5D5D5D5D5D6D5
2026-09-03T06:07:31.680777Z,2945.739,13.6V,,,86.453,166.03,288.3,19.45,100.4,95,8.41,4.0793,4.0785,4.0819,3.4,,,,,0,0,0,0,0,-1.12,0.0,-0.00637,D4D5D6D6D6D6D6D6D6D6D6D6D6D6D5D5D5D5D5D5D5D5D5D5D6D5
2026-09-03T06:07:40.147368Z,2954.206,13.6V,,,86.453,166.05,288.3,19.45,100.4,95,8.47,4.0794,4.0787,4.0818,3.1,,,,,0,0,0,0,0,-1.12,0.0,-0.00637,D4D5D6D6D6D6D6D6D6D6D6D6D6D6D5D5D5D5D5D5D5D5D5D5D6D5
2026-09-03T06:07:55.538921Z,2969.597,13.6V,,,86.453,166.09,288.3,19.45,100.4,95,8.67,4.0795,4.0788,4.0819,3.1,,,,,0,0,0,0,0,-1.12,0.0,-0.00637,D4D5D6D6D6D6D6D6D6D6D6D6D6D6D5D5D5D5D5D5D5D5D5D5D6D5
2026-09-03T06:08:08.571292Z,2982.63,13.6V,,,86.453,166.12,288.3,19.45,100.4,95,8.73,4.0797,4.0789,4.0822,3.3,,,,,0,0,0,0,0,-1.12,0.0,-0.00637,D4D5D6D6D6D6D6D6D6D6D6D6D6D6D5D5D5D5D5D5D5D5D5D5D6D5
2026-09-03T06:08:16.930659Z,2990.989,13.6V,,,86.453,166.14,288.3,19.45,100.4,95,8.71,4.0798,4.0789,4.0823,3.4,,,,,0,0,0,0,0,-1.12,0.0,-0.00637,D4D5D6D6D6D6D6D6D6D6D6D6D6D6D5D5D5D5D5D5D5D5D5D5D6D5
2026-09-03T06:08:25.350477Z,2999.409,13.6V,,,86.453,166.16,288.3,19.45,100.4,95,8.72,4.0799,4.0791,4.0823,3.2,,,,,0,0,0,0,0,-1.12,0.0,-0.00637,D4D5D6D6D6D6D6D6D6D6D6D6D6D6D5D5D5D5D5D5D5D5D5D5D6D5
2026-09-03T06:08:33.822816Z,3007.881,13.6V,,,,,288.3,19.45,100.4,95,,4.0799,4.0792,4.0822,3.0,,,,,0,0,0,0,0,-1.12,0.0,-0.00637,D4D5D6D6D6D6D6D6D6D6D6D6D6D6D5D5D5D5D5D5D5D5D5D5D6D5
2026-09-03T06:08:42.794285Z,3016.853,13.6V,,,86.453,166.2,288.3,19.45,100.4,95,8.38,4.0799,4.0792,4.0823,3.1,,,,,0,0,0,0,0,-1.12,0.0,-0.00637,D4D5D6D6D6D6D6D6D6D6D6D6D6D6D5D5D5D5D5D5D5D5D5D5D6D5
2026-09-03T06:08:51.161607Z,3025.22,13.6V,,,86.453,166.22,288.3,19.45,100.4,95,8.41,4.0801,4.0792,4.0826,3.4,,,,,0,0,0,0,0,-1.12,0.0,-0.00637,D4D5D6D6D6D6D6D6D6D6D6D6D6D6D5D5D5D5D5D5D5D5D5D5D6D5
2026-09-03T06:08:59.554436Z,3033.613,13.6V,,,86.853,166.24,288.3,19.45,100.4,95,8.47,4.0801,4.0794,4.0824,3.0,391.63,-21.55,-8.44,12.8,0,0,0,0,0,-1.12,0.0,-0.00637,D4D5D6D6D6D6D6D6D6D6D6D6D6D6D5D5D5D5D5D5D5D5D5D5D6D5
2026-09-03T06:09:06.259597Z,3040.318,13.6V,,,86.853,166.26,288.3,19.45,100.4,95,8.74,4.0802,4.0794,4.0826,3.2,391.94,-22.75,-8.92,12.8,0,0,0,0,0,-1.12,0.0,0.0,D4D5D6D6D6D6D6D6D6D6D6D6D6D6D5D5D5D5D5D5D5D5D5D5D6D5
2026-09-03T06:09:20.923288Z,3054.982,13.6V,,,86.853,166.29,288.3,19.45,100.4,95,8.42,4.0803,4.0795,4.0827,3.2,391.63,-21.55,-8.44,12.8,0,0,0,0,0,-1.12,0.0,-0.00637,D4D5D6D6D6D6D6D6D6D6D6D6D6D6D5D5D5D5D5D5D5D5D5D5D6D5
2026-09-03T06:09:33.611539Z,3067.67,13.6V,,,86.853,166.32,288.3,19.45,100.4,95,8.5,4.0803,4.0795,4.0827,3.2,391.63,-21.25,-8.32,12.8,0,0,0,0,0,-1.12,0.0,-0.00637,D4D5D6D6D6D6D6D6D6D6D6D6D6D6D5D5D5D5D5D5D5D5D5D5D6D5
2026-09-03T06:09:40.410187Z,3074.469,13.6V,,,86.853,166.33,288.3,19.45,100.4,95,8.12,4.0804,4.0796,4.0828,3.2,391.59,-21.25,-8.32,12.8,0,0,0,0,0,-1.12,0.0,-0.00637,D4D5D6D6D6D6D6D6D6D6D6D6D6D6D5D5D5D5D5D5D5D5D5D5D6D5
2026-09-03T06:09:47.387420Z,3081.446,13.6V,,,86.853,166.35,288.3,19.45,100.4,95,8.32,4.0804,4.0797,4.0828,3.1,391.63,-21.25,-8.32,12.8,0,0,0,0,0,-1.12,0.0,-0.00637,D4D5D6D6D6D6D6D6D6D6D6D6D6D6D5D5D5D5D5D5D5D5D5D5D6D5
2026-09-03T06:09:54.102535Z,3088.161,13.6V,,,86.853,166.36,288.3,19.45,100.4,95,7.92,4.0806,4.0798,4.0829,3.1,391.78,-21.25,-8.33,12.8,0,0,0,0,0,-1.12,0.0,-0.00637,D4D5D6D6D6D6D6D6D6D6D6D6D6D6D5D5D5D5D5D5D5D5D5D5D6D5
2026-09-03T06:10:00.783736Z,3094.842,13.6V,,,86.853,166.38,288.3,19.45,100.4,95,7.92,4.0806,4.0798,4.0831,3.3,391.78,-21.25,-8.33,12.8,0,0,0,0,0,-1.12,0.0,-0.00637,D4D5D6D6D6D6D6D6D6D6D6D6D6D6D5D5D5D5D5D5D5D5D5D5D6D5
2026-09-03T06:10:07.457536Z,3101.516,13.6V,,,86.853,166.4,288.92,19.45,100.4,95,8.51,4.0807,4.0798,4.083,3.2,391.94,-21.25,-8.33,12.8,0,0,0,0,0,-1.12,0.0,-0.00637,D4D5D6D6D6D6D6D6D6D6D6D6D6D6D5D5D5D5D5D5D5D5D5D5D6D5
2026-09-03T06:10:14.080612Z,3108.139,13.6V,,,86.853,166.41,288.92,19.45,100.4,95,8.13,4.0808,4.0801,4.0832,3.1,,,,,0,0,0,0,0,-1.12,0.0,-0.00637,D4D5D6D6D6D6D6D6D6D6D6D6D6D6D5D5D5D5D5D5D5D5D5D5D6D5
2026-09-03T06:10:23.023404Z,3117.082,13.6V,,,,,288.92,19.45,100.4,95,,4.0809,4.0801,4.0832,3.1,,,,,0,0,0,0,0,-1.12,0.0,-0.00637,D4D5D6D6D6D6D6D6D6D6D6D6D6D6D5D5D5D5D5D5D5D5D5D5D6D5
2026-09-03T06:10:32.656747Z,3126.715,13.6V,,,86.853,166.46,288.92,19.45,100.4,95,8.54,4.0809,4.0802,4.0834,3.2,,,,,0,0,0,0,0,-1.12,0.0,-0.00637,D4D5D6D6D6D6D6D6D6D6D6D6D6D7D5D5D5D5D5D5D5D5D5D5D6D5
2026-09-03T06:10:47.762601Z,3141.821,13.6V,,,86.853,166.49,288.92,19.45,100.4,95,8.72,4.0811,4.0804,4.0834,3.0,,,,,0,0,0,0,0,-1.12,0.0,-0.00637,D4D6D6D6D6D6D6D6D6D6D6D6D6D7D5D5D5D5D5D5D5D5D5D5D6D5
2026-09-03T06:11:02.217637Z,3156.276,13.6V,,,86.853,166.53,288.92,19.45,100.4,95,8.55,4.0812,4.0804,4.0836,3.2,,,,,0,0,0,0,0,-1.12,0.0,-0.00637,D5D6D6D6D6D6D6D6D6D6D6D6D6D7D5D5D5D5D5D5D5D5D5D5D6D5
2026-09-03T06:11:10.653151Z,3164.712,13.6V,,,86.853,166.55,288.92,19.45,100.4,95,8.91,4.0814,4.0806,4.0838,3.2,,,,,0,0,0,0,0,-1.12,0.0,-0.00637,D5D6D6D6D6D6D6D6D6D6D6D6D6D7D5D5D5D5D5D5D5D5D5D5D6D5
2026-09-03T06:11:19.072232Z,3173.131,13.6V,,,86.853,166.57,288.92,19.45,100.4,95,8.53,4.0814,4.0807,4.0838,3.1,,,,,0,0,0,0,0,-1.12,0.0,-0.00637,D5D6D6D6D6D7D7D6D6D6D6D6D6D7D5D5D5D5D5D5D5D5D5D5D6D5
2026-09-03T06:11:27.604763Z,3181.663,13.6V,,,86.853,166.59,288.92,19.45,100.4,95,8.52,4.0815,4.0808,4.0838,3.0,,,,,0,0,0,0,0,-1.12,0.0,-0.00637,D5D6D6D6D6D7D7D6D6D6D6D6D6D7D5D5D5D5D5D5D5D5D5D5D6D5
2026-09-03T06:11:36.025337Z,3190.084,13.6V,,,86.853,166.61,288.92,19.45,100.4,95,8.95,4.0815,4.0807,4.084,3.3,,,,,0,0,0,0,0,-1.12,0.0,-0.00637,D5D6D6D6D6D7D7D6D6D6D6D6D6D7D5D5D5D5D5D5D5D5D5D5D6D5
2026-09-03T06:11:44.489030Z,3198.548,13.6V,,,,,288.92,19.45,100.4,95,,4.0816,4.0808,4.0842,3.4,,,,,0,0,0,0,0,-1.12,0.0,-0.00637,D5D6D6D6D6D7D7D6D6D6D7D6D7D7D5D5D5D5D5D5D5D5D5D5D6D5
2026-09-03T06:11:53.483147Z,3207.542,13.6V,,,86.853,166.65,288.92,19.45,100.4,95,8.43,4.0818,4.081,4.0842,3.2,,,,,0,0,0,0,0,-1.12,0.0,-0.00637,D5D6D6D6D6D7D7D6D7D6D7D6D7D7D5D5D5D5D5D5D5D5D5D5D6D5
2026-09-03T06:12:01.864675Z,3215.923,13.6V,,,86.853,166.67,288.92,19.45,100.4,95,8.45,4.0818,4.0811,4.0841,3.0,,,,,0,0,0,0,0,-1.12,0.0,-0.00637,D5D6D6D7D7D7D7D7D7D7D7D7D7D7D6D5D5D5D5D5D5D5D5D5D6D6
2026-09-03T06:12:18.053300Z,3232.112,13.6V,,,86.853,166.71,288.92,19.45,100.4,95,8.55,4.082,4.0812,4.0843,3.1,,,,,0,0,0,0,0,-1.12,0.0,-0.00637,D5D6D7D7D7D7D7D7D7D7D7D7D7D7D6D5D5D5D5D6D6D5D5D6D6D6
2026-09-03T06:12:32.635660Z,3246.694,13.6V,,,86.853,166.74,289.54,19.45,100.4,95,8.27,4.082,4.0812,4.0845,3.3,,,,,0,0,0,0,0,-1.12,0.0,-0.00637,D5D6D7D7D7D7D7D7D7D7D7D7D7D7D6D6D5D5D5D6D6D6D5D6D6D6
2026-09-03T06:12:41.044377Z,3255.103,13.6V,,,86.853,166.76,289.54,19.45,100.4,95,8.33,4.0821,4.0814,4.0843,2.9,,,,,0,0,0,0,0,-1.12,0.0,-0.00637,D5D6D7D7D7D7D7D7D7D7D7D7D7D7D6D6D6D6D5D6D6D6D6D6D6D6
2026-09-03T06:12:49.482062Z,3263.541,13.6V,,,86.853,166.78,289.54,19.45,100.4,95,8.36,4.0821,4.0814,4.0845,3.1,,,,,0,0,0,0,0,-1.12,0.0,-0.00637,D5D6D7D7D7D7D7D7D7D7D7D7D7D7D6D6D6D6D5D6D6D6D6D6D6D6
2026-09-03T06:12:57.850886Z,3271.909,13.6V,,,86.853,166.8,289.54,19.45,100.4,95,8.36,4.0822,4.0814,4.0847,3.3,,,,,0,0,0,0,0,-1.12,0.0,-0.00637,D5D6D7D7D7D7D7D7D7D7D7D7D7D7D6D6D6D6D6D6D6D6D6D6D6D6
2026-09-03T06:13:06.222317Z,3280.281,13.6V,,,,,289.54,19.45,100.4,95,,4.0823,4.0815,4.0847,3.2,,,,,0,0,0,0,0,-1.12,0.0,-0.00637,D5D6D7D7D7D7D7D7D7D7D7D7D7D7D6D6D6D6D6D6D6D6D6D6D7D6
2026-09-03T06:13:15.246079Z,3289.305,13.6V,,,86.853,166.84,289.54,19.45,100.4,95,8.18,4.0824,4.0816,4.0847,3.1,,,,,0,0,0,0,0,-1.12,0.0,-0.00637,D5D6D7D7D7D7D7D7D7D7D7D7D7D7D6D6D6D6D6D6D6D6D6D6D7D6
2026-09-03T06:13:23.994898Z,3298.053,13.6V,,,86.853,166.86,289.54,19.45,100.4,95,8.41,4.0824,4.0818,4.0847,2.9,,,,,0,0,0,0,0,-1.12,0.0,-0.00637,D5D6D7D7D7D7D7D7D7D7D7D7D7D7D6D6D6D6D6D6D6D6D6D6D7D6
2026-09-03T06:13:32.388741Z,3306.447,13.6V,,,86.853,166.88,289.54,19.45,100.4,95,8.43,4.0825,4.0817,4.0849,3.2,,,,,0,0,0,0,0,-1.12,0.0,-0.00637,D5D6D7D7D7D7D7D7D7D7D7D7D7D7D6D6D6D6D6D6D6D6D6D6D7D6
2026-09-03T06:13:43.083729Z,3317.142,13.6V,,,86.853,166.91,289.54,19.45,100.4,95,8.73,4.0827,4.0819,4.085,3.1,,,,,0,0,0,0,0,-1.12,0.0,-0.00637,D5D6D7D7D7D7D7D7D7D7D7D7D7D7D6D6D6D6D6D6D6D6D6D6D7D6
2026-09-03T06:14:00.314544Z,3334.373,13.6V,,,86.853,166.95,289.54,19.45,100.4,95,8.79,4.0827,4.0819,4.0851,3.2,,,,,0,0,0,0,0,-1.12,0.0,-0.00637,D5D6D7D7D7D7D7D7D7D7D7D7D7D7D6D6D6D6D6D6D6D6D6D6D7D6
2026-09-03T06:14:08.936916Z,3342.995,13.6V,,,86.853,166.97,289.54,19.45,100.4,95,8.72,4.0828,4.082,4.0852,3.2,,,,,0,0,0,0,0,-1.12,0.0,-0.00637,D5D6D7D7D7D7D7D7D7D7D7D7D7D7D6D6D6D6D6D6D6D6D6D6D7D6
2026-09-03T06:14:17.303949Z,3351.362,13.6V,,,86.853,166.99,289.54,19.45,100.4,95,8.78,4.0829,4.0821,4.0853,3.2,,,,,0,0,0,0,0,-1.12,0.0,-0.00637,D5D6D7D7D7D7D7D7D7D7D7D7D7D7D6D6D6D6D6D6D6D6D6D6D7D6
2026-09-03T06:14:26.220327Z,3360.279,13.6V,,,,,289.54,19.45,100.4,95,,4.083,4.0822,4.0853,3.1,,,,,0,0,0,0,0,-1.12,0.0,-0.00637,D5D6D7D7D7D7D7D7D7D7D7D7D7D7D6D6D6D6D6D6D6D6D6D6D7D6
2026-09-03T06:14:35.141693Z,3369.2,13.6V,,,87.253,167.03,289.54,19.45,100.4,95,8.3,4.0831,4.0823,4.0854,3.1,,,,,0,0,0,0,0,-1.12,0.0,-0.00637,D5D6D7D7D7D7D7D7D7D7D7D7D7D7D6D6D6D6D6D6D6D6D6D6D7D6
2026-09-03T06:14:43.640624Z,3377.699,13.6V,,,87.253,167.05,289.54,19.45,100.4,95,8.31,4.0832,4.0824,4.0855,3.1,,,,,0,0,0,0,0,-1.12,0.0,-0.00637,D5D6D7D7D7D7D7D7D7D7D7D7D7D7D6D6D6D6D6D6D6D6D6D6D7D6
2026-09-03T06:14:52.052308Z,3386.111,13.6V,,,87.253,167.07,289.54,19.45,100.4,95,8.35,4.0832,4.0825,4.0855,3.0,,,,,0,0,0,0,0,-1.12,0.0,-0.00637,D5D6D7D7D7D7D7D7D7D7D7D7D7D7D6D6D6D6D6D6D6D6D6D6D7D6
2026-09-03T06:15:00.542064Z,3394.601,13.6V,,,87.253,167.09,289.54,19.45,100.4,95,8.37,4.0833,4.0825,4.0856,3.1,,,,,0,0,0,0,0,-1.12,0.0,-0.00637,D5D6D7D7D7D7D7D7D7D7D7D7D7D7D6D6D6D6D6D6D6D6D6D6D7D6
2026-09-03T06:15:17.127474Z,3411.186,13.6V,,,87.253,167.13,290.17,19.45,100.4,95,8.42,4.0835,4.0826,4.0859,3.3,,,,,0,0,0,0,0,-1.12,0.0,-0.00637,D5D6D7D7D7D7D7D7D7D7D7D7D7D7D6D6D6D6D6D6D6D6D6D6D7D6
2026-09-03T06:15:31.468941Z,3425.528,13.6V,,,87.253,167.16,290.17,19.45,100.4,95,8.31,4.0836,4.0828,4.086,3.2,,,,,0,0,0,0,0,-1.12,0.0,-0.00637,D5D6D7D7D7D7D7D7D7D7D7D7D7D7D6D6D6D6D6D6D6D6D6D6D7D6
2026-09-03T06:15:39.860410Z,3433.919,13.6V,,,87.253,167.18,290.17,19.45,100.4,95,8.32,4.0837,4.083,4.086,3.0,,,,,0,0,0,0,0,-1.12,0.0,-0.00637,D5D6D7D7D7D7D7D7D7D7D7D7D7D7D6D6D6D6D6D6D6D6D6D6D7D6
2026-09-03T06:15:48.307637Z,3442.366,13.6V,,,,,290.17,19.45,100.4,95,,4.0837,4.083,4.086,3.0,,,,,0,0,0,0,0,-1.12,0.0,-0.00637,D5D6D7D7D7D7D7D7D7D7D7D7D7D7D6D6D6D6D6D6D6D6D6D6D7D6
2026-09-03T06:15:57.276491Z,3451.335,13.6V,,,87.253,167.22,290.17,19.45,100.4,95,8.25,4.0837,4.083,4.0861,3.1,,,,,0,0,0,0,0,-1.12,0.0,-0.00637,D5D6D7D7D7D7D7D7D7D7D7D7D7D7D6D6D6D6D6D6D6D6D6D6D7D6
2026-09-03T06:16:05.692746Z,3459.751,13.6V,,,87.253,167.24,290.17,19.45,100.4,95,8.15,4.0838,4.0831,4.0861,3.0,,,,,0,0,0,0,0,-1.12,0.0,-0.00637,D5D6D7D7D7D7D7D7D7D7D7D7D7D7D6D6D6D6D6D6D6D6D6D6D7D6
2026-09-03T06:16:14.124359Z,3468.183,13.6V,,,87.253,167.26,290.17,19.45,100.4,95,8.21,4.0839,4.0832,4.0863,3.1,,,,,0,0,0,0,0,-1.12,0.0,-0.00637,D5D6D7D7D7D7D7D7D7D7D7D7D7D7D6D6D6D6D6D6D6D6D6D6D7D6
2026-09-03T06:16:29.493060Z,3483.552,13.6V,,,87.253,167.3,290.17,19.45,100.4,95,8.69,4.0841,4.0834,4.0864,3.0,,,,,0,0,0,0,0,-1.12,0.0,-0.00637,D5D6D7D7D7D7D7D7D7D7D7D7D7D8D6D6D6D6D6D6D6D6D6D6D7D6
2026-09-03T06:16:44.248764Z,3498.307,13.6V,,,87.253,167.33,290.17,19.45,100.4,95,8.43,4.0842,4.0836,4.0864,2.8,,,,,0,0,0,0,0,-1.12,0.0,-0.00637,D5D7D7D7D7D7D7D7D7D7D7D7D7D8D6D6D6D6D6D6D6D6D6D6D7D6
2026-09-03T06:16:53.121312Z,3507.18,13.6V,,,87.253,167.35,290.17,19.45,100.4,95,8.38,4.0843,4.0836,4.0865,2.9,,,,,0,0,0,0,0,-1.12,0.0,-0.00637,D5D7D7D7D7D7D7D7D7D7D7D7D7D8D6D6D6D6D6D6D6D6D6D6D7D6
2026-09-03T06:17:01.608110Z,3515.667,13.6V,,,87.253,167.37,290.17,19.45,100.4,95,8.37,4.0843,4.0836,4.0867,3.1,,,,,0,0,0,0,0,-1.12,0.0,-0.00637,D5D7D7D7D7D7D7D7D7D7D7D7D7D8D6D6D6D6D6D6D6D6D6D6D7D6
2026-09-03T06:17:09.956633Z,3524.015,13.6V,,,,,290.17,19.45,100.4,95,,4.0844,4.0837,4.0867,3.0,,,,,0,0,0,0,0,-1.12,0.0,-0.00637,D5D7D7D7D7D7D7D7D7D7D7D7D7D8D6D6D6D6D6D6D6D6D6D6D7D6
2026-09-03T06:17:18.952311Z,3533.011,13.6V,,,87.253,167.41,290.17,19.45,100.4,95,8.01,4.0844,4.0837,4.0868,3.1,,,,,0,0,0,0,0,-1.12,0.0,-0.00637,D6D7D7D7D7D8D8D7D7D7D7D7D7D8D6D6D6D6D6D6D6D6D6D6D7D6
2026-09-03T06:17:28.461294Z,3542.52,13.6V,,,87.253,167.44,290.17,19.45,100.4,95,8.55,4.0845,4.0838,4.0868,3.0,,,,,0,0,0,0,0,-1.12,0.0,-0.00637,D6D7D7D7D7D8D8D7D7D7D7D7D7D8D6D6D6D6D6D6D6D6D6D6D7D6
2026-09-03T06:17:37.093436Z,3551.152,13.6V,,,87.253,167.46,290.79,19.45,100.4,95,8.86,4.0846,4.0838,4.0869,3.1,,,,,0,0,0,0,0,-1.12,0.0,-0.00637,D6D7D7D7D7D8D8D7D7D7D7D7D7D8D6D6D6D6D6D6D6D6D6D6D7D6
2026-09-03T06:17:45.622182Z,3559.681,13.6V,,,87.253,167.48,290.79,19.45,100.4,95,8.91,4.0847,4.0839,4.087,3.1,,,,,0,0,0,0,0,-1.12,0.0,-0.00637,D6D7D7D7D7D8D8D7D8D7D8D7D8D8D6D6D6D6D6D6D6D6D6D6D7D6
2026-09-03T06:18:01.198901Z,3575.257,13.6V,,,87.253,167.52,290.79,19.45,100.4,95,9.06,4.0848,4.0841,4.0872,3.1,,,,,0,0,0,0,0,-1.12,0.0,-0.00637,D6D7D8D8D8D8D8D8D8D8D8D8D8D8D6D6D6D6D6D6D6D6D6D6D7D6
2026-09-03T06:18:13.277694Z,3587.336,13.6V,,,87.253,167.54,290.79,19.45,100.4,95,8.61,4.0849,4.0842,4.0873,3.1,,,,,0,0,0,0,0,-1.12,0.0,-0.00637,D6D7D8D8D8D8D8D8D8D8D8D8D8D8D7D6D6D6D6D6D6D6D6D6D7D6
2026-09-03T06:18:21.683822Z,3595.742,13.6V,,,87.253,167.56,290.79,19.45,100.4,95,8.12,4.085,4.0842,4.0873,3.1,,,,,0,0,0,0,0,-1.12,0.0,-0.00637,D6D7D8D8D8D8D8D8D8D8D8D8D8D8D7D6D6D6D6D6D6D6D6D6D7D7
2026-09-03T06:18:30.657719Z,3604.716,13.6V,,,,,290.79,19.45,100.4,95,,4.085,4.0843,4.0874,3.1,,,,,0,0,0,0,0,-1.12,0.0,-0.00637,D6D7D8D8D8D8D8D8D8D8D8D8D8D8D7D6D6D6D6D7D6D6D6D7D7D7
2026-09-03T06:18:39.645539Z,3613.704,13.6V,,,87.253,167.61,290.79,19.45,100.4,95,8.66,4.0851,4.0844,4.0873,2.9,,,,,0,0,0,0,0,-1.12,0.0,-0.00637,D6D7D8D8D8D8D8D8D8D8D8D8D8D8D7D6D6D6D6D7D7D6D6D7D7D7
2026-09-03T06:18:48.257804Z,3622.316,13.6V,,,87.253,167.63,290.79,19.45,100.4,95,8.41,4.0852,4.0844,4.0875,3.1,,,,,0,0,0,0,0,-1.12,0.0,-0.00637,D6D7D8D8D8D8D8D8D8D8D8D8D8D8D7D7D6D6D6D7D7D6D6D7D7D7
2026-09-03T06:18:56.676674Z,3630.735,13.6V,,,87.253,167.65,290.79,19.45,100.4,95,8.44,4.0852,4.0844,4.0875,3.1,,,,,0,0,0,0,0,-1.12,0.0,-0.00637,D6D7D8D8D8D8D8D8D8D8D8D8D8D8D7D7D7D7D6D7D7D7D7D7D7D7
2026-09-03T06:19:12.127054Z,3646.186,13.6V,,,87.253,167.69,290.79,19.45,100.4,95,9.18,4.0854,4.0847,4.0878,3.1,,,,,0,0,0,0,0,-1.12,0.0,-0.00637,D6D7D8D8D8D8D8D8D8D8D8D8D8D8D7D7D7D7D7D7D7D7D7D7D8D7
2026-09-03T06:19:26.679617Z,3660.738,13.6V,,,87.253,167.72,290.79,19.45,100.4,95,8.42,4.0856,4.0848,4.088,3.2,,,,,0,0,0,0,0,-1.12,0.0,-0.00637,D6D7D8D8D8D8D8D8D8D8D8D8D8D8D7D7D7D7D7D7D7D7D7D7D8D7
2026-09-03T06:19:35.017516Z,3669.076,13.6V,,,87.253,167.74,290.79,19.45,100.4,95,8.45,4.0856,4.0849,4.0879,3.0,,,,,0,0,0,0,0,-1.12,0.0,-0.00637,D6D7D8D8D8D8D8D8D8D8D8D8D8D8D7D7D7D7D7D7D7D7D7D7D8D7
2026-09-03T06:19:43.434582Z,3677.493,13.6V,,,87.253,167.76,290.79,19.45,100.4,95,8.48,4.0857,4.085,4.0879,2.9,,,,,0,0,0,0,0,-1.12,0.0,-0.00637,D6D7D8D8D8D8D8D8D8D8D8D8D8D8D7D7D7D7D7D7D7D7D7D7D8D7
2026-09-03T06:19:52.747240Z,3686.806,13.6V,,,,,290.79,19.45,100.4,95,,4.0857,4.085,4.0879,2.9,,,,,0,0,0,0,0,-1.12,0.0,-0.00637,D6D7D8D8D8D8D8D8D8D8D8D8D8D8D7D7D7D7D7D7D7D7D7D7D8D7
2026-09-03T06:20:01.780249Z,3695.839,13.6V,,,87.654,167.8,290.79,19.45,100.4,95,7.98,4.0858,4.0851,4.0881,3.0,,,,,0,0,0,0,0,-1.12,0.0,-0.00637,D6D7D8D8D8D8D8D8D8D8D8D8D8D8D7D7D7D7D7D7D7D7D7D7D8D7
2026-09-03T06:20:10.171116Z,3704.23,13.6V,,,87.654,167.82,291.41,19.45,100.4,95,8.06,4.0859,4.0853,4.0881,2.8,,,,,0,0,0,0,0,-1.12,0.0,-0.00637,D6D7D8D8D8D8D8D8D8D8D8D8D8D8D7D7D7D7D7D7D7D7D7D7D8D7
2026-09-03T06:20:18.558639Z,3712.617,13.6V,,,87.654,167.84,291.41,19.45,100.4,95,8.33,4.086,4.0853,4.0883,3.0,,,,,0,0,0,0,0,-1.12,0.0,-0.00637,D6D7D8D8D8D8D8D8D8D8D8D8D8D8D7D7D7D7D7D7D7D7D7D7D8D7
2026-09-03T06:20:29.431565Z,3723.49,13.6V,,,87.654,167.87,291.41,19.45,100.4,95,8.6,4.086,4.0854,4.0883,2.9,,,,,0,0,0,0,0,-1.12,0.0,-0.00637,D6D7D8D8D8D8D8D8D8D8D8D8D8D8D7D7D7D7D7D7D7D7D7D7D8D7
2026-09-03T06:20:45.740427Z,3739.799,13.6V,,,87.654,167.9,291.41,19.45,100.4,95,8.19,4.0862,4.0855,4.0885,3.0,,,,,0,0,0,0,0,-1.12,0.0,-0.00637,D6D7D8D8D8D8D8D8D8D8D8D8D8D8D7D7D7D7D7D7D7D7D7D7D8D7
2026-09-03T06:20:54.230295Z,3748.289,13.6V,,,87.654,167.92,291.41,19.45,100.4,95,8.24,4.0863,4.0855,4.0886,3.1,,,,,0,0,0,0,0,-1.12,0.0,-0.00637,D6D7D8D8D8D8D8D8D8D8D8D8D8D8D7D7D7D7D7D7D7D7D7D7D8D7
2026-09-03T06:21:02.655209Z,3756.714,13.6V,,,87.654,167.94,291.41,19.45,100.4,95,8.23,4.0863,4.0856,4.0886,3.0,,,,,0,0,0,0,0,-1.12,0.0,-0.00637,D6D7D8D8D8D8D8D8D8D8D8D8D8D8D7D7D7D7D7D7D7D7D7D7D8D7
2026-09-03T06:21:11.079058Z,3765.138,13.6V,,,87.654,167.96,291.41,19.45,100.4,,8.23,4.0864,4.0856,4.0886,3.0,,,,,0,0,0,0,0,-1.12,0.0,-0.00637,D6D7D8D8D8D8D8D8D8D8D8D8D8D8D7D7D7D7D7D7D7D7D7D7D8D7
2026-09-03T06:21:20.099164Z,3774.158,13.6V,,,87.654,167.99,291.41,19.45,100.4,95,8.53,4.0865,4.0857,4.0887,3.0,,,,,0,0,0,0,0,-1.12,0.0,-0.00637,D6D7D8D8D8D8D8D8D8D8D8D8D8D8D7D7D7D7D7D7D7D7D7D7D8D7
2026-09-03T06:21:28.509285Z,3782.568,13.6V,,,87.654,168.01,291.41,19.45,100.4,95,8.53,4.0865,4.0858,4.0888,3.0,,,,,0,0,0,0,0,-1.12,0.0,-0.00637,D6D7D8D8D8D8D8D8D8D8D8D8D8D8D7D7D7D7D7D7D7D7D7D7D8D7
2026-09-03T06:21:36.854312Z,3790.913,13.6V,,,87.654,168.03,291.41,19.45,100.4,95,9.16,4.0865,4.0858,4.0887,2.9,,,,,0,0,0,0,0,-1.12,0.0,-0.00637,D6D7D8D8D8D8D8D8D8D8D8D8D8D8D7D7D7D7D7D7D7D7D7D7D8D7
2026-09-03T06:21:45.291872Z,3799.35,13.6V,,,87.654,168.05,291.41,19.45,100.4,95,9.07,4.0866,4.0859,4.0889,3.0,,,,,0,0,0,0,0,-1.12,0.0,-0.00637,D6D7D8D8D8D8D8D8D8D8D8D8D8D8D7D7D7D7D7D7D7D7D7D7D8D7
2026-09-03T06:21:53.749633Z,3807.808,13.6V,,,87.654,168.07,291.41,19.45,100.4,95,9.07,4.0867,4.086,4.0889,2.9,,,,,0,0,0,0,0,-1.12,0.0,-0.00637,D6D7D8D8D8D8D8D8D8D8D8D8D8D8D7D7D7D7D7D7D7D7D7D7D8D7
2026-09-03T06:22:09.732162Z,3823.791,13.6V,,,87.654,168.11,291.41,19.45,100.4,95,9.21,4.0869,4.0862,4.0892,3.0,,,,,0,0,0,0,0,-1.12,0.0,-0.00637,D6D7D8D8D8D8D8D8D8D8D8D8D8D8D7D7D7D7D7D7D7D7D7D7D8D7
2026-09-03T06:22:23.068471Z,3837.127,13.6V,,,87.654,168.14,291.41,19.45,100.4,95,8.58,4.0869,4.0862,4.0891,2.9,,,,,0,0,0,0,0,-1.12,0.0,-0.00637,D6D7D8D8D8D8D8D8D8D8D8D8D8D9D7D7D7D7D7D7D7D7D7D7D8D7
2026-09-03T06:22:31.444875Z,3845.503,13.6V,,,,,291.41,19.45,100.4,95,,4.087,4.0862,4.0892,3.0,,,,,0,0,0,0,0,-1.12,0.0,-0.00637,D6D7D8D8D8D8D8D8D8D8D8D8D8D9D7D7D7D7D7D7D7D7D7D7D8D7
2026-09-03T06:22:40.412487Z,3854.471,13.6V,,,87.654,168.18,292.03,19.45,100.4,95,8.49,4.0871,4.0864,4.0893,2.9,,,,,0,0,0,0,0,-1.12,0.0,-0.00637,D6D8D8D8D8D8D8D8D8D8D8D8D8D9D7D7D7D7D7D7D7D7D7D7D8D7
2026-09-03T06:22:49.568501Z,3863.627,13.6V,,,87.654,168.2,292.03,19.45,100.4,95,8.38,4.0872,4.0865,4.0894,2.9,,,,,0,0,0,0,0,-1.12,0.0,-0.00637,D6D8D8D8D8D8D8D8D8D8D8D8D8D9D7D7D7D7D7D7D7D7D7D7D8D7
2026-09-03T06:22:58.199915Z,3872.258,13.6V,,,87.654,168.22,292.03,19.45,100.4,95,8.17,4.0873,4.0865,4.0894,2.9,,,,,0,0,0,0,0,-1.12,0.0,-0.00637,D6D8D8D8D8D8D8D8D8D8D8D8D8D9D7D7D7D7D7D7D7D7D7D7D8D7
2026-09-03T06:23:06.621025Z,3880.68,13.6V,,,87.654,168.24,292.03,19.45,100.4,95,8.23,4.0874,4.0867,4.0897,3.0,,,,,0,0,0,0,0,-1.12,0.0,-0.00637,D6D8D8D8D8D9D9D8D8D8D8D8D8D9D7D7D7D7D7D7D7D7D7D7D8D7
2026-09-03T06:23:14.965659Z,3889.024,13.6V,,,87.654,168.26,292.03,19.45,100.4,95,8.32,4.0874,4.0867,4.0896,2.9,,,,,0,0,0,0,0,-1.12,0.0,-0.00637,D6D8D8D8D8D9D9D8D8D8D8D8D8D9D7D7D7D7D7D7D7D7D7D7D8D7
2026-09-03T06:23:30.871713Z,3904.93,13.6V,,,87.654,168.3,292.03,19.45,100.4,95,8.56,4.0875,4.0868,4.0897,2.9,,,,,0,0,0,0,0,-1.12,0.0,-0.00637,D6D8D8D8D8D9D9D8D8D8D9D8D9D9D7D7D7D7D7D7D7D7D7D7D8D7
2026-09-03T06:23:43.230296Z,3917.289,13.6V,,,87.654,168.32,292.03,19.45,100.4,95,8.05,4.0876,4.0869,4.0897,2.8,,,,,0,0,0,0,0,-1.12,0.0,-0.00637,D7D8D8D8D8D9D9D8D9D8D9D8D9D9D7D7D7D7D7D7D7D7D7D7D8D7
2026-09-03T06:23:51.936453Z,3925.995,13.6V,,,,,292.03,19.45,100.4,95,,4.0877,4.0869,4.09,3.1,,,,,0,0,0,0,0,-1.12,0.0,-0.00637,D7D8D8D9D9D9D9D9D9D9D9D9D9D9D7D7D7D7D7D7D7D7D7D7D8D7
2026-09-03T06:24:00.986848Z,3935.045,13.6V,,,87.654,168.36,292.03,19.45,100.4,95,7.95,4.0877,4.087,4.0901,3.1,,,,,0,0,0,0,0,-1.12,0.0,-0.00637,D7D8D9D9D9D9D9D9D9D9D9D9D9D9D7D7D7D7D7D7D7D7D7D7D8D7
2026-09-03T06:24:09.433986Z,3943.493,13.6V,,,87.654,168.39,292.03,19.45,100.4,95,8.59,4.0878,4.0871,4.0902,3.1,,,,,0,0,0,0,0,-1.12,0.0,-0.00637,D7D8D9D9D9D9D9D9D9D9D9D9D9D9D7D7D7D7D7D7D7D7D7D7D8D7
2026-09-03T06:24:17.833000Z,3951.892,13.6V,,,87.654,168.41,292.03,19.45,100.4,95,8.43,4.0879,4.0871,4.0902,3.1,,,,,0,0,0,0,0,-1.12,0.0,-0.00637,D7D8D9D9D9D9D9D9D9D9D9D9D9D9D7D7D7D7D7D7D7D7D7D7D8D7
2026-09-03T06:24:26.241936Z,3960.3,13.6V,,,87.654,168.43,292.03,19.45,100.4,95,8.45,4.088,4.0873,4.0901,2.8,,,,,0,0,0,0,0,-1.12,0.0,-0.00637,D7D8D9D9D9D9D9D9D9D9D9D9D9D9D7D7D7D7D7D7D7D7D7D7D8D7
2026-09-03T06:24:36.050260Z,3970.109,13.6V,,,87.654,168.45,292.03,19.45,100.4,95,8.86,4.088,4.0873,4.0901,2.8,,,,,0,0,0,0,0,-1.12,0.0,-0.00637,D7D8D9D9D9D9D9D9D9D9D9D9D9D9D8D7D7D7D7D7D7D7D7D7D8D8
2026-09-03T06:24:52.883809Z,3986.942,13.6V,,,87.654,168.49,292.03,19.45,100.4,95,9.02,4.0881,4.0875,4.0903,2.8,,,,,0,0,0,0,0,-1.12,0.0,-0.00637,D7D8D9D9D9D9D9D9D9D9D9D9D9D9D8D7D7D7D7D8D8D7D7D8D8D8
2026-09-03T06:25:02.603602Z,3996.662,13.6V,,,87.654,168.51,292.03,19.45,100.4,95,8.13,4.0883,4.0875,4.0905,3.0,,,,,0,0,0,0,0,-1.12,0.0,-0.00637,D7D8D9D9D9D9D9D9D9D9D9D9D9D9D8D8D7D7D7D8D8D7D7D8D8D8
2026-09-03T06:25:11.026148Z,4005.085,13.6V,,,,,292.65,19.45,100.4,96,,4.0883,4.0875,4.0905,3.0,,,,,0,0,0,0,0,-1.12,0.0,-0.00637,D7D8D9D9D9D9D9D9D9D9D9D9D9D9D8D8D7D7D7D8D8D8D7D8D8D8
2026-09-03T06:25:20.004922Z,4014.063,13.6V,,,88.054,168.55,292.65,19.45,100.4,96,8.04,4.0883,4.0876,4.0905,2.9,,,,,0,0,0,0,0,-1.12,0.0,-0.00637,D7D8D9D9D9D9D9D9D9D9D9D9D9D9D8D8D8D8D7D8D8D8D8D8D8D8
2026-09-03T06:25:28.378842Z,4022.437,13.6V,,,88.054,168.57,292.65,19.45,100.4,95,8.26,4.0884,4.0877,4.0906,2.9,,,,,0,0,0,0,0,-1.12,0.0,-0.00637,D7D8D9D9D9D9D9D9D9D9D9D9D9D9D8D8D8D8D7D8D8D8D8D8D8D8
2026-09-03T06:25:36.799017Z,4030.858,13.6V,,,88.054,168.59,292.65,19.45,100.4,96,8.2,4.0884,4.0877,4.0906,2.9,,,,,0,0,0,0,0,-1.12,0.0,-0.00637,D7D8D9D9D9D9D9D9D9D9D9D9D9D9D8D8D8D8D8D8D8D8D8D8D9D8
2026-09-03T06:25:45.930099Z,4039.989,13.6V,,,88.054,168.61,292.65,19.45,100.4,96,8.14,4.0885,4.0878,4.0908,3.0,,,,,0,0,0,0,0,-1.12,0.0,-0.00637,D7D8D9D9D9D9D9D9D9D9D9D9D9D9D8D8D8D8D8D8D8D8D8D8D9D8
2026-09-03T06:25:54.347312Z,4048.406,13.6V,,,88.054,168.63,292.65,19.45,100.4,96,8.35,4.0886,4.0879,4.0908,2.9,,,,,0,0,0,0,0,-1.12,0.0,-0.00637,D7D8D9D9D9D9D9D9D9D9D9D9D9D9D8D8D8D8D8D8D8D8D8D8D9D8
2026-09-03T06:26:02.731406Z,4056.79,13.6V,,,88.054,168.65,292.65,19.45,100.4,96,8.43,4.0887,4.088,4.0909,2.9,,,,,0,0,0,0,0,-1.12,0.0,-0.00637,D7D8D9D9D9D9D9D9D9D9D9D9D9D9D8D8D8D8D8D8D8D8D8D8D9D8
2026-09-03T06:26:18.464118Z,4072.523,13.6V,,,88.054,168.69,292.65,19.45,100.4,96,8.62,4.0888,4.088,4.0909,2.9,,,,,0,0,0,0,0,-1.12,0.0,-0.00637,D7D8D9D9D9D9D9D9D9D9D9D9D9D9D8D8D8D8D8D8D8D8D8D8D9D8
2026-09-03T06:26:31.950301Z,4086.009,13.6V,,,,,292.65,19.45,100.4,96,,4.089,4.0882,4.0912,3.0,,,,,0,0,0,0,0,-1.12,0.0,-0.00637,D7D8D9D9D9D9D9D9D9D9D9D9D9D9D8D8D8D8D8D8D8D8D8D8D9D8
2026-09-03T06:26:40.906945Z,4094.965,13.6V,,,88.054,168.74,292.65,19.45,100.4,96,8.51,4.089,4.0882,4.0911,2.9,,,,,0,0,0,0,0,-1.12,0.0,-0.00637,D7D8D9D9D9D9D9D9D9D9D9D9D9D9D8D8D8D8D8D8D8D8D8D8D9D8
2026-09-03T06:26:49.865541Z,4103.924,13.6V,,,88.054,168.76,292.65,19.45,100.4,96,8.43,4.0891,4.0884,4.0913,2.9,,,,,0,0,0,0,0,-1.12,0.0,-0.00637,D7D8D9D9D9D9D9D9D9D9D9D9D9D9D8D8D8D8D8D8D8D8D8D8D9D8
2026-09-03T06:26:58.324154Z,4112.383,13.6V,,,88.054,168.78,292.65,19.45,100.4,96,8.42,4.0892,4.0885,4.0913,2.8,,,,,0,0,0,0,0,-1.12,0.0,-0.00637,D7D8D9D9D9D9D9D9D9D9D9D9D9D9D8D8D8D8D8D8D8D8D8D8D9D8
2026-09-03T06:27:06.755596Z,4120.814,13.6V,,,88.054,168.8,292.65,19.45,100.4,96,8.2,4.0893,4.0885,4.0916,3.1,,,,,0,0,0,0,0,-1.12,0.0,-0.00637,D7D8D9D9D9D9D9D9D9D9D9D9D9D9D8D8D8D8D8D8D8D8D8D8D9D8
2026-09-03T06:27:15.269477Z,4129.328,13.6V,,,88.054,168.82,292.65,19.45,100.4,96,8.24,4.0893,4.0886,4.0914,2.8,,,,,0,0,0,0,0,-1.12,0.0,-0.00637,D7D8D9D9D9D9D9D9D9D9D9D9D9D9D8D8D8D8D8D8D8D8D8D8D9D8
2026-09-03T06:27:23.699439Z,4137.758,13.6V,,,88.054,168.84,292.65,19.45,100.4,96,8.41,4.0894,4.0886,4.0917,3.1,,,,,0,0,0,0,0,-1.12,0.0,-0.00637,D7D8D9D9D9D9D9D9D9D9D9D9D9D9D8D8D8D8D8D8D8D8D8D8D9D8
2026-09-03T06:27:32.107085Z,4146.166,13.6V,,,88.054,168.86,292.65,19.45,100.4,96,8.44,4.0894,4.0887,4.0916,2.9,,,,,0,0,0,0,0,-1.12,0.0,-0.00637,D7D8D9D9D9D9D9D9D9D9D9D9D9D9D8D8D8D8D8D8D8D8D8D8D9D8
2026-09-03T06:27:41.732600Z,4155.791,13.6V,,,88.054,168.88,293.27,19.45,100.4,96,8.33,4.0895,4.0889,4.0916,2.7,,,,,0,0,0,0,0,-1.12,0.0,-0.00637,D7D8D9D9D9D9D9D9D9D9D9D9D9D9D8D8D8D8D8D8D8D8D8D8D9D8
2026-09-03T06:27:57.475164Z,4171.534,13.6V,,,88.054,168.92,293.27,19.45,100.4,96,8.52,4.0897,4.0889,4.092,3.1,,,,,0,0,0,0,0,-1.12,0.0,-0.00637,D7D8D9D9D9D9D9D9D9D9D9D9D9D9D8D8D8D8D8D8D8D8D8D8D9D8
2026-09-03T06:28:08.354871Z,4182.413,13.6V,,,88.054,168.95,293.27,19.45,100.4,96,8.82,4.0897,4.089,4.092,3.0,,,,,0,0,0,0,0,-1.12,0.0,-0.00637,D7D8D9D9D9D9D9D9D9D9D9D9D9D9D8D8D8D8D8D8D8D8D8D8D9D8
2026-09-03T06:28:16.805009Z,4190.864,13.6V,,,88.054,168.97,293.27,19.45,100.4,96,8.81,4.0898,4.089,4.092,3.0,,,,,0,0,0,0,0,-1.12,0.0,-0.00637,D7D8D9D9D9D9D9D9D9D9D9D9D9DAD8D8D8D8D8D8D8D8D8D8D9D8
2026-09-03T06:28:25.212917Z,4199.271,13.6V,,,88.054,168.99,293.27,19.45,100.4,96,8.81,4.0899,4.0891,4.0921,3.0,,,,,0,0,0,0,0,-1.12,0.0,-0.00637,D7D8D9D9D9D9D9D9D9D9D9D9D9DAD8D8D8D8D8D8D8D8D8D8D9D8
2026-09-03T06:28:33.616421Z,4207.675,13.6V,,,88.054,169.01,293.27,19.45,100.4,96,9.02,4.0899,4.0892,4.0922,3.0,,,,,0,0,0,0,0,-1.12,0.0,-0.00637,D7D9D9D9D9D9D9D9D9D9D9D9D9DAD8D8D8D8D8D8D8D8D8D8D9D8
2026-09-03T06:28:42.436032Z,4216.495,13.6V,,,88.054,169.03,293.27,19.45,100.4,96,8.81,4.09,4.0892,4.0923,3.1,,,,,0,0,0,0,0,-1.12,0.0,-0.00637,D7D9D9D9D9D9D9D9D9D9D9D9D9DAD8D8D8D8D8D8D8D8D8D8D9D8
2026-09-03T06:28:51.106880Z,4225.165,13.6V,,,88.054,169.05,293.27,19.45,100.4,96,8.73,4.0901,4.0893,4.0922,2.9,,,,,0,0,0,0,0,-1.12,0.0,-0.00637,D7D9D9D9D9D9D9D9D9D9D9D9D9DAD8D8D8D8D8D8D8D8D8D8D9D8
2026-09-03T06:29:07.420182Z,4241.479,13.6V,,,88.054,169.09,293.27,,100.4,96,8.53,4.0901,4.0894,4.0923,2.9,,,,,0,0,0,0,0,-1.12,0.0,-0.00637,D7D9D9D9D9DADAD9D9D9D9D9D9DAD8D8D8D8D8D8D8D8D8D8D9D8
2026-09-03T06:29:21.540198Z,4255.599,13.6V,,,88.054,169.12,293.27,19.45,100.4,96,8.31,4.0903,4.0896,4.0925,2.9,,,,,0,0,0,0,0,-1.12,0.0,-0.00637,D7D9D9D9D9DADAD9D9D9D9D9D9DAD8D8D8D8D8D8D8D8D8D8D9D8
2026-09-03T06:29:29.908256Z,4263.967,13.6V,,,88.054,169.14,293.27,19.45,100.4,96,8.31,4.0903,4.0896,4.0925,2.9,,,,,0,0,0,0,0,-1.12,0.0,-0.00637,D7D9D9D9D9DADAD9D9D9DAD9DADAD8D8D8D8D8D8D8D8D8D8D9D8
2026-09-03T06:29:38.343285Z,4272.402,13.6V,,,88.054,169.16,293.27,19.45,100.4,96,8.37,4.0904,4.0897,4.0926,2.9,,,,,0,0,0,0,0,-1.12,0.0,-0.00637,D7D9D9D9DADADADADAD9DAD9DADAD8D8D8D8D8D8D8D8D8D8D9D8
2026-09-03T06:29:46.736938Z,4280.795,13.6V,,,88.054,169.19,293.27,19.45,100.4,96,9.06,4.0904,4.0897,4.0926,2.9,,,,,0,0,0,0,0,-1.12,0.0,-0.00637,D7D9DADADADADADADADADADADADAD8D8D8D8D8D8D8D8D8D8D9D8
2026-09-03T06:29:55.899361Z,4289.958,13.6V,,,88.054,169.21,293.27,19.45,100.4,96,8.91,4.0906,4.0898,4.0927,2.9,,,,,0,0,0,0,0,-1.12,0.0,-0.00637,D8D9DADADADADADADADADADADADAD8D8D8D8D8D8D8D8D8D8D9D8
2026-09-03T06:30:04.402314Z,4298.461,13.6V,,,88.054,169.23,293.27,19.45,100.4,96,8.84,4.0906,4.0899,4.0927,2.8,,,,,0,0,0,0,0,-1.12,0.0,-0.00637,D8D9DADADADADADADADADADADADAD8D8D8D8D8D8D8D8D8D8D9D8
2026-09-03T06:30:12.749377Z,4306.808,13.6V,,,88.054,169.24,293.89,19.45,100.4,96,8.44,4.0907,4.09,4.0928,2.8,,,,,0,0,0,0,0,-1.12,0.0,-0.00637,D8D9DADADADADADADADADADADADAD8D8D8D8D8D8D8D8D8D8D9D8
2026-09-03T06:30:21.210722Z,4315.269,13.6V,,,88.054,169.26,293.89,19.45,100.4,96,8.45,4.0907,4.09,4.0929,2.9,,,,,0,0,0,0,0,-1.12,0.0,-0.00637,D8D9DADADADADADADADADADADADAD8D8D8D8D8D8D8D8D8D8D9D8
2026-09-03T06:30:29.629835Z,4323.688,13.6V,,,,169.29,293.89,19.45,100.4,96,9.04,4.0908,4.0901,4.0929,2.8,,,,,0,0,0,0,0,-1.12,0.0,-0.00637,D8D9DADADADADADADADADADADADAD8D8D8D8D8D8D8D8D8D8D9D8
2026-09-03T06:30:45.534778Z,4339.593,13.6V,,,88.453,169.32,293.89,19.45,100.4,96,7.96,4.091,4.0902,4.0931,2.9,,,,,0,0,0,0,0,-1.12,0.0,-0.00637,D8D9DADADADADADADADADADADADAD8D8D8D8D8D8D8D8D8D8D9D9
2026-09-03T06:30:57.353551Z,4351.412,13.6V,,,88.453,169.35,293.89,19.45,100.4,96,8.16,4.091,4.0903,4.0932,2.9,,,,,0,0,0,0,0,-1.12,0.0,-0.00637,D8D9DADADADADADADADADADADADAD9D8D8D8D8D8D8D8D8D8D9D9
2026-09-03T06:31:05.742340Z,4359.801,13.6V,,,88.453,169.37,293.89,19.45,100.4,96,8.83,4.0911,4.0904,4.0933,2.9,,,,,0,0,0,0,0,-1.12,0.0,-0.00637,D8D9DADADADADADADADADADADADAD9D8D8D8D8D8D8D8D8D9D9D9
2026-09-03T06:31:14.139213Z,4368.198,13.6V,,,88.453,169.39,293.89,19.45,100.4,96,8.84,4.0912,4.0905,4.0933,2.8,,,,,0,0,0,0,0,-1.12,0.0,-0.00637,D8D9DADADADADADADADADADADADAD9D8D8D8D8D9D9D8D8D9D9D9
2026-09-03T06:31:22.616144Z,4376.675,13.6V,,,88.453,169.41,293.89,19.45,100.4,96,8.15,4.0912,4.0906,4.0933,2.7,,,,,0,0,0,0,0,-1.12,0.0,-0.00637,D8D9DADADADADADADADADADADADAD9D9D8D8D8D9D9D8D8D9D9D9
2026-09-03T06:31:31.073734Z,4385.132,13.6V,,,88.453,169.43,293.89,19.45,100.4,96,8.7,4.0913,4.0906,4.0933,2.7,,,,,0,0,0,0,0,-1.12,0.0,-0.00637,D8D9DADADADADADADADADADADADAD9D9D9D8D8D9D9D9D8D9D9D9
2026-09-03T06:31:39.545317Z,4393.604,13.6V,,,88.453,169.45,293.89,19.45,100.4,96,8.66,4.0914,4.0907,4.0934,2.7,,,,,0,0,0,0,0,-1.12,0.0,-0.00637,D8D9DADADADADADADADADADADADAD9D9D9D9D8D9D9D9D9D9D9D9
2026-09-03T06:31:48.011151Z,4402.07,13.6V,,,88.453,169.47,293.89,19.45,100.4,96,8.53,4.0914,4.0907,4.0936,2.9,,,,,0,0,0,0,0,-1.12,0.0,-0.00637,D8D9DADADADADADADADADADADADAD9D9D9D9D8D9D9D9D9D9DAD9
2026-09-03T06:31:55.886424Z,4409.945,13.6V,,,88.453,169.49,293.89,19.45,100.4,96,8.61,4.0915,4.0908,4.0937,2.9,,,,,0,0,0,0,0,-1.12,0.0,-0.00637,D8D9DADADADADADADADADADADADAD9D9D9D9D9D9D9D9D9D9DAD9
2026-09-03T06:32:08.995593Z,4423.054,13.6V,,,88.453,169.52,293.89,19.45,100.4,96,8.53,4.0915,4.0908,4.0938,3.0,,,,,0,0,0,0,0,-1.12,0.0,-0.00637,D8D9DADADADADADADADADADADADAD9D9D9D9D9D9D9D9D9D9DAD9
2026-09-03T06:32:25.072019Z,4439.131,13.6V,,,88.453,169.56,293.89,19.45,100.4,96,8.67,4.0917,4.091,4.0938,2.8,,,,,0,0,0,0,0,-1.12,0.0,-0.00637,D8D9DADADADADADADADADADADADAD9D9D9D9D9D9D9D9D9D9DAD9
2026-09-03T06:32:33.466760Z,4447.525,13.6V,,,88.453,169.57,293.89,19.45,100.4,96,8.01,4.0918,4.0911,4.0939,2.8,,,,,0,0,0,0,0,-1.12,0.0,-0.00637,D8D9DADADADADADADADADADADADAD9D9D9D9D9D9D9D9D9D9DAD9
2026-09-03T06:32:41.857409Z,4455.916,13.6V,,,88.453,169.59,293.89,19.45,100.4,96,8.02,4.0918,4.0911,4.094,2.9,,,,,0,0,0,0,0,-1.12,0.0,-0.00637,D8D9DADADADADADADADADADADADAD9D9D9D9D9D9D9D9D9D9DAD9
2026-09-03T06:32:50.354802Z,4464.413,13.6V,,,88.453,169.62,294.51,19.45,100.4,96,8.59,4.0919,4.0911,4.0941,3.0,,,,,0,0,0,0,0,-1.12,0.0,-0.00637,D8D9DADADADADADADADADADADADAD9D9D9D9D9D9D9D9D9D9DAD9
2026-09-03T06:32:59.104465Z,4473.163,13.6V,,,88.453,169.64,294.51,19.45,100.4,96,8.62,4.0919,4.0911,4.0942,3.1,,,,,0,0,0,0,0,-1.12,0.0,-0.00637,D8D9DADADADADADADADADADADADAD9D9D9D9D9D9D9D9D9D9DAD9
2026-09-03T06:33:07.546938Z,4481.605,13.6V,,,88.453,169.66,294.51,19.45,100.4,96,8.61,4.092,4.0913,4.094,2.7,,,,,0,0,0,0,0,-1.12,,-0.00637,D8D9DADADADADADADADADADADADAD9D9D9D9D9D9D9D9D9D9DAD9
2026-09-03T06:33:16.478221Z,4490.537,13.6V,,,88.453,169.68,294.51,19.45,100.4,96,8.4,4.0921,4.0914,4.0941,2.7,,,,,0,0,0,0,0,-1.12,0.0,-0.00637,D8D9DADADADADADADADADADADADAD9D9D9D9D9D9D9D9D9D9DAD9
2026-09-03T06:33:24.898268Z,4498.957,13.6V,,,88.453,169.7,294.51,19.45,100.4,96,8.42,4.0921,4.0914,4.0942,2.8,,,,,0,0,0,0,0,-1.12,0.0,-0.00637,D8D9DADADADADADADADADADADADAD9D9D9D9D9D9D9D9D9D9DAD9
2026-09-03T06:33:34.487393Z,4508.546,13.6V,,,88.453,169.72,294.51,19.45,100.4,96,8.89,4.0922,4.0915,4.0944,2.9,,,,,0,0,0,0,0,-1.12,0.0,-0.00637,D8D9DADADADADADADADADADADADAD9D9D9D9D9D9D9D9D9D9DAD9
2026-09-03T06:33:51.482409Z,4525.541,13.6V,,,88.453,169.76,294.51,19.45,100.4,96,8.25,4.0922,4.0916,4.0943,2.7,,,,,0,0,0,0,0,-1.12,0.0,-0.00637,D8D9DADADADADADADADADADADADAD9D9D9D9D9D9D9D9D9D9DAD9
2026-09-03T06:34:00.742281Z,4534.801,13.6V,,,88.453,169.78,294.51,19.45,100.4,96,8.12,4.0924,4.0917,4.0944,2.7,,,,,0,0,0,0,0,-1.12,0.0,-0.00637,D8D9DADADADADADADADADADADADAD9D9D9D9D9D9D9D9D9D9DAD9
2026-09-03T06:34:09.118702Z,4543.177,13.6V,,,88.453,169.8,294.51,19.45,100.4,96,8.21,4.0925,4.0918,4.0946,2.8,,,,,0,0,0,0,0,-1.12,0.0,-0.00637,D8D9DADADADADADADADADADADADBD9D9D9D9D9D9D9D9D9D9DAD9
2026-09-03T06:34:17.544136Z,4551.603,13.6V,,,88.453,169.82,294.51,19.45,100.4,96,8.21,4.0925,4.0917,4.0946,2.9,,,,,0,0,0,0,0,-1.12,0.0,-0.00637,D8D9DADADADADADADADADADADADBD9D9D9D9D9D9D9D9D9D9DAD9
2026-09-03T06:34:25.991331Z,4560.05,13.6V,,,88.453,169.84,294.51,19.45,100.4,96,8.39,4.0925,4.0919,4.0946,2.7,,,,,0,0,0,0,0,-1.12,0.0,-0.00637,D8DADADADADADADADADADADADADBD9D9D9D9D9D9D9D9D9D9DAD9
2026-09-03T06:34:34.572896Z,4568.631,13.6V,,,88.453,169.86,294.51,19.45,100.4,96,8.35,4.0926,4.0919,4.0946,2.7,,,,,0,0,0,0,0,-1.12,0.0,-0.00637,D8DADADADADADADADADADADADADBD9D9D9D9D9D9D9D9D9D9DAD9
2026-09-03T06:34:43.347394Z,4577.406,13.6V,,,88.453,169.88,294.51,19.45,100.4,96,8.33,4.0926,4.092,4.0948,2.8,,,,,0,0,0,0,0,-1.12,0.0,-0.00637,D8DADADADADADADADADADADADADBD9D9D9D9D9D9D9D9D9D9DAD9
2026-09-03T06:34:51.795280Z,4585.854,13.6V,,,88.453,169.9,294.51,19.45,100.4,96,8.46,4.0927,4.092,4.0949,2.9,,,,,0,0,0,0,0,-1.12,0.0,-0.00637,D8DADADADADADBDADADADADADADBD9D9D9D9D9D9D9D9D9D9DAD9
2026-09-03T06:35:00.210278Z,4594.269,13.6V,,,88.453,169.92,294.51,19.45,100.4,96,8.48,4.0928,4.0922,4.0949,2.7,,,,,0,0,0,0,0,-1.12,0.0,-0.00637,D8DADADADADBDBDADADADADADADBD9D9D9D9D9D9D9D9D9D9DAD9
2026-09-03T06:35:15.559778Z,4609.618,13.6V,,,88.453,169.96,295.14,19.45,100.4,96,8.69,4.093,4.0923,4.0951,2.8,,,,,0,0,0,0,0,-1.12,0.0,-0.00637,D8DADADADADBDBDADADADADADADBD9D9D9D9D9D9D9D9D9D9DAD9
2026-09-03T06:35:29.732123Z,4623.791,13.6V,,,88.453,169.99,295.14,19.45,100.4,96,8.48,4.093,4.0922,4.0952,3.0,,,,,0,0,0,0,0,-1.12,0.0,-0.00637,D8DADADADADBDBDADBDADBDADBDBD9D9D9D9D9D9D9D9D9D9DAD9
2026-09-03T06:35:38.088270Z,4632.147,13.6V,,,88.453,170.01,295.14,19.45,100.4,96,8.55,4.0931,4.0924,4.0953,2.9,,,,,0,0,0,0,0,-1.12,0.0,-0.00637,D8DADADBDBDBDBDBDBDBDBDBDBDBD9D9D9D9D9D9D9D9D9D9DAD9
2026-09-03T06:35:46.493043Z,4640.552,13.6V,,,,,295.14,19.45,100.4,96,,4.0931,4.0924,4.0951,2.7,,,,,0,0,0,0,0,-1.12,0.0,-0.00637,D8DADBDBDBDBDBDBDBDBDBDBDBDBD9D9D9D9D9D9D9D9D9D9DAD9
2026-09-03T06:35:55.454603Z,4649.513,13.6V,,,88.453,170.05,295.14,19.45,100.4,96,8.47,4.0932,4.0925,4.0952,2.7,,-22.45,,12.8,0,0,0,0,0,-1.12,0.0,-0.00637,D8DADBDBDBDBDBDBDBDBDBDBDBDBD9D9D9D9D9D9D9D9D9D9DAD9
2026-09-03T06:36:03.070641Z,4657.129,13.6V,,,88.853,170.07,295.14,19.45,100.4,96,8.33,4.0932,4.0925,4.0955,3.0,392.66,-22.15,-8.7,12.8,0,0,0,0,0,-1.12,0.0,0.0,D8DADBDBDBDBDBDBDBDBDBDBDBDBD9D9D9D9D9D9D9D9D9D9DAD9
2026-09-03T06:36:09.818307Z,4663.877,13.6V,,,88.853,170.09,295.14,19.45,100.4,96,8.63,4.0933,4.0926,4.0955,2.9,393.04,-22.75,-8.94,12.8,0,0,0,0,0,-1.12,0.0,-0.00637,D8DADBDBDBDBDBDBDBDBDBDBDBDBD9D9D9D9D9D9D9D9D9D9DAD9
2026-09-03T06:36:16.482577Z,4670.541,13.6V,,,88.853,170.11,295.14,19.45,100.4,96,9.24,4.0933,4.0927,4.0954,2.7,393.04,-21.85,-8.59,12.8,0,0,0,0,0,-1.12,0.0,-0.00637,D9DADBDBDBDBDBDBDBDBDBDBDBDBD9D9D9D9D9D9D9D9D9D9DAD9
2026-09-03T06:36:26.496606Z,4680.555,13.6V,,,88.853,170.13,295.14,19.45,100.4,96,8.88,4.0934,4.0928,4.0956,2.8,392.85,-21.85,-8.58,12.8,0,0,0,0,0,-1.12,0.0,0.0,D9DADBDBDBDBDBDBDBDBDBDBDBDBD9D9D9D9D9D9D9D9D9D9DAD9
2026-09-03T06:36:40.340222Z,4694.399,13.6V,,,88.853,170.16,295.14,19.45,100.4,96,8.82,4.0935,4.0928,4.0957,2.9,393.04,-21.85,-8.59,12.8,0,0,0,0,0,-1.12,0.0,0.0,D9DADBDBDBDBDBDBDBDBDBDBDBDBD9D9D9D9D9D9D9D9D9D9DAD9
2026-09-03T06:36:48.824776Z,4702.883,13.6V,,,88.853,170.18,295.14,19.45,100.4,96,8.77,4.0935,4.0928,4.0958,3.0,392.85,-21.85,-8.58,12.8,0,0,0,0,0,-1.12,0.0,0.0,D9DADBDBDBDBDBDBDBDBDBDBDBDBD9D9D9D9D9D9D9D9D9D9DAD9
2026-09-03T06:36:55.523133Z,4709.582,13.6V,,,88.853,170.2,295.14,19.45,100.4,96,8.92,4.0936,4.0929,4.0958,2.9,392.85,-21.85,-8.58,12.8,0,0,0,0,0,-1.12,0.0,0.0,D9DADBDBDBDBDBDBDBDBDBDBDBDBD9D9D9D9D9D9D9D9D9D9DAD9
2026-09-03T06:37:02.917657Z,4716.976,13.6V,,,88.853,170.21,295.14,19.45,100.4,96,8.42,4.0936,4.0929,4.0956,2.7,392.85,-21.85,-8.58,12.8,0,0,0,0,0,-1.12,0.0,0.0,D9DADBDBDBDBDBDBDBDBDBDBDBDBD9D9D9D9D9D9D9D9D9D9DADA
2026-09-03T06:37:10.407876Z,4724.466,13.6V,,,88.853,170.23,295.14,19.45,100.4,96,8.01,4.0937,4.093,4.0958,2.8,,,,,0,0,0,0,0,-1.12,0.0,0.0,D9DADBDBDBDBDBDBDBDBDBDBDBDBDAD9D9D9D9D9D9D9D9D9DADA
2026-09-03T06:37:19.439165Z,4733.498,13.6V,,,,,295.14,19.45,100.4,96,,4.0938,4.093,4.0958,2.8,,,,,0,0,0,0,0,-1.12,0.0,0.0,D9DADBDBDBDBDBDBDBDBDBDBDBDBDAD9D9D9D9D9D9D9D9DADADA
2026-09-03T06:37:28.410574Z,4742.469,13.6V,,,88.853,170.28,295.14,19.45,100.4,96,8.99,4.0938,4.0931,4.096,2.9,,,,,0,0,0,0,0,-1.12,0.0,0.0,D9DADBDBDBDBDBDBDBDBDBDBDBDBDAD9D9D9D9DAD9D9D9DADADA
2026-09-03T06:37:36.892618Z,4750.951,13.6V,,,88.853,170.3,295.14,19.45,100.4,96,8.91,4.0939,4.0932,4.0959,2.7,,,,,0,0,0,0,0,-1.12,0.0,0.0,D9DADBDBDBDBDBDBDBDBDBDBDBDBDAD9D9D9D9DADAD9D9DADADA
2026-09-03T06:37:47.595083Z,4761.654,13.6V,,,88.853,170.33,295.76,19.45,100.4,96,9.19,4.094,4.0933,4.0961,2.8,,,,,0,0,0,0,0,-1.12,0.0,0.0,D9DADBDBDBDBDBDBDBDBDBDBDBDBDADADADAD9DADADAD9DADADA
2026-09-03T06:38:03.504337Z,4777.563,13.6V,,,88.853,170.36,295.76,19.45,100.4,96,8.81,4.0942,4.0935,4.0962,2.7,,,,,0,0,0,0,0,-1.12,0.0,0.0,D9DADBDBDBDBDBDBDBDBDBDBDBDBDADADADAD9DADADADADADBDA
2026-09-03T06:38:12.189404Z,4786.248,13.6V,,,88.853,170.38,295.76,19.45,100.4,96,8.22,4.0942,4.0935,4.0962,2.7,,,,,0,0,0,0,0,-1.12,0.0,0.0,D9DADBDBDBDBDBDBDBDBDBDBDBDBDADADADADADADADADADADBDA
2026-09-03T06:38:20.558250Z,4794.617,13.6V,,,88.853,170.4,295.76,19.45,100.4,96,8.28,4.0942,4.0935,4.0962,2.7,,,,,0,0,0,0,0,-1.12,0.0,0.0,D9DADBDBDBDBDBDBDBDBDBDBDBDBDADADADADADADADADADADBDA
2026-09-03T06:38:29.009345Z,4803.068,13.6V,,,88.853,170.42,295.76,19.45,100.4,96,8.29,4.0942,4.0937,4.0963,2.6,,,,,0,0,0,0,0,-1.12,0.0,0.0,D9DADBDBDBDBDBDBDBDBDBDBDBDBDADADADADADADADADADADBDA
2026-09-03T06:38:37.433115Z,4811.492,13.6V,,,88.853,170.44,295.76,19.45,100.4,96,7.95,4.0943,4.0937,4.0963,2.6,,,,,0,0,0,0,0,,0.0,0.0,D9DADBDBDBDBDBDBDBDBDBDBDBDBDADADADADADADADADADADBDA
2026-09-03T06:38:46.433422Z,4820.492,13.6V,,,88.853,170.46,295.76,19.45,100.4,96,7.95,4.0945,4.0938,4.0965,2.7,,,,,0,0,0,0,0,-1.12,0.0,0.0,D9DADBDBDBDBDBDBDBDBDBDBDBDBDADADADADADADADADADADBDA
2026-09-03T06:38:55.935030Z,4829.994,13.6V,,,88.853,170.48,295.76,19.45,100.4,96,8.24,4.0945,4.0938,4.0966,2.8,,,,,0,0,0,0,0,-1.12,0.0,0.0,D9DADBDBDBDBDBDBDBDBDBDBDBDBDADADADADADADADADADADBDA
2026-09-03T06:39:08.635377Z,4842.694,13.6V,,,88.853,170.52,295.76,19.45,100.4,96,8.93,4.0946,4.0938,4.0966,2.8,,,,,0,0,0,0,0,-1.12,0.0,0.0,D9DADBDBDBDBDBDBDBDBDBDBDBDBDADADADADADADADADADADBDA
2026-09-03T06:39:25.346146Z,4859.405,13.6V,,,88.853,170.55,295.76,19.45,100.4,96,8.31,4.0947,4.094,4.0967,2.7,,,,,0,0,0,0,0,-1.12,0.0,0.0,D9DADBDBDBDBDBDBDBDBDBDBDBDBDADADADADADADADADADADBDA
2026-09-03T06:39:33.739732Z,4867.798,13.6V,,,88.853,170.57,295.76,19.45,100.4,96,8.31,4.0948,4.0942,4.0968,2.6,,,,,0,0,0,0,0,-1.12,0.0,0.0,D9DADBDBDBDBDBDBDBDBDBDBDBDBDADADADADADADADADADADBDA
2026-09-03T06:39:42.133980Z,4876.192,13.6V,,,88.853,170.59,295.76,19.45,100.4,96,8.4,4.0949,4.0942,4.0969,2.7,,,,,0,0,0,0,0,-1.12,0.0,0.0,D9DADBDBDBDBDBDBDBDBDBDBDBDBDADADADADADADADADADADBDA
2026-09-03T06:39:50.520498Z,4884.579,13.6V,,,88.853,170.61,295.76,19.45,100.4,96,8.57,4.0949,4.0943,4.0969,2.6,,,,,0,0,0,0,0,-1.12,0.0,0.0,D9DADBDBDBDBDBDBDBDBDBDBDBDBDADADADADADADADADADADBDA
2026-09-03T06:39:59.227417Z,4893.286,13.6V,,,,,295.76,19.45,100.4,96,,4.095,4.0943,4.0969,2.6,,,,,0,0,0,0,0,-1.12,0.0,0.0,D9DADBDBDBDBDBDBDBDBDBDBDBDCDADADADADADADADADADADBDA
2026-09-03T06:40:08.152678Z,4902.211,13.6V,,,88.853,170.65,295.76,19.45,100.4,96,7.86,4.095,4.0944,4.097,2.6,,,,,0,0,0,0,0,-1.12,0.0,0.0,D9DADBDBDBDBDBDBDBDBDBDBDBDCDADADADADADADADADADADBDA
2026-09-03T06:40:16.846284Z,4910.905,13.6V,,,88.853,170.68,296.38,19.45,100.4,96,9.09,4.0951,4.0944,4.0972,2.8,,,,,0,0,0,0,0,-1.12,0.0,0.0,D9DADBDBDBDBDBDBDBDBDBDBDBDCDADADADADADADADADADADBDA
2026-09-03T06:40:32.807922Z,4926.866,13.6V,,,88.853,170.71,296.38,19.45,100.4,96,8.53,4.0952,4.0945,4.0973,2.8,,,,,0,0,0,0,0,-1.12,0.0,0.0,D9DBDBDBDBDBDBDBDBDBDBDBDBDCDADADADADADADADADADADBDA
2026-09-03T06:40:47.531680Z,4941.59,13.6V,,,88.853,170.75,296.38,19.45,100.4,96,8.84,4.0953,4.0947,4.0974,2.7,,,,,0,0,0,0,0,-1.12,0.0,0.0,D9DBDBDBDBDBDCDBDBDBDBDBDBDCDADADADADADADADADADADBDA
2026-09-03T06:40:55.971950Z,4950.03,13.6V,,,88.853,170.77,296.38,19.45,100.4,96,9.03,4.0954,4.0948,4.0975,2.7,,,,,0,0,0,0,0,-1.12,0.0,0.0,D9DBDBDBDBDCDCDBDBDBDBDBDBDCDADADADADADADADADADADBDA
2026-09-03T06:41:05.370458Z,4959.429,13.6V,,,88.853,170.79,296.38,19.45,100.4,96,8.81,4.0954,4.0947,4.0973,2.6,,,,,0,0,0,0,0,-1.12,0.0,0.0,D9DBDBDBDBDCDCDBDBDBDBDBDBDCDADADADADADADADADADADBDA
2026-09-03T06:41:13.724037Z,4967.783,13.6V,,,88.853,170.81,296.38,19.45,100.4,96,8.23,4.0955,4.0949,4.0974,2.5,,,,,0,0,0,0,0,-1.12,0.0,0.0,D9DBDBDBDBDCDCDBDBDBDBDBDBDCDADADADADADADADADADADBDA
2026-09-03T06:41:22.146984Z,4976.206,13.6V,,,,,296.38,19.45,100.4,96,,4.0955,4.0949,4.0975,2.6,,,,,0,0,0,0,0,-1.12,0.0,0.0,D9DBDBDBDBDCDCDBDCDBDCDBDCDCDADADADADADADADADADADBDA
2026-09-03T06:41:31.093357Z,4985.152,13.6V,,,89.253,170.85,296.38,19.45,100.4,96,8.65,4.0956,4.095,4.0975,2.5,,,,,0,0,0,0,0,-1.12,0.0,0.0,D9DBDBDCDCDCDCDCDCDCDCDCDCDCDADADADADADADADADADADBDA
2026-09-03T06:41:39.457623Z,4993.516,13.6V,,,89.253,170.87,296.38,19.45,100.4,96,8.32,4.0956,4.095,4.0976,2.6,,,,,0,0,0,0,0,-1.12,0.0,0.0,D9DBDCDCDCDCDCDCDCDCDCDCDCDCDADADADADADADADADADADBDA
2026-09-03T06:41:54.330918Z,5008.389,13.6V,,,89.253,170.91,296.38,19.45,100.4,96,8.64,4.0957,4.0952,4.0977,2.5,,,,,0,0,0,0,0,-1.12,0.0,0.0,D9DBDCDCDCDCDCDCDCDCDCDCDCDCDADADADADADADADADADADBDA
2026-09-03T06:42:07.904571Z,5021.963,13.6V,,,89.253,170.94,296.38,19.45,100.4,96,8.64,4.0958,4.0952,4.0978,2.6,,,,,0,0,0,0,0,-1.12,0.0,0.0,D9DBDCDCDCDCDCDCDCDCDCDCDCDCDADADADADADADADADADADBDA
2026-09-03T06:42:16.323383Z,5030.382,13.6V,,,89.253,170.96,296.38,19.45,100.4,96,8.76,4.0959,4.0952,4.0979,2.7,,,,,0,0,0,0,0,-1.12,0.0,0.0,D9DBDCDCDCDCDCDCDCDCDCDCDCDCDADADADADADADADADADADBDA
2026-09-03T06:42:24.741215Z,5038.8,13.6V,,,89.253,170.98,296.38,19.45,100.4,96,8.72,4.096,4.0954,4.0979,2.5,,,,,0,0,0,0,0,-1.12,0.0,0.0,D9DBDCDCDCDCDCDCDCDCDCDCDCDCDADADADADADADADADADADBDA
2026-09-03T06:42:33.151412Z,5047.21,13.6V,,,89.253,171.0,296.38,19.45,100.4,96,8.72,4.096,4.0954,4.0979,2.5,,,,,0,0,0,0,0,-1.12,0.0,0.0,DADBDCDCDCDCDCDCDCDCDCDCDCDCDADADADADADADADADADADBDA
2026-09-03T06:42:41.512113Z,5055.571,13.6V,,,,,296.38,19.45,100.4,96,,4.096,4.0955,4.0981,2.6,,,,,0,0,0,0,0,-1.12,0.0,0.0,DADBDCDCDCDCDCDCDCDCDCDCDCDCDADADADADADADADADADADBDA
2026-09-03T06:42:50.503507Z,5064.562,13.6V,,,89.253,171.04,297.0,19.45,100.4,96,8.33,4.0961,4.0955,4.0981,2.6,,,,,0,0,0,0,0,-1.12,0.0,0.0,DADBDCDCDCDCDCDCDCDCDCDCDCDCDADADADADADADADADADADBDA
2026-09-03T06:43:00.880435Z,5074.939,13.6V,,,89.253,171.07,297.0,19.45,100.4,96,8.83,4.0962,4.0956,4.0982,2.6,,,,,0,0,0,0,0,-1.12,0.0,0.0,DADBDCDCDCDCDCDCDCDCDCDCDCDCDADADADADADADADADADADBDA
2026-09-03T06:43:16.854115Z,5090.913,13.6V,,,89.253,171.1,297.0,19.45,100.4,96,8.29,4.0964,4.0958,4.0983,2.5,,,,,0,0,0,0,0,-1.12,0.0,0.0,DADBDCDCDCDCDCDCDCDCDCDCDCDCDADADADADADADADADADADBDB
2026-09-03T06:43:25.536533Z,5099.595,13.6V,,,89.253,171.12,297.0,19.45,100.4,96,8.25,4.0964,4.0958,4.0983,2.5,,,,,0,0,0,0,0,-1.12,0.0,0.0,DADBDCDCDCDCDCDCDCDCDCDCDCDCDADADADADADADADADADADBDB
2026-09-03T06:43:33.912746Z,5107.971,13.6V,,,89.253,171.14,297.0,19.45,100.4,96,8.29,4.0964,4.0958,4.0984,2.6,,,,,0,0,0,0,0,-1.12,0.0,0.0,DADBDCDCDCDCDCDCDCDCDCDCDCDCDBDADADADADADADADADADBDB
2026-09-03T06:43:42.358207Z,5116.417,13.6V,,,89.253,171.16,297.0,19.45,100.4,96,8.33,4.0965,4.0958,4.0985,2.7,,,,,0,0,0,0,0,-1.12,0.0,0.0,DADBDCDCDCDCDCDCDCDCDCDCDCDCDBDADADADADADADADADBDBDB
2026-09-03T06:43:50.909762Z,5124.968,13.6V,,,89.253,171.18,297.0,19.45,100.4,96,7.92,4.0966,4.096,4.0984,2.4,,,,,0,0,0,0,0,-1.12,0.0,0.0,DADBDCDCDCDCDCDCDCDCDCDCDCDCDBDADADADADBDBDADADBDBDB
2026-09-03T06:43:59.592944Z,5133.651,13.6V,,,89.253,171.2,297.0,19.45,100.4,96,7.97,4.0966,4.0961,4.0985,2.4,,,,,,,,,0,-1.12,0.0,0.0,DADBDCDCDCDCDCDCDCDCDCDCDCDCDBDBDADADADBDBDADADBDBDB
2026-09-03T06:44:08.605367Z,5142.664,13.6V,,,89.253,171.22,297.0,19.45,100.4,96,8.35,4.0966,4.0961,4.0985,2.4,,,,,0,0,0,0,0,-1.12,0.0,0.0,DADBDCDCDCDCDCDCDCDCDCDCDCDCDBDBDBDADADBDBDBDADBDBDB
2026-09-03T06:44:17.030611Z,5151.089,13.6V,,,89.253,171.24,297.0,19.45,100.4,96,8.39,4.0968,4.096,4.0988,2.8,,,,,0,0,0,0,0,-1.12,0.0,0.0,DADBDCDCDCDCDCDCDCDCDCDCDCDCDBDBDBDBDADBDBDBDBDBDCDB
2026-09-03T06:44:33.296071Z,5167.355,13.6V,,,89.253,171.28,297.0,19.45,100.4,96,8.49,4.0969,4.0963,4.0988,2.5,,,,,0,0,0,0,0,-1.12,0.0,0.0,DADBDCDCDCDCDCDCDCDCDCDCDCDCDBDBDBDBDBDBDBDBDBDBDCDB
2026-09-03T06:44:47.700957Z,5181.759,13.6V,,,89.253,171.31,297.0,19.45,100.4,96,8.24,4.0969,4.0963,4.0988,2.5,,,,,0,0,0,0,0,-1.12,0.0,0.0,DADBDCDCDCDCDCDCDCDCDCDCDCDCDBDBDBDBDBDBDBDBDBDBDCDB
2026-09-03T06:44:56.114387Z,5190.173,13.6V,,,89.253,171.33,297.0,19.45,100.4,96,8.28,4.097,4.0962,4.0991,2.9,,,,,0,0,0,0,0,-1.12,0.0,0.0,DADBDCDCDCDCDCDCDCDCDCDCDCDCDBDBDBDBDBDBDBDBDBDBDCDB
2026-09-03T06:45:04.558817Z,5198.617,13.6V,,,89.253,171.35,297.0,19.45,100.4,96,8.36,4.097,4.0964,4.0989,2.5,,,,,0,0,0,0,0,-1.12,0.0,0.0,DADBDCDCDCDCDCDCDCDCDCDCDCDCDBDBDBDBDBDBDBDBDBDBDCDB
2026-09-03T06:45:13.019915Z,5207.078,13.6V,,,89.253,171.37,297.0,19.45,100.4,96,8.36,4.097,4.0964,4.0991,2.7,,,,,0,0,0,0,0,-1.12,0.0,0.0,DADBDCDCDCDCDCDCDCDCDCDCDCDCDBDBDBDBDBDBDBDBDBDBDCDB
2026-09-03T06:45:21.849786Z,5215.908,13.6V,,,,,297.62,19.45,100.4,96,,4.0972,4.0966,4.099,2.4,,,,,0,0,0,0,0,-1.12,0.0,0.0,DADBDCDCDCDCDCDCDCDCDCDCDCDCDBDBDBDBDBDBDBDBDBDBDCDB
2026-09-03T06:45:31.113643Z,5225.172,13.6V,,,89.253,171.41,297.62,19.45,100.4,96,8.09,4.0972,4.0965,4.0991,2.6,,,,,0,0,0,0,0,-1.12,0.0,0.0,DADBDCDCDCDCDCDCDCDCDCDCDCDCDBDBDBDBDBDBDBDBDBDBDCDB
2026-09-03T06:45:39.533840Z,5233.592,13.6V,,,89.253,171.44,297.62,19.45,100.4,96,9.03,4.0973,4.0967,4.0991,2.4,,,,,0,0,0,0,0,-1.12,0.0,0.0,DADBDCDCDCDCDCDCDCDCDCDCDCDCDBDBDBDBDBDBDBDBDBDBDCDB
2026-09-03T06:45:47.923906Z,5241.982,13.6V,,,89.253,171.45,297.62,19.45,100.4,96,8.34,4.0973,4.0967,4.0992,2.5,,,,,0,0,0,0,0,-1.12,0.0,0.0,DADBDCDCDCDCDCDCDCDCDCDCDCDCDBDBDBDBDBDBDBDBDBDBDCDB
2026-09-03T06:45:57.474848Z,5251.533,13.6V,,,89.253,171.48,297.62,19.45,100.4,96,8.84,4.0974,4.0967,4.0993,2.6,,,,,0,0,0,0,0,-1.12,0.0,0.0,DADBDCDCDCDCDCDCDCDCDCDCDCDDDBDBDBDBDBDBDBDBDBDBDCDB
2026-09-03T06:46:12.875909Z,5266.934,13.6V,,,89.253,171.52,297.62,19.45,100.4,96,9.02,4.0975,4.0968,4.0995,2.7,,,,,0,0,0,0,0,-1.12,0.0,0.0,DADCDCDCDCDCDCDCDCDCDCDCDCDDDBDBDBDBDBDBDBDBDBDBDCDB
2026-09-03T06:46:23.848845Z,5277.907,13.6V,,,89.253,171.54,297.62,19.45,100.4,96,8.87,4.0975,4.097,4.0993,2.3,,,,,0,0,0,0,0,-1.12,0.0,0.0,DADCDCDCDCDCDCDCDCDCDCDCDCDDDBDBDBDBDBDBDBDBDBDBDCDB
2026-09-03T06:46:32.999803Z,5287.058,13.6V,,,89.253,171.56,297.62,19.45,100.4,96,8.08,4.0975,4.0969,4.0995,2.6,,,,,0,0,0,0,0,-1.12,0.0,0.0,DADCDCDCDCDCDCDCDCDCDCDCDCDDDBDBDBDBDBDBDBDBDBDBDCDB
2026-09-03T06:46:41.607839Z,5295.666,13.6V,,,,,297.62,19.45,100.4,96,,4.0977,4.097,4.0996,2.6,,,,,0,0,0,0,0,-1.12,0.0,0.0,DADCDCDCDCDCDDDCDCDCDCDCDCDDDBDBDBDBDBDBDBDBDBDBDCDB
2026-09-03T06:46:50.601797Z,5304.66,13.6V,,,89.653,171.6,297.62,19.45,100.4,96,8.13,4.0977,4.0971,4.0996,2.5,,,,,0,0,0,0,0,-1.12,0.0,0.0,DADCDCDCDCDDDDDCDCDCDCDCDCDDDBDBDBDBDBDBDBDBDBDBDCDB
2026-09-03T06:46:58.973998Z,5313.033,13.6V,,,89.653,171.62,297.62,19.45,100.4,96,7.81,4.0977,4.0971,4.0997,2.6,,,,,0,0,0,0,0,-1.12,0.0,0.0,DADCDCDCDCDDDDDCDCDCDCDCDCDDDBDBDBDBDBDBDBDBDBDBDCDB
2026-09-03T06:47:07.377185Z,5321.436,13.6V,,,89.653,171.64,297.62,19.45,100.4,96,7.93,4.0978,4.0972,4.0998,2.6,,,,,0,0,0,0,0,-1.12,0.0,0.0,DADCDCDCDCDDDDDCDCDCDCDCDCDDDBDBDBDBDBDBDBDBDBDBDCDB
2026-09-03T06:47:15.772289Z,5329.831,13.6V,,,89.653,171.66,297.62,19.45,100.4,96,8.32,4.0979,4.0972,4.0999,2.7,,,,,0,0,0,0,0,-1.12,0.0,0.0,DADCDCDCDCDDDDDCDDDCDDDCDDDDDBDBDBDBDBDBDBDBDBDBDCDB
2026-09-03T06:47:26.477788Z,5340.536,13.6V,,,89.653,171.69,297.62,19.45,100.4,96,8.75,4.0979,4.0973,4.0998,2.5,,,,,0,0,0,0,0,-1.12,0.0,0.0,DADCDCDDDDDDDDDDDDDDDDDDDDDDDBDBDBDBDBDBDBDBDBDBDCDB
2026-09-03T06:47:42.045907Z,5356.104,13.6V,,,89.653,171.73,297.62,19.45,100.4,96,9.1,4.0981,4.0974,4.1,2.6,,,,,0,0,0,0,0,-1.12,0.0,0.0,DADCDDDDDDDDDDDDDDDDDDDDDDDDDBDBDBDBDBDBDBDBDBDBDCDB
2026-09-03T06:47:51.463347Z,5365.522,13.6V,,,89.653,171.75,298.24,19.45,100.4,96,8.92,4.0982,4.0975,4.1002,2.7,,,,,0,0,0,0,0,-1.12,0.0,0.0,DADCDDDDDDDDDDDDDDDDDDDDDDDDDBDBDBDBDBDBDBDBDBDBDCDB
2026-09-03T06:47:59.907291Z,5373.966,13.6V,,,89.653,171.77,298.24,19.45,100.4,96,8.91,4.0982,4.0976,4.1002,2.6,,,,,0,0,0,0,0,-1.12,0.0,0.0,
2026-09-03T06:48:08.885098Z,5382.944,13.6V,,,89.653,171.79,298.24,19.45,100.4,96,8.81,4.0983,4.0976,4.1002,2.6,,,,,0,0,0,0,0,-1.12,0.0,0.0,DADCDDDDDDDDDDDDDDDDDDDDDDDDDBDBDBDBDBDBDBDBDBDBDCDB
2026-09-03T06:48:17.256379Z,5391.315,13.6V,,,89.653,171.81,298.24,19.45,100.4,96,8.51,4.0983,4.0977,4.1004,2.7,,,,,0,0,0,0,0,-1.12,0.0,0.0,DADCDDDDDDDDDDDDDDDDDDDDDDDDDBDBDBDBDBDBDBDBDBDBDCDB
2026-09-03T06:48:25.855094Z,5399.914,13.6V,,,89.653,171.83,298.24,19.45,100.4,96,8.49,4.0983,4.0977,4.1003,2.6,,,,,0,0,0,0,0,-1.12,0.0,0.0,DADCDDDDDDDDDDDDDDDDDDDDDDDDDBDBDBDBDBDBDBDBDBDBDCDB
2026-09-03T06:48:34.232247Z,5408.291,13.6V,,,89.653,171.85,298.24,19.45,100.4,96,8.28,4.0984,4.0977,4.1003,2.6,,,,,0,0,0,0,0,-1.12,0.0,0.0,DADCDDDDDDDDDDDDDDDDDDDDDDDDDBDBDBDBDBDBDBDBDBDBDCDB
2026-09-03T06:48:42.695497Z,5416.754,13.6V,,,89.653,171.88,298.24,19.45,100.4,96,9.13,4.0985,4.0978,4.1005,2.7,,,,,0,0,0,0,0,-1.12,0.0,0.0,DADCDDDDDDDDDDDDDDDDDDDDDDDDDBDBDBDBDBDBDBDBDBDBDCDB
2026-09-03T06:48:59.344370Z,5433.403,13.6V,,,89.653,171.92,298.24,19.45,100.4,96,9.09,4.0986,4.0979,4.1005,2.6,,,,,0,0,0,0,0,-1.12,0.0,0.0,DBDCDDDDDDDDDDDDDDDDDDDDDDDDDBDBDBDBDBDBDBDBDBDBDCDB
2026-09-03T06:49:12.041664Z,5446.1,13.6V,,,89.653,171.94,298.24,19.45,100.4,96,8.54,4.0986,4.098,4.1005,2.5,,,,,0,0,0,0,0,-1.12,0.0,0.0,DBDCDDDDDDDDDDDDDDDDDDDDDDDDDBDBDBDBDBDBDBDBDBDBDCDB
2026-09-03T06:49:21.339757Z,5455.398,13.6V,,,,,298.24,19.45,100.4,96,,4.0987,4.0981,4.1006,2.5,,,,,0,0,0,0,0,-1.12,0.0,0.0,DBDCDDDDDDDDDDDDDDDDDDDDDDDDDBDBDBDBDBDBDBDBDBDBDCDB
2026-09-03T06:49:31.102669Z,5465.161,13.6V,,,89.653,171.99,298.24,19.45,100.4,96,8.86,4.0988,4.0982,4.1007,2.5,,,,,0,0,0,0,0,-1.12,0.0,0.0,DBDCDDDDDDDDDDDDDDDDDDDDDDDDDBDBDBDBDBDBDBDBDBDBDCDB
2026-09-03T06:49:39.716643Z,5473.775,13.6V,,,89.653,172.01,298.24,19.45,100.4,96,8.21,4.0989,4.0982,4.1008,2.6,,,,,0,0,0,0,0,-1.12,0.0,0.0,DBDCDDDDDDDDDDDDDDDDDDDDDDDDDBDBDBDBDBDBDBDBDBDBDCDC
2026-09-03T06:49:48.084007Z,5482.143,13.6V,,,89.653,172.03,298.24,19.45,100.4,96,8.12,4.0989,4.0983,4.1008,2.5,,,,,0,0,0,0,0,-1.12,0.0,0.0,DBDCDDDDDDDDDDDDDDDDDDDDDDDDDCDBDBDBDBDBDBDBDBDBDCDC
2026-09-03T06:49:56.475398Z,5490.534,13.0V,,,89.653,172.05,298.24,0.0,100.4,00,8.19,4.0949,4.0944,4.0966,2.2,392.89,-0.25,-0.1,12.1,0,0,0,0,0,-1.12,0.0,0.0,DBDCDDDDDDDDDDDDDDDDDDDDDDDDDCDBDBDBDBDBDBDBDBDBDCDC
