utc,elapsed_s,volts,speed_kph,odometer_km,soc_pct,energy_kwh,range_mi,dist_since_chg_mi,temp_f,charger_5401_raw,power_kw,cell_avg_v,cell_min_v,cell_max_v,cell_spread_mv,cell_extra_raw,array_2af1,pack_v,pack_a,hv_power_kw,dmc2_v,wheel_fl_kph,wheel_fr_kph,wheel_rl_kph,wheel_rr_kph,brake_kpa,steering_deg,lateral_g,longitudinal_g,array_2b43
2026-09-03T20:08:50.791815Z,0.0,14.0V,,,81.953,155.44,271.52,24.36,102.2,00,,4.0254,4.024,4.0286,4.6,740FB317,737372727372727272727373737373737272727272727372,386.48,0.0,0.0,13.2,,,,,,,,,C9C8C9C9C9C9C9C9C9C9C9C9C9CACACACACACACACACACACACACA
2026-09-03T20:08:59.370158Z,8.579,14.0V,,,81.953,155.44,271.52,24.36,102.2,00,0.0,4.0254,4.024,4.0286,4.6,760FB317,737372727372727272727373737373737272727272727372,386.59,0.3,0.12,13.2,,,,,,,,,C9C8C9C9C9C9C9C9C9C9C9C9C9CACACACACACACACACACACACACA
2026-09-03T20:09:06.149685Z,15.358,14.0V,,,81.953,155.44,271.52,24.36,102.2,00,0.0,4.0254,4.024,4.0287,4.7,760FB417,737372727372727272727373737373737272727272727372,386.44,0.3,0.12,13.2,,,,,,,,,C9C8C9C9C9C9C9C9C9C9C9C9C9CACACACACACACACACACACACACA
2026-09-03T20:09:13.008236Z,22.217,14.0V,,,81.953,155.44,271.52,24.36,102.2,00,0.0,4.0254,4.024,4.0287,4.7,740FB817,737372727372727272727373737373737272727272727372,386.59,0.3,0.12,13.2,,,,,,,,,C9C8C9C9C9C9C9C9C9C9C9C9C9CACACACACACACACACACACACACA
2026-09-03T20:09:19.824358Z,29.033,14.0V,,,81.953,155.44,271.52,24.36,102.2,00,0.0,4.0254,4.024,4.0287,4.7,760FB317,737372727372727272727373737373737272727272727372,386.78,0.0,0.0,13.2,,,,,,,,,C9C8C9C9C9C9C9C9C9C9C9C9C9CACACACACACACACACACACACACA
2026-09-03T20:09:26.673395Z,35.882,14.0V,,,81.953,155.43,271.52,24.36,102.2,00,-1.0,4.0254,4.024,4.0286,4.6,740FB417,737372727372727272727373737373737272727272727372,386.56,0.0,0.0,13.2,,,,,,,,,C9C8C9C9C9C9C9C9C9C9C9C9C9CACACACACACACACACACACACACA
2026-09-03T20:09:33.538682Z,42.747,14.0V,,,81.953,155.43,271.52,24.36,102.2,00,-0.84,4.0254,4.024,4.0287,4.7,760FB817,737372727372727272727373737373737272727272727372,386.93,0.3,0.12,13.2,,,,,,,,,C9C8C9C9C9C9C9C9C9C9C9C9C9CACACACACACACACACACACACACA
2026-09-03T20:09:40.356753Z,49.565,14.0V,,,81.953,155.43,271.52,24.36,102.2,00,-0.73,4.0254,4.024,4.0287,4.7,740FB417,737372727372727272727373737373737272727272727372,386.59,0.0,0.0,13.2,,,,,,,,,C9C8C9C9C9C9C9C9C9C9C9C9C9CACACACACACACACACACACACACA
2026-09-03T20:09:54.966474Z,64.175,14.0V,,,81.953,155.43,271.52,24.36,102.2,00,-0.65,4.0255,4.0241,4.0288,4.7,760FB417,737372727372727272727373737373737272727272727372,386.59,-0.25,-0.1,12.6,0,0,0,0,0,-39.56,0.01274,-0.00637,C9C8C9C9C9C9C9C9C9C9C9C9C9CACACACACACACACACACACACACA
2026-09-03T20:10:06.482598Z,75.691,13.3V,,,81.953,155.43,271.52,24.36,102.2,00,-0.67,4.0255,4.0241,4.0288,4.7,760FB417,737373727372727272727373737373737272727272727372,386.56,0.0,0.0,12.5,0,0,0,0,0,-39.56,0.01274,-0.01274,C9C8C9C9C9C9C9C9C9C9C9C9C9CACACACACACACACACACACACACA
2026-09-03T20:10:10.450052Z,79.658,13.2V,,,81.953,155.43,271.52,24.36,102.2,00,-0.63,4.0256,4.0242,4.0289,4.7,740FB817,737373727372727272727373737373737272727272727372,386.44,-0.25,-0.1,12.4,0,0,0,0,0,-39.56,0.01274,-0.01274,C9C8C9C9C9C9C9C9C9C9C9C9C9CACACACACACACACACACACACACA
2026-09-03T20:10:14.408909Z,83.617,13.1V,,,81.953,155.43,271.52,24.36,102.2,00,-0.66,4.0256,4.0241,4.0288,4.7,760FB817,737373727372727272727373737373737272727272727372,386.78,-0.25,-0.1,12.3,0,0,0,0,0,-39.56,0.01274,-0.00637,C9C8C9C9C9C9C9C9C9C9C9C9C9CACACACACACACACACACACACACA
2026-09-03T20:10:18.562759Z,87.771,13.0V,,,81.953,155.43,271.52,24.36,102.2,00,-0.61,4.0256,4.0242,4.0288,4.6,740FB317,737373727372727272727373737373737272727272727372,386.59,0.0,0.0,12.3,0,0,0,0,0,-39.56,0.01274,-0.00637,C9C8C9C9C9C9C9C9C9C9C9C9C9CACACACACACACACACACACACACA
2026-09-03T20:10:22.442794Z,91.651,13.0V,,,81.953,155.43,271.52,24.36,102.2,00,0.0,4.0256,4.0242,4.0289,4.7,740FB417,737373727372727272727373737373737272727272727372,386.44,-0.25,-0.1,12.2,0,0,0,0,0,-39.56,0.01274,-0.00637,C9C8C9C9C9C9C9C9C9C9C9C9C9CACACACACACACACACACACACACA
2026-09-03T20:10:26.439728Z,95.648,12.9V,,,81.953,155.43,271.52,24.36,102.2,00,0.0,4.0256,4.0242,4.0289,4.7,740FB817,737373727372727272727373737373737272727272727372,386.74,-0.25,-0.1,12.1,0,0,0,0,0,-39.56,0.01274,-0.00637,C9C8C9C9C9C9C9C9C9C9C9C9C9CACACACACACACACACACACACACA
2026-09-03T20:10:30.337344Z,99.546,12.9V,,,81.953,155.43,271.52,24.36,102.2,00,0.0,4.0256,4.0241,4.0288,4.7,760FB317,737373727372727272727373737373737272727272727372,17.5,-0.25,-0.0,12.1,0,0,0,0,0,-39.56,0.01274,-0.01274,C9C8C9C9C9C9C9C9C9C9C9C9C9CACACACACACACACACACACACACA
2026-09-03T20:10:34.529542Z,103.738,12.8V,,,81.953,155.43,271.52,24.36,102.2,00,0.0,4.0256,4.0242,4.0289,4.7,740FB817,737373727372727272727373737373737272727272727372,14.49,0.0,0.0,12.1,0,0,0,0,0,-39.56,0.01274,-0.01274,C9C8C9C9C9C9C9C9C9C9C9C9C9CACACACACACACACACACACACACA
2026-09-03T20:10:38.613162Z,107.822,12.8V,,,81.953,155.43,271.52,24.36,102.2,00,0.0,4.0256,4.0241,4.0288,4.7,760FB317,737373727372727272727373737373737272727272727372,12.48,0.0,0.0,12.1,0,0,0,0,0,-39.56,0.01274,-0.01274,C9C8C9C9C9C9C9C9C9C9C9C9C9CACACACACACACACACACACACACA
2026-09-03T20:10:42.591235Z,111.8,12.8V,,,81.953,155.43,271.52,24.36,102.2,00,0.0,4.0256,4.0242,4.0289,4.7,740FB417,737373727372727272727373737373737272727272727372,10.77,0.0,0.0,12.1,0,0,0,0,0,-39.56,0.01274,-0.00637,C9C8C9C9C9C9C9C9C9C9C9C9C9CACACACACACACACACACACACACA
2026-09-03T20:10:46.453884Z,115.662,12.8V,,,81.953,155.43,271.52,24.36,102.2,00,0.0,4.0256,4.0242,4.0289,4.7,740FB817,737373727372727272727373737373737272727272727372,9.19,0.0,0.0,12.1,0,0,0,0,0,-39.56,0.01274,-0.00637,C9C8C9C9C9C9C9C9C9C9C9C9C9CACACACACACACACACACACACACA
2026-09-03T20:10:50.324946Z,119.533,12.8V,,,81.953,155.43,271.52,24.36,104.0,00,0.0,4.0256,4.0242,4.0289,4.7,740FB317,737373727372727272727373737373737272727272727373,7.93,0.0,0.0,12.1,0,0,0,0,0,-39.56,0.01274,-0.00637,C9C8C9C9C9C9C9C9C9C9C9C9C9CACACACACACACACACACACACACA
2026-09-03T20:10:54.269833Z,123.478,12.8V,,,81.953,155.43,271.52,24.36,104.0,00,0.0,4.0256,4.0242,4.0289,4.7,760FB417,737373727372727272727373737373737272727272727372,6.22,0.0,0.0,12.0,0,0,0,0,0,-39.56,0.01274,-0.00637,C9C8C9C9C9C9C9C9C9C9C9C9C9CACACACACACACACACACACACACA
2026-09-03T20:11:02.829435Z,132.038,12.8V,,,81.953,155.43,271.52,24.36,104.0,00,0.0,4.0256,4.0242,4.0289,4.7,740FB817,737373727372727272727373737373737272727272727373,3.71,0.0,0.0,12.0,0,0,0,0,0,-39.56,0.01274,-0.00637,C9C8C9C9C9C9C9C9C9C9C9C9C9CACACACACACACACACACACACACA
2026-09-03T20:11:14.576896Z,143.785,12.8V,,,81.953,155.43,271.52,24.36,104.0,00,0.0,4.0256,4.0242,4.0289,4.7,740FB417,737373727372727272727373737373737272727272727373,2.61,0.0,0.0,12.0,0,0,0,0,0,-39.56,0.01274,-0.01274,C9C8C9C9C9C9C9C9C9C9C9C9C9CACACACACACACACACACACACACA
2026-09-03T20:11:22.981818Z,152.19,12.7V,,,81.953,155.43,271.52,24.36,104.0,00,0.0,4.0256,4.0242,4.0289,4.7,740FB417,737373727372727272727373737373737273727272727373,2.01,0.0,0.0,12.0,0,0,0,0,0,-39.56,0.01274,-0.00637,C9C8C9C9C9C9C9C9C9C9C9C9C9CACACACACACACACACACACACACA
2026-09-03T20:11:26.872759Z,156.081,12.8V,,,81.953,155.43,271.52,24.36,104.0,00,0.0,4.0256,4.0242,4.0289,4.7,760FB417,737373727372727272727373737373737272727272727373,1.86,0.0,0.0,12.0,0,0,0,0,0,-39.56,0.01274,-0.00637,C9C8C9C9C9C9C9C9C9C9C9C9C9CACACACACACACACACACACACACA
2026-09-03T20:11:30.823620Z,160.032,12.7V,,,81.953,155.43,271.52,24.36,104.0,00,0.0,4.0256,4.0242,4.0289,4.7,740FB417,737373727372727272737373737373737273727272727373,1.4,0.0,0.0,12.0,0,0,0,0,0,-39.56,0.01274,-0.01274,C9C8C9C9C9C9C9C9C9C9C9C9C9CACACACACACACACACACACACACA
2026-09-03T20:11:34.758943Z,163.967,12.7V,,,81.953,155.43,271.52,24.36,104.0,00,0.0,4.0256,4.0242,4.0289,4.7,760FB417,737373727372727272737373737373737273727272727373,1.21,0.0,0.0,12.0,0,0,0,0,0,-39.56,0.01274,-0.01274,C9C8C9C9C9C9C9C9C9C9C9C9C9CACACACACACACACACACACACACA
2026-09-03T20:11:38.713271Z,167.922,12.8V,,,81.953,155.43,271.52,24.36,104.0,00,0.0,4.0256,4.0242,4.0289,4.7,760FB817,737373727372727272737373737373737273727272727373,1.06,0.0,0.0,12.0,0,0,0,0,0,-39.56,0.01274,-0.01274,C9C8C9C9C9C9C9C9C9C9C9C9C9CACACACACACACACACACACACACA
2026-09-03T20:11:43.243271Z,172.452,12.7V,,,81.953,155.43,271.52,24.36,104.0,00,0.0,4.0256,4.0242,4.0289,4.7,760FB817,737373727372727272737373737373737273727272727373,1.06,0.0,0.0,12.0,0,0,0,0,0,-39.56,0.01274,-0.01274,C9C8C9C9C9C9C9C9C9C9C9C9C9CACACACACACACACACACACACACA
2026-09-03T20:11:48.038749Z,177.247,12.7V,,,81.953,155.43,271.52,24.36,104.0,00,0.0,4.0256,4.0243,4.0289,4.6,740FB417,737373727372727272737373737373737273727272727373,1.06,0.0,0.0,12.0,0,0,0,0,0,-39.56,0.01274,-0.00637,C9C8C9C9C9C9C9C9C9C9C9C9C9CACACACACACACACACACACACACA
2026-09-03T20:11:52.294359Z,181.503,12.7V,,,81.953,155.43,271.52,24.36,104.0,00,0.0,4.0257,4.0243,4.0289,4.6,740FB317,737373727372727272737373737373737273727272727373,1.06,0.0,0.0,12.0,0,0,0,0,0,-39.56,0.01274,-0.01274,C9C8C9C9C9C9C9C9C9C9C9C9C9CACACACACACACACACACACACACA
2026-09-03T20:11:56.143661Z,185.352,12.7V,,,81.953,155.43,271.52,24.36,104.0,00,0.0,4.0257,4.0243,4.0289,4.6,740FB417,737373727372727272737373737373737273727272727373,1.06,0.0,0.0,12.0,0,0,0,0,0,-39.56,0.01274,-0.01274,C9C8C9C9C9C9C9C9C9C9C9C9C9CACACACACACACACACACACACACA
2026-09-03T20:12:00.080812Z,189.289,12.7V,,,81.953,155.43,271.52,24.36,104.0,00,0.0,4.0257,4.0242,4.0289,4.7,760FB817,737373727372727272737373737373737273727272727373,1.21,0.0,0.0,12.0,0,0,0,0,0,-39.56,0.01274,-0.00637,C9C8C9C9C9C9C9C9C9C9C9C9C9CACACACACACACACACACACACACA
2026-09-03T20:12:04.006266Z,193.215,12.7V,,,81.953,155.43,271.52,24.36,104.0,00,0.0,4.0257,4.0243,4.0289,4.6,740FB317,737373727372727272737373737373737273727272727373,1.06,0.0,0.0,12.0,0,0,0,0,0,-39.56,0.01274,-0.01274,C9C8C9C9C9C9C9C9C9C9C9C9C9CACACACACACACACACACACACACA
2026-09-03T20:12:07.863997Z,197.072,12.7V,,,81.953,155.43,271.52,24.36,104.0,00,0.0,4.0257,4.0243,4.029,4.7,740FB817,737373727372727272737373737373737273727272727373,1.06,0.0,0.0,12.0,0,0,0,0,0,-39.56,0.01274,-0.01274,C9C8C9C9C9C9C9C9C9C9C9C9C9CACACACACACACACACACACACACA
2026-09-03T20:12:11.984163Z,201.193,12.8V,,,81.953,155.43,271.52,24.36,104.0,00,0.0,4.0257,4.0242,4.029,4.8,760FB817,737373727372727272737373737373737273727272727373,1.06,0.0,0.0,12.0,0,0,0,0,0,-39.56,0.01274,-0.00637,C9C8C9C9C9C9C9C9C9C9C9C9C9CACACACACACACACACACACACACA
2026-09-03T20:12:15.889371Z,205.098,12.8V,,,81.953,155.43,271.52,24.36,104.0,00,0.0,4.0257,4.0243,4.0289,4.6,740FB317,737373727372727272737373737373737273727272727373,1.06,0.0,0.0,12.0,0,0,0,0,0,-39.56,0.01274,-0.00637,C9C8C9C9C9C9C9C9C9C9C9C9C9CACACACACACACACACACACACACA
2026-09-03T20:12:19.848644Z,209.057,12.8V,,,81.953,155.43,271.52,24.36,104.0,00,0.0,4.0257,4.0242,4.0289,4.7,760FB317,737373727372727272737373737373737273727272727373,1.21,0.0,0.0,12.1,0,0,0,0,0,-39.56,0.01274,-0.00637,C9C8C9C9C9C9C9C9C9C9C9C9C9CACACACACACACACACACACACACA
2026-09-03T20:12:30.506830Z,219.715,12.9V,,,81.953,155.43,271.52,24.36,104.0,00,0.0,4.0257,4.0242,4.0289,4.7,760FB817,737373727372727272737373737373737273727272727373,,,,,,,,,0,-39.56,0.01274,-0.00637,C9C8C9C9C9C9C9C9C9C9C9C9C9CACACACACACACACACACACACACA
2026-09-03T20:12:44.212964Z,233.421,12.9V,,,81.953,155.43,271.52,24.36,104.0,00,0.0,4.0257,4.0242,4.029,4.8,760FB417,737373727372727272737373737373737273727272727373,,,,,0,0,0,0,0,-39.56,0.01274,-0.00637,C9C8C9C9C9C9C9C9C9C9C9C9C9CACACACACACACACACACACACACA
2026-09-03T20:12:50.634439Z,239.843,12.9V,,,81.953,155.43,271.52,24.36,104.0,00,0.0,4.0257,4.0243,4.0289,4.6,760FB417,737373727372727272737373737373737273727272727373,,,,,0,0,0,0,0,-39.56,0.01274,-0.00637,C9C8C9C9C9C9C9C9C9C9C9C9C9CACACACACACACACACACACACACA
2026-09-03T20:12:56.246339Z,245.455,12.9V,,,81.953,155.43,271.52,24.36,104.0,00,0.0,4.0257,4.0243,4.0289,4.6,740FB317,737373727372727272737373737373737273727272727373,,,,,0,0,0,0,0,-39.56,0.01274,-0.00637,C9C8C9C9C9C9C9C9C9C9C9C9C9CACACACACACACACACACACACACA
2026-09-03T20:13:01.969011Z,251.177,12.9V,,,81.953,155.43,271.52,24.36,104.0,00,0.0,4.0257,4.0243,4.0289,4.6,740FB417,737373727372727272737373737373737273727272727373,,,,,0,0,0,0,0,-39.56,0.01274,-0.00637,C9C8C9C9C9C9C9C9C9C9C9C9C9CACACACACACACACACACACACACA
2026-09-03T20:13:07.630110Z,256.839,12.9V,,,81.953,155.43,271.52,24.36,104.0,00,0.0,4.0257,4.0243,4.029,4.7,740FB417,737373727372727272737373737373737273727272727373,,,,,0,0,0,0,0,-39.56,0.01274,-0.00637,C9C8C9C9C9C9C9C9C9C9C9C9C9CACACACACACACACACACACACACA
2026-09-03T20:13:13.218001Z,262.426,13.0V,,,81.953,155.43,271.52,24.36,104.0,00,0.0,4.0257,4.0243,4.029,4.7,760FB417,737373727372727272737373737373737273727272727373,,,,,0,0,0,0,0,-39.56,0.01274,-0.00637,C9C8C9C9C9C9C9C9C9C9C9C9C9CACACACACACACACACACACACACA
2026-09-03T20:13:19.764717Z,268.973,13.0V,,,81.953,155.43,271.52,24.36,104.0,00,0.0,4.0257,4.0243,4.029,4.7,760FB417,737373727372727272737373737373737273727272727373,,,,,0,0,0,0,0,-39.56,0.01274,-0.00637,C9C8C9C9C9C9C9C9C9C9C9C9C9CACACACACACACACACACACACACA
2026-09-03T20:13:26.035359Z,275.244,13.0V,,,81.953,155.43,271.52,24.36,104.0,00,0.0,4.0257,4.0243,4.029,4.7,760FB817,737373727372727272737373737373737273727272727373,,,,,0,0,0,0,0,-39.56,0.01274,-0.00637,C9C8C9C9C9C9C9C9C9C9C9C9C9CACACACACACACACACACACACACA
2026-09-03T20:13:32.203592Z,281.412,12.9V,,,81.953,155.43,271.52,24.36,104.0,00,0.0,4.0257,4.0243,4.0289,4.6,760FB317,737373727372727272737373737373737273727272727373,,,,,0,0,0,0,0,-39.56,0.01274,-0.00637,C9C8C9C9C9C9C9C9C9C9C9C9C9CACACACACACACACACACACACACA
2026-09-03T20:13:37.846188Z,287.055,13.0V,,,81.953,155.43,271.52,24.36,104.0,00,0.0,4.0257,4.0243,4.029,4.7,760FB817,737373727372727272737373737373737273727272727373,,,,,0,0,0,0,0,-39.56,0.01274,-0.00637,C9C8C9C9C9C9C9C9C9C9C9C9C9CACACACACACACACACACACACACA
2026-09-03T20:13:43.491700Z,292.7,12.9V,,,81.953,155.43,271.52,24.36,104.0,00,0.0,4.0257,4.0243,4.0289,4.6,740FB317,737373727372727272737373737373737273727272727373,,,,,0,0,0,0,0,-39.56,0.01274,-0.00637,C9C8C9C9C9C9C9C9C9C9C9C9C9CACACACACACACACACACACACACA
2026-09-03T20:13:49.107180Z,298.316,12.9V,,,81.953,155.43,271.52,24.36,104.0,00,0.0,4.0257,4.0243,4.029,4.7,740FB817,737373727372727272737373737373737273727272727373,,,,,0,0,0,0,0,-39.56,0.01274,,C9C8C9C9C9C9C9C9C9C9C9C9C9CACACACACACACACACACACACACA
2026-09-03T20:14:02.327589Z,311.536,12.9V,,,81.953,155.43,271.52,24.36,104.0,00,0.0,4.0257,4.0244,4.029,4.6,740FB717,737373727372727272737373737373737273727272727373,,,,,0,0,0,0,0,-39.56,0.01274,-0.00637,C9C8C9C9C9C9C9C9C9C9C9C9C9CACACACACACACACACACACACACA
2026-09-03T20:14:15.582371Z,324.791,12.9V,,,81.953,155.43,271.52,24.36,104.0,00,0.0,4.0257,4.0243,4.029,4.7,760FB317,737373727372727272737373737373737273727272727373,,,,,0,0,0,0,0,-39.56,0.01274,-0.00637,C9C8C9C9C9C9C9C9C9C9C9C9C9CACACACACACACACACACACACACA
2026-09-03T20:14:21.207250Z,330.416,12.9V,,,81.953,155.43,271.52,24.36,104.0,00,0.0,4.0257,4.0243,4.029,4.7,760FB817,737373727372727272737373737373737273727272727373,,,,,0,0,0,0,0,-39.56,0.01274,-0.00637,C9C8C9C9C9C9C9C9C9C9C9C9C9CACACACACACACACACACACACACA
2026-09-03T20:14:26.841952Z,336.05,12.9V,,,81.953,155.43,271.52,24.36,104.0,00,0.0,4.0257,4.0243,4.029,4.7,760FB817,737373727372727272737373737373737273727272727373,,,,,0,0,0,0,0,-39.56,0.01274,-0.00637,C9C8C9C9C9C9C9C9C9C9C9C9C9CACACACACACACACACACACACACA
2026-09-03T20:14:32.490905Z,341.699,12.9V,,,81.953,155.43,271.52,24.36,104.0,00,0.0,4.0258,4.0244,4.029,4.6,740FB317,737373727372727272737373737373737273727272727373,,,,,0,0,0,0,0,-39.56,0.01274,-0.00637,C9C8C9C9C9C9C9C9C9C9C9C9C9CACACACACACACACACACACACACA
2026-09-03T20:14:38.128959Z,347.337,12.9V,,,81.953,155.43,271.52,24.36,104.0,00,0.0,4.0257,4.0243,4.029,4.7,760FB417,737373727372727272737373737373737273727272727373,,,,,0,0,0,0,0,-39.56,0.01274,-0.00637,C9C8C9C9C9C9C9C9C9C9C9C9C9CACACACACACACACACACACACACA
2026-09-03T20:14:43.877897Z,353.086,12.9V,,,81.953,155.43,271.52,24.36,104.0,00,0.0,4.0258,4.0244,4.029,4.6,740FB417,737373727372727272737373737373737273727272727373,,,,,0,0,0,0,0,-39.56,0.01274,-0.00637,C9C8C9C9C9C9C9C9C9C9C9C9C9CACACACACACACACACACACACACA
2026-09-03T20:14:49.975775Z,359.184,12.9V,,,81.953,155.43,271.52,24.36,104.0,00,0.0,4.0258,4.0244,4.029,4.6,740FB417,737373727372727272737373737373737273727272727373,,,,,0,0,0,0,0,-39.56,0.01274,-0.00637,C9C8C9C9C9C9C9C9C9C9C9C9C9CACACACACACACACACACACACACA
2026-09-03T20:14:55.640845Z,364.849,12.9V,,,81.953,155.43,271.52,24.36,104.0,00,0.0,4.0258,4.0244,4.0291,4.7,740FB817,737373727372727272737373737373737273727272727373,,,,,0,0,0,0,0,-39.56,0.01274,-0.00637,C9C8C9C9C9C9C9C9C9C9C9C9C9CACACACACACACACACACACACACA
2026-09-03T20:15:01.293562Z,370.502,12.9V,,,81.953,155.43,271.52,24.36,104.0,00,0.0,4.0258,4.0243,4.0291,4.8,760FB817,737373727372727272737373737373737273727272727373,,,,,0,0,0,0,0,-39.56,0.01274,-0.00637,C9C8C9C9C9C9C9C9C9C9C9C9C9CACACACACACACACACACACACACA
2026-09-03T20:15:06.980335Z,376.189,12.9V,,,81.953,155.43,271.52,24.36,104.0,00,0.0,4.0258,4.0244,4.0291,4.7,740FB817,737373727372727272737373737373737273727272727373,,,,,0,0,0,0,0,-39.56,0.01274,-0.00637,C9C8C9C9C9C9C9C9C9C9C9C9C9CACACACACACACACACACACACACA
2026-09-03T20:15:12.626660Z,381.835,12.9V,,,81.953,155.43,271.52,24.36,104.0,00,0.0,4.0258,4.0244,4.029,4.6,740FB317,737373727372727272737373737373737273727272727373,,,,,0,0,0,0,0,-39.56,0.01274,-0.00637,
2026-09-03T20:15:19.007841Z,388.216,12.9V,,,81.953,155.43,271.52,24.36,104.0,00,0.0,4.0258,4.0244,4.029,4.6,740FB317,737373727372727272737373737373737273727272727373,,,,,0,0,0,0,0,-39.56,0.01274,-0.00637,C9C8C9C9C9C9C9C9C9C9C9C9C9CACACACACACACACACACACACACA
2026-09-03T20:15:34.072716Z,403.281,12.9V,,,81.953,155.43,271.52,24.36,104.0,00,0.0,4.0258,4.0244,4.029,4.6,740FB417,737373727372727272737373737373737273727272727373,,,,,0,0,0,0,0,-39.56,0.01274,-0.00637,C9C8C9C9C9C9C9C9C9C9C9C9C9CACACACACACACACACACACACACA
2026-09-03T20:15:46.119589Z,415.328,12.9V,,,81.953,155.43,271.52,24.36,104.0,00,0.0,4.0258,4.0244,4.0291,4.7,740FB817,737373727372727272737373737373737273727272727373,,,,,0,0,0,0,0,-39.56,0.01274,-0.00637,C9C8C9C9C9C9C9C9C9C9C9C9C9CACACACACACACACACACACACACA
2026-09-03T20:15:51.791319Z,421.0,12.9V,,,81.953,155.43,271.52,24.36,104.0,00,0.0,4.0258,4.0244,4.0291,4.7,740FB817,737373727372727272737373737373737273727272727373,,,,,0,0,0,0,0,-39.56,0.01274,-0.00637,C9C8C9C9C9C9C9C9C9C9C9C9C9CACACACACACACACACACACACACA
2026-09-03T20:15:57.447553Z,426.656,12.9V,,,81.953,155.43,271.52,24.36,104.0,00,0.0,4.0258,4.0244,4.0291,4.7,740FB817,737373727372727272737373737373737273727272727373,,,,,0,0,0,0,0,-39.56,0.01274,-0.00637,C9C8C9C9C9C9C9C9C9C9C9C9C9CACACACACACACACACACACACACA
2026-09-03T20:16:03.062332Z,432.271,12.9V,,,81.953,155.43,271.52,24.36,104.0,00,0.0,4.0258,4.0244,4.029,4.6,740FB317,737373727372727272737373737373737273727272727373,,,,,0,0,0,0,0,-39.56,0.01274,-0.00637,C9C8C9C9C9C9C9C9C9C9C9C9C9CACACACACACACACACACACACACA
2026-09-03T20:16:08.769715Z,437.978,12.9V,,,81.953,155.43,271.52,24.36,104.0,00,0.0,4.0258,4.0244,4.029,4.6,760FB317,737373727372727272737373737373737273727272727373,,,,,0,0,0,0,0,-39.56,0.01274,-0.00637,C9C8C9C9C9C9C9C9C9C9C9C9C9CACACACACACACACACACACACACA
2026-09-03T20:16:14.504333Z,443.713,12.9V,,,81.953,155.43,271.52,24.36,104.0,00,0.0,4.0258,4.0244,4.0291,4.7,740FB817,737373727372727272737373737373737273727272727373,,,,,0,0,0,0,0,-39.56,0.01274,-0.00637,C9C8C9C9C9C9C9C9C9C9C9C9C9CACACACACACACACACACACACACA
2026-09-03T20:16:20.157264Z,449.366,12.9V,,,81.953,155.43,271.52,24.36,104.0,00,0.0,4.0258,4.0244,4.0291,4.7,760FB817,737373727372727272737373737373737273727272727373,,,,,0,0,0,0,0,-39.56,0.01274,-0.00637,C9C8C9C9C9C9C9C9C9C9C9C9C9CACACACACACACACACACACACACA
2026-09-03T20:16:25.822224Z,455.031,12.9V,,,81.953,155.43,271.52,24.36,104.0,00,0.0,4.0258,4.0244,4.0291,4.7,740FB817,737373727372727272737373737373737273727272727373,,,,,0,0,0,0,0,-39.56,0.01274,-0.00637,C9C8C9C9C9C9C9C9C9C9C9C9C9CACACACACACACACACACACACACA
2026-09-03T20:16:31.502794Z,460.711,12.9V,,,81.953,155.43,271.52,,104.0,00,0.0,4.0258,4.0244,4.0291,4.7,740FB317,737373727372727272737373737373737273727272727373,,,,,0,0,0,0,0,-39.56,0.01274,-0.00637,C9C8C9C9C9C9C9C9C9C9C9C9C9CACACACACACACACACACACACACA
2026-09-03T20:16:37.741248Z,466.95,12.9V,,,81.953,155.43,271.52,24.36,104.0,00,0.0,4.0258,4.0244,4.0291,4.7,740FB417,737373727372727272737373737373737273727272727373,,,,,0,0,0,0,0,-39.56,0.01274,-0.00637,C9C8C9C9C9C9C9C9C9C9C9C9C9CACACACACACACACACACACACACA
2026-09-03T20:16:43.362263Z,472.571,12.9V,,,81.953,155.43,271.52,24.36,104.0,00,0.0,4.0258,4.0244,4.0291,4.7,740FB817,737373727372727272737373737373737273727272727373,,,,,0,0,0,0,0,-39.56,0.01274,-0.00637,C9C8C9C9C9C9C9C9C9C9C9C9C9CACACACACACACACACACACACACA
2026-09-03T20:16:49.048495Z,478.257,12.9V,,,81.953,155.43,271.52,24.36,104.0,00,0.0,4.0258,4.0244,4.0291,4.7,740FB417,737373727372727272737373737373737273727272727373,,,,,0,0,0,0,0,-39.56,0.01274,-0.00637,C9C8C9C9C9C9C9C9C9C9C9C9C9CACACACACACACACACACACACACA
2026-09-03T20:16:55.661996Z,484.87,12.9V,,,81.953,155.43,271.52,24.36,104.0,00,0.0,4.0258,4.0244,4.0291,4.7,760FB817,737373727372727272737373737373737273727272727373,,,,,0,0,0,0,0,-39.56,0.01274,-0.00637,C9C8C9C9C9C9C9C9C9C9C9C9C9CACACACACACACACACACACACACA
2026-09-03T20:17:08.803334Z,498.012,12.9V,,,81.953,155.43,271.52,24.36,104.0,00,0.0,4.0258,4.0244,4.0291,4.7,740FB417,737373727372727272737373737373737273727272727373,,,,,0,0,0,0,0,-39.56,0.01274,-0.00637,C9C8C9C9C9C9C9C9C9C9C9C9C9CACACACACACACACACACACACACA
2026-09-03T20:17:20.545097Z,509.754,12.9V,,,81.953,155.43,271.52,24.36,104.0,00,0.0,4.0258,4.0244,4.0291,4.7,760FB317,737373727372727272737373737373737273727272727373,,,,,0,0,0,0,0,-39.56,0.01274,-0.00637,C9C8C9C9C9C9C9C9C9C9C9C9C9CACACACACACACACACACACACACA
2026-09-03T20:17:26.238665Z,515.447,12.9V,,,81.953,155.43,271.52,24.36,104.0,00,0.0,4.0258,4.0245,4.0291,4.6,740FB417,737373727372727272737373737373737273727272727373,,,,,0,0,0,0,0,-39.56,0.01274,-0.00637,C9C8C9C9C9C9C9C9C9C9C9C9C9CACACACACACACACACACACACACA
2026-09-03T20:17:31.868718Z,521.077,12.9V,,,81.953,155.43,271.52,24.36,104.0,00,0.0,4.0258,4.0244,4.0291,4.7,740FB817,737373727372727272737373737373737273727272727373,,,,,0,0,0,0,0,-39.56,0.01274,-0.00637,C9C8C9C9C9C9C9C9C9C9C9C9C9CACACACACACACACACACACACACA
2026-09-03T20:17:38.047853Z,527.256,12.9V,,,81.953,155.43,271.52,24.36,104.0,00,0.0,4.0258,4.0244,4.0291,4.7,740FB417,737373727372727272737373737373737273727272727373,,,,,0,0,0,0,0,-39.56,0.01274,-0.00637,C9C8C9C9C9C9C9C9C9C9C9C9C9CACACACACACACACACACACACACA
2026-09-03T20:17:43.719579Z,532.928,12.9V,,,81.953,155.43,271.52,24.36,104.0,00,0.0,4.0258,4.0245,4.0291,4.6,740FB317,737373727372727272737373737373737273727272727373,,,,,0,0,0,0,0,-39.56,0.01274,-0.00637,C9C8C9C9C9C9C9C9C9C9C9C9C9CACACACACACACACACACACACACA
2026-09-03T20:17:50.104076Z,539.313,12.9V,,,81.953,155.43,271.52,24.36,104.0,,0.0,4.0258,4.0244,4.0291,4.7,740FB417,737373727372727272737373737373737273727272727373,,,,,0,0,0,0,0,-39.56,0.01274,-0.00637,C9C8C9C9C9C9C9C9C9C9C9C9C9CACACACACACACACACACACACACA
2026-09-03T20:17:56.308615Z,545.517,12.9V,,,81.953,155.43,271.52,24.36,104.0,00,0.0,4.0258,4.0244,4.0291,4.7,760FB417,737373727372727272737373737373737273727272727373,,,,,0,0,0,0,0,-39.56,0.01274,-0.00637,C9C8C9C9C9C9C9C9C9C9C9C9C9CACACACACACACACACACACACACA
2026-09-03T20:18:02.081598Z,551.29,12.9V,,,81.953,155.43,271.52,24.36,104.0,00,0.0,4.0258,4.0245,4.0291,4.6,740FB417,737373727372727272737373737373737273727272727373,,,,,0,0,0,0,0,-39.56,0.01274,-0.00637,C9C8C9C9C9C9C9C9C9C9C9C9C9CACACACACACACACACACACACACA
2026-09-03T20:18:08.021755Z,557.23,12.9V,,,81.953,155.43,271.52,24.36,104.0,00,0.0,4.0258,4.0244,4.0291,4.7,760FB817,737373727372727272737373737373737273727272727373,,,,,0,0,0,0,0,-39.56,0.01274,-0.00637,C9C8C9C9C9C9C9C9C9C9C9C9C9CACACACACACACACACACACACACA
2026-09-03T20:18:20.954829Z,570.163,12.9V,,,81.953,155.43,271.52,24.36,104.0,00,0.0,4.0259,4.0244,4.0291,4.7,760FB317,737373727372727272737373737373737273727272727373,,,,,0,0,0,0,0,-39.56,0.01274,-0.00637,C9C8C9C9C9C9C9C9C9C9C9C9C9CACACACACACACACACACACACACA
2026-09-03T20:18:33.537861Z,582.746,12.9V,,,81.953,155.43,271.52,24.36,104.0,00,0.0,4.0259,4.0244,4.0291,4.7,760FB317,737373727372727273737373737373737273727272727373,,,,,0,0,0,0,0,-39.56,0.01274,-0.00637,C9C8C9C9C9C9C9C9C9C9C9C9C9CACACACACACACACACACACACACA
2026-09-03T20:18:39.243903Z,588.452,12.9V,,,81.953,155.43,271.52,24.36,104.0,00,0.0,4.0259,4.0245,4.0291,4.6,740FB417,737373727372727273737373737373737273727272727373,,,,,0,0,0,0,0,-39.56,0.01274,-0.00637,C9C8C9C9C9C9C9C9C9C9C9C9C9CACACACACACACACACACACACACA
2026-09-03T20:18:45.000257Z,594.209,12.9V,,,81.953,155.43,271.52,24.36,104.0,00,0.0,4.0259,4.0245,4.0292,4.7,740FB817,737373727372727273737373737373737273727272727373,,,,,0,0,0,0,0,-39.56,0.01274,-0.00637,C9C8C9C9C9C9C9C9C9C9C9C9C9CACACACACACACACACACACACACA
2026-09-03T20:18:50.609654Z,599.818,12.9V,,,81.953,155.43,271.52,24.36,104.0,00,0.0,4.0259,4.0245,4.0292,4.7,740FB817,737373727372727273737373737373737273727272727373,,,,,0,0,0,0,0,-39.56,0.01274,-0.00637,C9C8C9C9C9C9C9C9C9C9C9C9C9CACACACACACACACACACACACACA
2026-09-03T20:18:56.164487Z,605.373,12.9V,,,81.953,155.43,271.52,24.36,104.0,00,0.0,4.0259,4.0245,4.0291,4.6,740FB417,737373727372727273737373737373737273727272727373,,,,,0,0,0,0,0,-39.56,0.01274,-0.00637,C9C8C9C9C9C9C9C9C9C9C9C9C9CACACACACACACACACACACACACA
2026-09-03T20:19:01.837963Z,611.046,12.9V,,,81.953,155.43,271.52,24.36,104.0,00,0.0,4.0259,4.0244,4.0292,4.8,760FB417,737373727372727273737373737373737273727272727373,,,,,0,0,0,0,0,-39.56,0.01274,-0.00637,C9C8C9C9C9C9C9C9C9C9C9C9C9CACACACACACACACACACACACACA
2026-09-03T20:19:07.611004Z,616.819,12.9V,,,81.953,155.43,271.52,24.36,104.0,00,0.0,4.0259,4.0245,4.0291,4.6,740FB817,737373727372727273737373737373737273727272727373,,,,,0,0,0,0,0,-39.56,0.01274,-0.00637,C9C8C9C9C9C9C9C9C9C9C9C9C9CACACACACACACACACACACACACA
2026-09-03T20:19:13.290107Z,622.499,12.9V,,,81.953,155.43,271.52,24.36,104.0,00,0.0,4.0259,4.0245,4.0292,4.7,740FB817,737373727372727273737373737373737273727272727373,,,,,0,0,0,0,0,-39.56,0.01274,-0.00637,C9C8C9C9C9C9C9C9C9C9C9C9C9CACACACACACACACACACACACACA
2026-09-03T20:19:19.699621Z,628.908,12.9V,,,81.953,155.43,271.52,24.36,104.0,00,0.0,4.0259,4.0245,4.0291,4.6,740FB317,737373727372727273737373737373737273727272727373,,,,,0,0,0,0,0,-39.56,0.01274,-0.00637,C9C8C9C9C9C9C9C9C9C9C9C9C9CACACACACACACACACACACACACA
2026-09-03T20:19:25.420757Z,634.629,12.9V,,,81.953,155.43,271.52,24.36,104.0,00,0.0,4.0259,4.0245,4.0291,4.6,760FB417,737373727372727273737373737373737273727272727373,,,,,0,0,0,0,0,-39.56,0.01274,-0.00637,C9C8C9C9C9C9C9C9C9C9C9C9C9CACACACACACACACACACACACACA
2026-09-03T20:19:37.831444Z,647.04,12.9V,,,81.953,155.43,271.52,24.36,104.0,00,0.0,4.0259,4.0244,4.0291,4.7,760FB317,737373727372727273737373737373737273727272727373,,,,,0,0,0,0,0,-39.56,0.01274,-0.00637,C9C8C9C9C9C9C9C9C9C9C9C9C9CACACACACACACACACACACACACA
2026-09-03T20:19:51.311699Z,660.52,12.9V,,,81.953,155.43,271.52,24.36,104.0,00,0.0,4.0259,4.0245,4.0292,4.7,740FB817,737373727372727273737373737373737273727272727373,,,,,0,0,0,0,0,-39.56,0.01274,-0.00637,C9C8C9C9C9C9C9C9C9C9C9C9C9CACACACACACACACACACACACACA
2026-09-03T20:19:56.956889Z,666.165,12.9V,,,81.953,155.43,271.52,24.36,104.0,00,0.0,4.0259,4.0245,4.0292,4.7,760FB817,737373727372727273737373737373737273727272727373,,,,,0,0,0,0,0,-39.56,0.01274,-0.00637,C9C8C9C9C9C9C9C9C9C9C9C9C9CACACACACACACACACACACACACA
2026-09-03T20:20:02.826134Z,672.035,12.9V,,,81.953,155.43,271.52,24.36,104.0,00,0.0,4.0259,4.0245,4.0292,4.7,740FB417,737373727372727273737373737373737273727272727373,,,,,0,0,0,0,0,-39.56,0.01274,-0.00637,C9C8C9C9C9C9C9C9C9C9C9C9C9CACACACACACACACACACACACACA
2026-09-03T20:20:08.784607Z,677.993,12.9V,,,81.953,155.43,271.52,24.36,104.0,00,0.0,4.0259,4.0245,4.0292,4.7,740FB817,737373727372727273737373737373737273727272727373,,,,,0,0,0,0,0,-39.56,0.01274,-0.00637,C9C8C9C9C9C9C9C9C9C9C9C9C9CACACACACACACACACACACACACA
2026-09-03T20:20:14.577802Z,683.786,12.9V,,,81.953,155.43,271.52,24.36,104.0,00,0.0,4.0259,4.0245,4.0291,4.6,740FB317,737373727372727273737373737373737273727272727373,,,,,0,0,0,0,0,-39.56,0.01274,-0.00637,C9C8C9C9C9C9C9C9C9C9C9C9C9CACACACACACACACACACACACACA
2026-09-03T20:20:20.242227Z,689.451,12.9V,,,81.953,155.43,271.52,24.36,104.0,00,0.0,4.0259,4.0245,4.0292,4.7,760FB817,737373727372727273737373737373737273727272727373,,,,,0,0,0,0,0,-39.56,0.01274,-0.00637,C9C8C9C9C9C9C9C9C9C9C9C9C9CACACACACACACACACACACACACA
2026-09-03T20:20:25.966974Z,695.175,12.9V,,,81.953,155.43,271.52,24.36,104.0,00,0.0,4.0259,4.0245,4.0292,4.7,740FB817,737373727372727273737373737373737273727272727373,,,,,0,0,0,0,0,-39.56,0.01274,-0.00637,C9C8C9C9C9C9C9C9C9C9C9C9C9CACACACACACACACACACACACACA
2026-09-03T20:20:31.050601Z,700.259,12.9V,,,81.953,155.43,271.52,24.36,104.0,00,0.0,4.0259,4.0245,4.0292,4.7,740FB817,737373727372727273737373737373737273727272727373,,,,,0,0,0,0,0,-39.56,0.01274,-0.00637,C9C8C9C9C9C9C9C9C9C9C9C9C9CACACACACACACACACACACACACA
2026-09-03T20:20:36.676606Z,705.885,12.9V,,,81.953,155.43,271.52,24.36,104.0,00,0.0,4.0259,4.0245,4.0292,4.7,760FB817,737373727372727273737373737373737273727272727373,,,,,0,0,0,0,0,-39.56,0.01274,-0.00637,C9C8C9C9C9C9C9C9C9C9C9C9C9CACACACACACACACACACACACACA
2026-09-03T20:20:42.408041Z,711.616,12.9V,,,81.953,155.43,271.52,24.36,104.0,00,0.0,4.0259,4.0245,4.0291,4.6,760FB317,737373727372727273737373737373737273727272727373,,,,,0,0,0,0,0,-39.56,0.01274,-0.00637,C9C8C9C9C9C9C9C9C9C9C9C9C9CACACACACACACACACACACACACA
2026-09-03T20:20:48.497683Z,717.706,12.9V,,,81.953,155.43,271.52,24.36,104.0,00,0.0,4.0259,4.0245,4.0292,4.7,760FB817,737373727372727273737373737373737273727272727373,,,,,0,0,0,0,0,-39.56,0.01274,-0.00637,C9C8C9C9C9C9C9C9C9C9C9C9C9CACACACACACACACACACACACACA
2026-09-03T20:20:54.254844Z,723.463,12.9V,,,81.953,155.43,271.52,24.36,104.0,00,0.0,4.0259,4.0245,4.0292,4.7,740FB817,737373727372727273737373737373737273727272727373,,,,,0,0,0,0,0,-39.56,0.01274,-0.00637,C9C8C9C9C9C9C9C9C9C9C9C9C9CACACACACACACACACACACACACA
2026-09-03T20:20:59.875436Z,729.084,12.9V,,,81.953,155.43,271.52,24.36,104.0,00,0.0,4.0259,4.0245,4.0292,4.7,760FB817,737373727372727273737373737373737273727272727373,,,,,0,0,0,0,0,-39.56,0.01274,-0.00637,C9C8C9C9C9C9C9C9C9C9C9C9C9CACACACACACACACACACACACACA
2026-09-03T20:21:07.864577Z,737.073,12.9V,,,81.953,155.43,271.52,24.36,104.0,00,0.0,4.0259,4.0245,4.0292,4.7,740FB817,737373727372727273737373737373737273727272727373,,,,,0,0,0,0,0,-39.56,0.01274,-0.00637,C9C8C9C9C9C9C9C9C9C9C9C9C9CACACACACACACACACACACACACA
2026-09-03T20:21:20.994980Z,750.203,12.9V,,,81.953,155.43,271.52,24.36,104.0,00,0.0,4.0259,4.0245,4.0292,4.7,760FB417,737373727372727273737373737373737273727272727373,,,,,0,0,0,0,0,-39.56,0.01274,-0.00637,C9C8C9C9C9C9C9C9C9C9C9C9C9CACACACACACACACACACACACACA
2026-09-03T20:21:31.046704Z,760.255,12.9V,,,81.953,155.43,271.52,24.36,104.0,00,0.0,4.0259,4.0245,4.0292,4.7,760FB317,737373727372727273737373737373737273727272727373,,,,,0,0,0,0,0,-39.56,0.01274,-0.00637,C9C8C9C9C9C9C9C9C9C9C9C9C9CACACACACACACACACACACACACA
2026-09-03T20:21:37.499680Z,766.708,12.9V,,,81.953,155.43,271.52,24.36,104.0,00,0.0,4.0259,4.0245,4.0292,4.7,760FB417,737373727372727273737373737373737273727272727373,,,,,0,0,0,0,0,-39.56,0.01274,-0.00637,C9C8C9C9C9C9C9C9C9C9C9C9C9CACACACACACACACACACACACACA
2026-09-03T20:21:44.031835Z,773.24,12.9V,,,81.953,155.43,271.52,24.36,104.0,00,0.0,4.0259,4.0245,4.0292,4.7,760FB317,737373727372727273737373737373737273727272727373,,,,,0,0,0,0,0,-39.56,0.01274,-0.00637,C9C8C9C9C9C9C9C9C9C9C9C9C9CACACACACACACACACACACACACA
2026-09-03T20:21:49.329101Z,778.538,12.9V,,,81.953,155.43,271.52,24.36,104.0,00,0.0,4.0259,4.0245,4.0292,4.7,760FB417,737373727372727273737373737373737273727272727373,,,,,0,0,0,0,0,-39.56,0.01274,-0.00637,C9C8C9C9C9C9C9C9C9C9C9C9C9CACACACACACACACACACACACACA
2026-09-03T20:21:54.943795Z,784.152,12.9V,,,81.953,155.43,271.52,24.36,104.0,00,0.0,4.0259,4.0245,4.0292,4.7,760FB817,737373727372727273737373737373737273727272727373,,,,,0,0,0,0,0,-39.56,0.01274,-0.00637,C9C8C9C9C9C9C9C9C9C9C9C9C9CACACACACACACACACACACACACA
2026-09-03T20:22:00.595039Z,789.803,12.9V,,,81.953,155.43,271.52,24.36,104.0,00,0.0,4.0259,4.0245,4.0292,4.7,760FB417,737373727372727273737373737373737273727272727373,,,,,0,0,0,0,0,-39.56,0.01274,-0.00637,C9C8C9C9C9C9C9C9C9C9C9C9C9CACACACACACACACACACACACACA
2026-09-03T20:22:06.285268Z,795.494,12.9V,,,81.953,155.43,271.52,24.36,104.0,00,0.0,4.0259,4.0246,4.0292,4.6,740FB417,737373727372727273737373737373737273727272727373,,,,,0,0,0,0,0,-39.56,0.01274,-0.00637,C9C8C9C9C9C9C9C9C9C9C9C9C9CACACACACACACACACACACACACA
2026-09-03T20:22:12.114573Z,801.323,12.9V,,,81.953,155.43,271.52,24.36,104.0,00,0.0,4.0259,4.0245,4.0292,4.7,760FB817,737373727372727273737373737373737273727272727373,,,,,0,0,0,0,0,-39.56,0.01274,-0.00637,C9C8C9C9C9C9C9C9C9C9C9C9C9CACACACACACACACACACACACACA
2026-09-03T20:22:17.943376Z,807.152,12.9V,,,81.953,155.43,271.52,24.36,104.0,00,0.0,4.0259,4.0245,4.0292,4.7,760FB417,737373727372727273737373737373737273727272727373,,,,,0,0,0,0,0,-39.56,0.01274,-0.00637,C9C8C9C9C9C9C9C9C9C9C9C9C9CACACACACACACACACACACACACA
2026-09-03T20:22:25.341229Z,814.55,12.9V,,,81.953,155.43,271.52,24.36,104.0,00,0.0,4.0259,4.0245,4.0293,4.8,760FB817,737373727372727273737373737373737273727272727373,,,,,0,0,0,0,0,-39.56,0.01274,-0.00637,C9C8C9C9C9C9C9C9C9C9C9C9C9CACACACACACACACACACACACACA
2026-09-03T20:22:38.742695Z,827.951,12.9V,,,81.953,155.43,271.52,24.36,104.0,00,0.0,4.0259,4.0245,4.0292,4.7,760FB317,737373727372727273737373737373737273727272727373,,,,,0,0,0,0,0,-39.56,0.01274,-0.00637,C9C8C9C9C9C9C9C9C9C9C9C9C9CACACACACACACACACACACACACA
2026-09-03T20:22:49.134285Z,838.343,12.9V,,,81.953,155.43,271.52,24.36,104.0,00,0.0,4.026,4.0245,4.0293,4.8,760FB417,737373727372727273737373737373737273727272727373,,,,,0,0,0,0,0,-39.56,0.01274,-0.00637,C9C8C9C9C9C9C9C9C9C9C9C9C9CACACACACACACACACACACACACA
2026-09-03T20:22:54.751316Z,843.96,12.9V,,,81.953,155.43,271.52,24.36,104.0,00,0.0,4.0259,4.0245,4.0292,4.7,760FB417,737373727372727273737373737373737273727272727373,,,,,0,0,0,0,0,-39.56,0.01274,-0.00637,C9C8C9C9C9C9C9C9C9C9C9C9C9CACACACACACACACACACACACACA
2026-09-03T20:23:00.669915Z,849.878,12.9V,,,81.953,155.43,271.52,24.36,102.2,00,0.0,4.026,4.0245,4.0293,4.8,760FB817,737373727372727273737373737373737273727272727373,,,,,0,0,0,0,0,-39.56,0.01274,-0.00637,C9C8C9C9C9C9C9C9C9C9C9C9C9CACACACACACACACACACACACACA
2026-09-03T20:23:07.003277Z,856.212,12.9V,,,,,271.52,24.36,102.2,00,,4.026,4.0246,4.0293,4.7,740FB817,737373727372727273737373737373737273727272727373,,,,,0,0,0,0,0,-39.56,0.01274,-0.00637,C9C8C9C9C9C9C9C9C9C9C9C9C9CACACACACACACACACACACACACA
2026-09-03T20:23:13.178585Z,862.387,12.9V,,,81.953,155.43,271.52,24.36,102.2,00,0.0,4.026,4.0246,4.0292,4.6,740FB317,737373727372727273737373737373737273727272727373,,,,,0,0,0,0,0,-39.56,0.01274,-0.00637,C9C8C9C9C9C9C9C9C9C9C9C9C9CACACACACACACACACACACACACA
2026-09-03T20:23:18.782691Z,867.991,12.9V,,,81.953,155.43,271.52,24.36,102.2,00,0.0,4.026,4.0246,4.0293,4.7,740FB817,737373727372727273737373737373737273727272727373,,,,,0,0,0,0,0,-39.56,0.01274,-0.00637,C9C8C9C9C9C9C9C9C9C9C9C9C9CACACACACACACACACACACACACA
2026-09-03T20:23:24.429950Z,873.638,12.9V,,,81.953,155.43,271.52,24.36,102.2,00,0.0,4.026,4.0246,4.0292,4.6,740FB317,737373727372727273737373737373737273727272727373,,,,,0,0,0,0,0,-39.56,0.01274,-0.00637,C9C8C9C9C9C9C9C9C9C9C9C9C9CACACACACACACACACACACACACA
2026-09-03T20:23:30.083244Z,879.292,12.9V,,,81.953,155.43,271.52,24.36,102.2,00,0.0,4.026,4.0246,4.0292,4.6,740FB317,737373727372727273737373737373737273727272727373,,,,,0,0,0,0,0,-39.56,0.01274,-0.00637,C9C8C9C9C9C9C9C9C9C9C9C9C9CACACACACACACACACACACACACA
2026-09-03T20:23:35.751981Z,884.96,12.9V,,,81.953,155.43,271.52,24.36,102.2,00,0.0,4.026,4.0245,4.0292,4.7,760FB417,737373727372727273737373737373737273727272727373,,,,,0,0,0,0,0,-39.56,0.01274,-0.00637,C9C8C9C9C9C9C9C9C9C9C9C9C9CACACACACACACACACACACACACA
2026-09-03T20:23:41.390590Z,890.599,12.9V,,,81.953,155.43,271.52,24.36,102.2,00,0.0,4.026,4.0245,4.0292,4.7,760FB417,737373727372727273737373737373737273727272727373,,,,,0,0,0,0,0,-39.56,0.01274,-0.00637,C9C8C9C9C9C9C9C9C9C9C9C9C9CACACACACACACACACACACACACA
2026-09-03T20:23:47.217846Z,896.426,12.9V,,,81.953,155.43,271.52,24.36,102.2,00,0.0,4.026,4.0246,4.0293,4.7,740FB817,737373727372727273737373737373737273727272727373,,,,,0,0,0,0,0,-39.56,0.01274,-0.00637,C9C8C9C9C9C9C9C9C9C9C9C9C9CACACACACACACACACACACACACA
2026-09-03T20:24:01.304683Z,910.513,12.9V,,,81.953,155.43,271.52,24.36,102.2,00,0.0,4.026,4.0245,4.0293,4.8,760FB817,737373727372727273737373737373737273727272727373,,,,,0,0,0,0,0,-39.56,0.01274,-0.00637,C9C8C9C9C9C9C9C9C9C9C9C9C9CACACACACACACACACACACACACA
2026-09-03T20:24:13.748760Z,922.957,12.9V,,,81.953,155.43,271.52,24.36,102.2,00,0.0,4.026,4.0246,4.0293,4.7,740FB817,737373727372727273737373737373737273727272727373,,,,,0,0,0,0,0,-39.56,0.01274,-0.00637,C9C8C9C9C9C9C9C9C9C9C9C9C9CACACACACACACACACACACACACA
2026-09-03T20:24:19.430922Z,928.639,12.9V,,,81.953,155.43,271.52,24.36,102.2,00,0.0,4.026,4.0246,4.0292,4.6,760FB317,737373727372727273737373737373737273727272727373,,,,,0,0,0,0,0,-39.56,0.01274,-0.00637,C9C8C9C9C9C9C9C9C9C9C9C9C9CACACACACACACACACACACACACA
2026-09-03T20:24:25.074740Z,934.283,12.9V,,,81.953,155.43,271.52,24.36,104.0,00,0.0,4.026,4.0245,4.0292,4.7,760FB317,,,,,,0,0,0,0,0,-39.56,0.01274,-0.00637,C9C8C9C9C9C9C9C9C9C9C9C9C9CACACACACACACACACACACACACA
2026-09-03T20:24:31.316414Z,940.525,12.9V,,,81.953,155.43,271.52,24.36,104.0,00,0.0,4.026,4.0246,4.0292,4.6,740FB417,737373727372727273737373737373737273727272727373,,,,,0,0,0,0,0,-39.56,0.01274,-0.00637,C9C8C9C9C9C9C9C9C9C9C9C9C9CACACACACACACACACACACACACA
2026-09-03T20:24:36.925090Z,946.134,12.9V,,,81.953,155.43,271.52,24.36,104.0,00,0.0,4.026,4.0246,4.0293,4.7,740FB417,737373727372727273737373737373737273727272727373,,,,,0,0,0,0,0,-39.56,0.01274,-0.00637,C9C8C9C9C9C9C9C9C9C9C9C9C9CACACACACACACACACACACACACA
2026-09-03T20:24:42.496261Z,951.705,12.9V,,,81.953,155.43,271.52,24.36,104.0,00,0.0,4.026,4.0246,4.0293,4.7,740FB417,737373727372727273737373737373737273727272727373,,,,,0,0,0,0,0,-39.56,0.01274,-0.00637,C9C8C9C9C9C9C9C9C9C9C9C9C9CACACACACACACACACACACACACA
2026-09-03T20:24:48.126333Z,957.335,12.9V,,,81.953,155.43,271.52,24.36,104.0,00,0.0,4.026,4.0246,4.0293,4.7,740FB817,737373727372727273737373737373737273727272727373,,,,,0,0,0,0,0,-39.56,0.01274,-0.00637,C9C8C9C9C9C9C9C9C9C9C9C9C9CACACACACACACACACACACACACA
2026-09-03T20:24:53.740047Z,962.948,12.9V,,,81.953,155.43,271.52,24.36,102.2,00,0.0,4.026,4.0246,4.0292,4.6,760FB317,737373727372727273737373737373737273727272727373,,,,,0,0,0,0,0,-39.56,0.01274,-0.00637,C9C8C9C9C9C9C9C9C9C9C9C9C9CACACACACACACACACACACACACA
2026-09-03T20:24:59.385778Z,968.594,12.9V,,,81.953,155.43,271.52,24.36,102.2,00,0.0,4.026,4.0246,4.0293,4.7,740FB417,737373727372727273737373737373737273727272727373,,,,,0,0,0,0,0,-39.56,0.01274,-0.00637,C9C8C9C9C9C9C9C9C9C9C9C9C9CACACACACACACACACACACACACA
2026-09-03T20:25:05.526866Z,974.735,12.9V,,,81.953,155.43,271.52,24.36,102.2,00,0.0,4.026,4.0245,4.0293,4.8,760FB417,737373727372727273737373737373737273727272727373,,,,,0,0,0,0,0,-39.56,0.01274,-0.00637,C9C8C9C9C9C9C9C9C9C9C9C9C9CACACACACACACACACACACACACA
2026-09-03T20:25:11.184403Z,980.393,12.9V,,,81.953,155.43,271.52,24.36,102.2,00,0.0,4.026,4.0246,4.0293,4.7,740FB817,737373727372727273737373737373737273727272727373,,,,,0,0,0,0,0,-39.56,0.01274,-0.00637,C9C8C9C9C9C9C9C9C9C9C9C9C9CACACACACACACACACACACACACA
2026-09-03T20:25:16.804345Z,986.013,12.9V,,,81.953,155.43,271.52,24.36,102.2,00,0.0,4.026,4.0246,4.0293,4.7,740FB817,737373727372727273737373737373737273727272727373,,,,,0,0,0,0,0,-39.56,0.01274,-0.00637,C9C8C9C9C9C9C9C9C9C9C9C9C9CACACACACACACACACACACACACA
2026-09-03T20:25:29.163624Z,998.372,12.9V,,,81.953,155.43,271.52,24.36,102.2,00,0.0,4.026,4.0246,4.0293,4.7,760FB417,737373727372727273737373737373737273727272727373,,,,,0,0,0,0,0,-39.56,0.01274,-0.00637,C9C8C9C9C9C9C9C9C9C9C9C9C9CACACACACACACACACACACACACA
2026-09-03T20:25:42.481511Z,1011.69,12.9V,,,81.953,155.43,271.52,24.36,104.0,00,0.0,4.026,4.0246,4.0293,4.7,760FB817,737373727372727273737373737373737273727272727373,,,,,0,0,0,0,0,-39.56,0.01274,-0.00637,C9C8C9C9C9C9C9C9C9C9C9C9C9CACACACACACACACACACACACACA
2026-09-03T20:25:47.545904Z,1016.754,12.9V,,,81.953,155.43,271.52,24.36,104.0,00,0.0,4.026,4.0246,4.0293,4.7,760FB417,737373727372727273737373737373737273727272727373,,,,,0,0,0,0,0,-39.56,0.01274,-0.00637,C9C8C9C9C9C9C9C9C9C9C9C9C9CACACACACACACACACACACACACA
2026-09-03T20:25:53.159411Z,1022.368,12.9V,,,81.953,155.43,271.52,24.36,104.0,00,0.0,4.026,4.0246,4.0293,4.7,760FB817,737373727372727273737373737373737273727272727373,,,,,0,0,0,0,0,-39.56,0.01274,-0.00637,C9C8C9C9C9C9C9C9C9C9C9C9C9CACACACACACACACACACACACACA
2026-09-03T20:25:58.796231Z,1028.005,12.9V,,,81.953,155.43,271.52,24.36,104.0,00,0.0,4.026,4.0246,4.0293,4.7,760FB817,737373727373727273737373737373737273727272727373,,,,,0,0,0,0,0,-39.56,0.01274,-0.00637,C9C8C9C9C9C9C9C9C9C9C9C9C9CACACACACACACACACACACACACA
2026-09-03T20:26:04.916753Z,1034.125,12.9V,,,81.953,155.43,271.52,24.36,104.0,00,0.0,4.026,4.0246,4.0293,4.7,740FB817,737373727372727273737373737373737273727272727373,,,,,0,0,0,0,0,-39.56,0.01274,-0.00637,C9C8C9C9C9C9C9C9C9C9C9C9C9CACACACACACACACACACACACACA
2026-09-03T20:26:10.642526Z,1039.851,12.9V,,,81.953,155.43,271.52,24.36,104.0,00,0.0,4.026,4.0246,4.0293,4.7,740FB817,737373727373727273737373737473737273727272727373,,,,,0,0,0,0,0,-39.56,0.01274,-0.00637,C9C8C9C9C9C9C9C9C9C9C9C9C9CACACACACACACACACACACACACA
2026-09-03T20:26:17.041351Z,1046.25,12.9V,,,81.953,155.43,271.52,24.36,104.0,00,0.0,4.026,4.0246,4.0293,4.7,760FB817,737373727373727273737373737473737273727272727373,,,,,0,0,0,0,0,-39.56,0.01274,-0.00637,C9C8C9C9C9C9C9C9C9C9C9C9C9CACACACACACACACACACACACACA
2026-09-03T20:26:23.532811Z,1052.741,12.9V,,,81.953,155.43,271.52,24.36,104.0,00,0.0,4.026,4.0246,4.0293,4.7,760FB417,737373727373727273737373737473737273727272727373,,,,,0,0,0,0,0,-39.56,0.01274,-0.00637,C9C8C9C9C9C9C9C9C9C9C9C9C9CACACACACACACACACACACACACA
2026-09-03T20:26:29.187313Z,1058.396,12.9V,,,81.953,155.43,271.52,24.36,104.0,00,0.0,4.026,4.0246,4.0292,4.6,760FB317,737373727373727273737373737473737273727272727373,,,,,0,0,0,0,0,-39.56,0.01274,-0.00637,C9C8C9C9C9C9C9C9C9C9C9C9C9CACACACACACACACACACACACACA
2026-09-03T20:26:34.851556Z,1064.06,12.9V,,,81.953,155.43,271.52,24.36,104.0,00,0.0,4.026,4.0246,4.0293,4.7,760FB417,737373727373727273737373737473737273727272727373,,,,,0,0,0,0,0,-39.56,0.01274,-0.00637,C9C8C9C9C9C9C9C9C9C9C9C9C9CACACACACACACACACACACACACA
2026-09-03T20:26:40.544269Z,1069.753,12.9V,,,81.953,155.43,271.52,24.36,104.0,00,0.0,4.026,4.0246,4.0293,4.7,740FB417,737373727373727273737373737473737273727272727373,,,,,0,0,0,0,0,-39.56,0.01274,-0.00637,C9C8C9C9C9C9C9C9C9C9C9C9C9CACACACACACACACACACACACACA
2026-09-03T20:26:46.161417Z,1075.37,12.9V,,,81.953,155.43,271.52,24.36,104.0,00,0.0,4.026,4.0246,4.0293,4.7,760FB317,737373727373727273737373737473737273727272727373,,,,,0,0,0,0,0,-39.56,0.01274,-0.00637,C9C8C9C9C9C9C9C9C9C9C9C9C9CACACACACACACACACACACACACA
2026-09-03T20:27:00.406714Z,1089.615,12.9V,,,81.953,155.43,271.52,24.36,104.0,00,0.0,4.026,4.0246,4.0293,4.7,760FB317,,,,,,0,0,0,0,0,-39.56,0.01274,-0.00637,C9C8C9C9C9C9C9C9C9C9C9C9C9CACACACACACACACACACACACACA
2026-09-03T20:27:12.994881Z,1102.203,12.9V,,,81.953,155.43,271.52,24.36,104.0,00,0.0,4.026,4.0247,4.0293,4.6,740FB817,737373727373727273737373737473737273727372727373,,,,,0,0,0,0,0,-39.56,0.01274,-0.00637,C9C8C9C9C9C9C9C9C9C9C9C9C9CACACACACACACACACACACACACA
2026-09-03T20:27:18.580215Z,1107.789,12.9V,,,81.953,155.43,271.52,24.36,104.0,00,0.0,4.026,4.0246,4.0293,4.7,760FB817,737373727373727273737373737473737273727372727373,,,,,0,0,0,0,0,-39.56,0.01274,-0.00637,C9C8C9C9C9C9C9C9C9C9C9C9C9CACACACACACACACACACACACACA
2026-09-03T20:27:24.252256Z,1113.461,12.9V,,,81.953,155.43,271.52,24.36,104.0,00,0.0,4.026,4.0246,4.0293,4.7,760FB417,737373727373727273737373737473737273727372727373,,,,,0,0,0,0,0,-39.56,0.01274,-0.00637,C9C8C9C9C9C9C9C9C9C9C9C9C9CACACACACACACACACACACACACA
2026-09-03T20:27:29.898707Z,1119.107,12.9V,,,81.953,155.43,271.52,24.36,104.0,00,0.0,4.026,4.0247,4.0293,4.6,740FB817,737373727373727273737373737473737273727372727373,,,,,0,0,0,0,0,-39.56,0.01274,-0.00637,C9C8C9C9C9C9C9C9C9C9C9C9C9CACACACACACACACACACACACACA
2026-09-03T20:27:35.563006Z,1124.771,12.9V,,,81.953,155.43,271.52,24.36,104.0,00,0.0,4.026,4.0247,4.0293,4.6,740FB417,737373727373727273737373737473737273727372727373,,,,,0,0,0,0,0,-39.56,0.01274,-0.00637,C9C8C9C9C9C9C9C9C9C9C9C9C9CACACACACACACACACACACACACA
2026-09-03T20:27:41.207690Z,1130.416,12.9V,,,81.953,155.43,271.52,24.36,104.0,00,0.0,4.026,4.0247,4.0293,4.6,740FB317,737373727373727273737373737473737273727372727373,,,,,0,0,0,0,0,-39.56,0.01274,-0.00637,C9C8C9C9C9C9C9C9C9C9C9C9C9CACACACACACACACACACACACACA
2026-09-03T20:27:46.791778Z,1136.0,12.9V,,,81.953,155.43,271.52,24.36,104.0,00,0.0,4.026,4.0246,4.0293,4.7,760FB717,737373727373727273737373737473737273727372727373,,,,,0,0,0,0,0,-39.56,0.01274,-0.00637,C9C8C9C9C9C9C9C9C9C9C9C9C9CACACACACACACACACACACACACA
2026-09-03T20:27:52.375138Z,1141.584,12.9V,,,81.953,155.43,271.52,24.36,104.0,00,0.0,4.026,4.0247,4.0293,4.6,740FB317,737373727373727273737373737473737273727372727373,,,,,0,0,0,0,0,-39.56,0.01274,-0.00637,C9C8C9C9C9C9C9C9C9C9C9C9C9CACACACACACACACACACACACACA
2026-09-03T20:27:58.020314Z,1147.229,12.9V,,,81.953,155.43,271.52,24.36,104.0,00,0.0,4.0261,4.0247,4.0293,4.6,760FB417,737373727373727273737373737473737273727372727373,,,,,0,0,0,0,0,-39.56,0.01274,-0.00637,C9C8C9C9C9C9C9C9C9C9C9C9C9CACACACACACACACACACACACACA
2026-09-03T20:28:03.654187Z,1152.863,12.9V,,,81.953,155.43,271.52,24.36,104.0,00,0.0,4.026,4.0247,4.0293,4.6,740FB317,737373727373727273737373737473737273727372727373,,,,,0,0,0,0,0,-39.56,0.01274,-0.00637,C9C8C9C9C9C9C9C9C9C9C9C9C9CACACACACACACACACACACACACA
2026-09-03T20:28:09.304284Z,1158.513,12.9V,,,81.953,155.43,271.52,24.36,104.0,00,0.0,4.026,4.0247,4.0293,4.6,740FB417,737373727373727273737373737473737273727372727373,,,,,0,0,0,0,0,-39.56,0.01274,-0.00637,C9C8C9C9C9C9C9C9C9C9C9C9C9CACACACACACACACACACACACACA
2026-09-03T20:28:15.561298Z,1164.77,12.9V,,,81.953,155.43,271.52,24.36,104.0,00,0.0,4.026,4.0246,4.0293,4.7,760FB417,737373727373727273737373737473737273727372727373,,,,,0,0,0,0,0,-39.56,0.01274,-0.00637,C9C8C9C9C9C9C9C9C9C9C9C9C9CACACACACACACACACACACACACA
2026-09-03T20:28:21.574740Z,1170.783,12.9V,,,,155.43,271.52,24.36,104.0,00,0.0,4.0261,4.0247,4.0293,4.6,740FB317,737373727373727273737373737473737273727372727373,,,,,0,0,0,0,0,-39.56,0.01274,-0.00637,C9C8C9C9C9C9C9C9C9C9C9C9C9CACACACACACACACACACACACACA
2026-09-03T20:28:35.436927Z,1184.645,12.9V,,,81.953,155.43,271.52,24.36,104.0,00,0.0,4.026,4.0247,4.0293,4.6,740FB817,737373727373727273737373737473737273727372727373,,,,,0,0,0,0,0,-39.56,0.01274,-0.00637,C9C8C9C9C9C9C9C9C9C9C9C9C9CACACACACACACACACACACACACA
2026-09-03T20:28:47.976464Z,1197.185,12.9V,,,81.953,155.43,271.52,24.36,104.0,00,0.0,4.0261,4.0247,4.0293,4.6,740FB417,737373727373727273737474737473737273727372727373,,,,,0,0,0,0,0,-39.56,0.01274,-0.00637,C9C8C9C9C9C9C9C9C9C9C9C9C9CACACACACACACACACACACACACA
2026-09-03T20:28:53.613658Z,1202.822,12.9V,,,81.953,155.43,271.52,24.36,104.0,00,0.0,4.0261,4.0246,4.0294,4.8,760FB817,737373727373727273737374737473737273727372727373,,,,,0,0,0,0,0,-39.56,0.01274,-0.00637,C9C8C9C9C9C9C9C9C9C9C9C9C9CACACACACACACACACACACACACA
2026-09-03T20:28:59.227394Z,1208.436,12.9V,,,81.953,155.43,271.52,24.36,104.0,00,0.0,4.0261,4.0246,4.0293,4.7,760FB317,737373727373727273737474737473737273727372727373,,,,,0,0,0,0,0,-39.56,0.01274,-0.00637,C9C8C9C9C9C9C9C9C9C9C9C9C9CACACACACACACACACACACACACA
2026-09-03T20:29:04.892988Z,1214.101,12.9V,,,81.953,155.43,271.52,24.36,104.0,00,0.0,4.0261,4.0247,4.0293,4.6,740FB417,737373727373727273737474737473737273727372727373,,,,,0,0,0,0,0,-39.56,0.01274,-0.00637,C9C8C9C9C9C9C9C9C9C9C9C9C9CACACACACACACACACACACACACA
2026-09-03T20:29:10.579844Z,1219.788,12.9V,,,81.953,155.43,271.52,24.36,104.0,00,0.0,4.0261,4.0246,4.0293,4.7,760FB417,737373727373727273737474737473737273727372727373,,,,,0,0,0,0,0,-39.56,0.01274,-0.00637,C9C8C9C9C9C9C9C9C9C9C9C9C9CACACACACACACACACACACACACA
2026-09-03T20:29:16.161635Z,1225.37,12.9V,,,81.953,155.43,271.52,24.36,104.0,00,0.0,4.0261,4.0247,4.0294,4.7,740FB817,737373727373727273737474737473737273727372727373,,,,,0,0,0,0,0,-39.56,0.01274,-0.00637,C9C8C9C9C9C9C9C9C9C9C9C9C9CACACACACACACACACACACACACA
2026-09-03T20:29:21.803304Z,1231.012,12.9V,,,81.953,155.43,271.52,24.36,104.0,00,0.0,4.0261,4.0246,4.0293,4.7,760FB417,737373727373727273737474737473737273727372727373,,,,,0,0,0,0,0,-39.56,0.01274,-0.00637,C9C8C9C9C9C9C9C9C9C9C9C9C9CACACACACACACACACACACACACA
2026-09-03T20:29:27.466410Z,1236.675,12.9V,,,81.953,155.43,271.52,24.36,104.0,00,0.0,4.0261,4.0247,4.0293,4.6,740FB417,737373727373727273737474737473737273727372727373,,,,,0,0,0,0,0,-39.56,0.01274,-0.00637,C9C8C9C9C9C9C9C9C9C9C9C9C9CACACACACACACACACACACACACA
2026-09-03T20:29:33.105850Z,1242.314,12.9V,,,81.953,155.43,271.52,24.36,104.0,00,0.0,4.0261,4.0247,4.0293,4.6,740FB417,737373727373727273737474737473737273727372727373,,,,,0,0,0,0,0,-39.56,0.01274,-0.00637,C9C8C9C9C9C9C9C9C9C9C9C9C9CACACACACACACACACACACACACA
2026-09-03T20:29:38.829878Z,1248.038,12.9V,,,81.953,155.43,271.52,24.36,104.0,00,0.0,4.0261,4.0247,4.0294,4.7,760FB417,737373727373727273737474737473737273727372727373,,,,,0,0,0,0,0,-39.56,0.01274,-0.00637,C9C8C9C9C9C9C9C9C9C9C9C9C9CACACACACACACACACACACACACA
2026-09-03T20:29:43.871323Z,1253.08,12.9V,,,81.953,155.43,271.52,24.36,104.0,00,0.0,4.0261,4.0247,4.0293,4.6,740FB317,737373727373727273737474737473737273727372727373,,,,,0,0,0,0,0,-39.56,0.01274,-0.00637,C9C8C9C9C9C9C9C9C9C9C9C9C9CACACACACACACACACACACACACA
2026-09-03T20:29:49.433343Z,1258.642,12.9V,,,81.953,155.43,271.52,24.36,104.0,00,0.0,4.0261,4.0246,4.0293,4.7,760FB417,737373727373727273737474737473737273727372727373,,,,,0,0,0,0,0,-39.56,0.01274,-0.00637,C9C8C9C9C9C9C9C9C9C9C9C9C9CACACACACACACACACACACACACA
2026-09-03T20:29:55.167514Z,1264.376,12.9V,,,81.953,155.43,271.52,24.36,104.0,00,0.0,4.0261,4.0247,4.0293,4.6,740FB417,737373727373727273737474737473737273727372727373,,,,,0,0,0,0,0,-39.56,0.01274,-0.00637,C9C8C9C9C9C9C9C9C9C9C9C9C9CACACACACACACACACACACACACA
2026-09-03T20:30:02.747174Z,1271.956,12.9V,,,81.953,155.43,271.52,24.36,104.0,00,0.0,4.0261,4.0246,4.0294,4.8,760FB817,737373727373727273737474737473737273727372727373,,,,,0,0,0,0,0,-39.56,0.01274,-0.00637,C9C8C9C9C9C9C9C9C9C9C9C9C9CACACACACACACACACACACACACA
2026-09-03T20:30:16.388879Z,1285.597,12.9V,,,81.953,155.43,271.52,24.36,104.0,00,0.0,4.0261,4.0246,4.0293,4.7,760FB417,737373727373727273737474737473737273727372727373,,,,,0,0,0,0,0,-39.56,0.01274,-0.00637,C9C8C9C9C9C9C9C9C9C9C9C9C9CACACACACACACACACACACACACA
2026-09-03T20:30:26.412878Z,1295.621,12.9V,,,81.953,155.43,271.52,24.36,104.0,00,0.0,4.0261,4.0247,4.0294,4.7,740FB417,737373727373727273737474737473737273727372727373,,,,,0,0,0,0,0,-39.56,0.01274,-0.00637,C9C8C9C9C9C9C9C9C9C9C9C9C9CACACACACACACACACACACACACA
2026-09-03T20:30:32.445900Z,1301.654,12.9V,,,81.953,155.43,271.52,24.36,104.0,00,0.0,4.0261,4.0247,4.0294,4.7,740FB817,737373727373727273737474737473737273727372727373,,,,,0,0,0,0,0,-39.56,0.01274,-0.00637,C9C8C9C9C9C9C9C9C9C9C9C9C9CACACACACACACACACACACACACA
2026-09-03T20:30:38.283208Z,1307.492,12.9V,,,81.953,155.43,271.52,24.36,104.0,00,0.0,4.0261,4.0247,4.0293,4.6,740FB417,737373727373727273737474737473737273727372727373,,,,,0,0,0,0,0,-39.56,0.01274,-0.00637,C9C8C9C9C9C9C9C9C9C9C9C9C9CACACACACACACACACACACACACA
2026-09-03T20:30:43.958886Z,1313.167,12.9V,,,81.953,155.43,271.52,24.36,104.0,00,0.0,4.0261,4.0246,4.0293,4.7,760FB417,737373727373727273737474737473737273727372727373,,,,,0,0,0,0,0,-39.56,0.01274,-0.00637,C9C8C9C9C9C9C9C9C9C9C9C9C9CACACACACACACACACACACACACA
2026-09-03T20:30:49.568059Z,1318.776,12.9V,,,81.953,155.43,271.52,24.36,104.0,00,0.0,4.0261,4.0247,4.0294,4.7,740FB817,737373727373727273737474737473737273727372727373,,,,,0,0,0,0,0,-39.56,0.01274,-0.00637,C9C8C9C9C9C9C9C9C9C9C9C9C9CACACACACACACACACACACACACA
2026-09-03T20:30:55.163887Z,1324.372,12.9V,,,81.953,155.43,271.52,24.36,104.0,00,0.0,4.0261,4.0246,4.0294,4.8,760FB417,737373727373727273737474737473737273727372727373,,,,,0,0,0,0,0,-39.56,0.01274,-0.00637,C9C8C9C9C9C9C9C9C9C9C9C9C9CACACACACACACACACACACACACA
2026-09-03T20:31:00.811625Z,1330.02,12.9V,,,,,271.52,24.36,104.0,00,,4.0261,4.0247,4.0294,4.7,740FB817,737373727373727273737474737473737273727372727373,,,,,0,0,0,0,0,-39.56,0.01274,-0.00637,C9C8C9C9C9C9C9C9C9C9C9C9C9CACACACACACACACACACACACACA
2026-09-03T20:31:07.046874Z,1336.255,12.9V,,,81.953,155.43,271.52,24.36,104.0,00,0.0,4.0261,4.0247,4.0294,4.7,740FB417,737373727373727273737474737473737273727372727373,,,,,0,0,0,0,0,-39.56,0.01274,-0.00637,C9C8C9C9C9C9C9C9C9C9C9C9C9CACACACACACACACACACACACACA
2026-09-03T20:31:12.723283Z,1341.932,12.9V,,,81.953,155.43,271.52,24.36,104.0,00,0.0,4.0261,4.0247,4.0294,4.7,760FB817,737373727373727273737474737473737273727372727373,,,,,0,0,0,0,0,-39.56,0.01274,-0.00637,C9C8C9C9C9C9C9C9C9C9C9C9C9CACACACACACACACACACACACACA
2026-09-03T20:31:18.320715Z,1347.529,12.9V,,,81.953,155.43,271.52,24.36,104.0,00,0.0,4.0261,4.0247,4.0293,4.6,760FB317,737373727373727273737474737473737273727372727373,,,,,0,0,0,0,0,-39.56,0.01274,-0.00637,C9C8C9C9C9C9C9C9C9C9C9C9C9CACACACACACACACACACACACACA
2026-09-03T20:31:23.981293Z,1353.19,12.9V,,,81.953,155.43,271.52,24.36,104.0,00,0.0,4.0261,4.0247,4.0294,4.7,760FB417,737373727373727273737474737473737273727372727373,,,,,0,0,0,0,0,-39.56,0.01274,-0.00637,C9C8C9C9C9C9C9C9C9C9C9C9C9CACACACACACACACACACACACACA
2026-09-03T20:31:29.585888Z,1358.794,12.9V,,,81.953,155.43,271.52,24.36,104.0,00,0.0,4.0261,4.0247,4.0293,4.6,760FB417,737373727373727273737474737473737273727372727373,,,,,0,0,0,0,0,-39.56,0.01274,-0.00637,C9C8C9C9C9C9C9C9C9C9C9C9C9CACACACACACACACACACACACACA
2026-09-03T20:31:35.531782Z,1364.74,12.9V,,,81.953,155.43,271.52,24.36,104.0,00,0.0,4.0261,4.0247,4.0294,4.7,740FB817,737373727373727273737474737473737273727372727373,,,,,0,0,0,0,0,-39.56,0.01274,-0.00637,C9C8C9C9C9C9C9C9C9C9C9C9C9CACACACACACACACACACACACACA
2026-09-03T20:31:48.680770Z,1377.889,12.9V,,,81.953,155.43,271.52,24.36,104.0,00,0.0,4.0261,4.0247,4.0293,4.6,740FB317,737373727373727273737474737473737273727372727373,,,,,0,0,0,0,0,-39.56,0.01274,-0.00637,C9C8C9C9C9C9C9C9C9C9C9C9C9CACACACACACACACACACACACACA
2026-09-03T20:31:59.906989Z,1389.115,12.9V,,,81.953,155.43,271.52,24.36,104.0,00,0.0,4.0261,4.0247,4.0294,4.7,740FB817,737373727373727273737474737473737273727372727373,,,,,0,0,0,0,0,-39.56,0.01274,-0.00637,C9C8C9C9C9C9C9C9C9C9C9C9C9CACACACACACACACACACACACACA
2026-09-03T20:32:05.421656Z,1394.63,12.9V,,,81.953,155.43,271.52,24.36,104.0,00,0.0,4.0261,4.0247,4.0294,4.7,740FB417,737373727373727273737474737473737273727372727373,,,,,0,0,0,0,0,-39.56,0.01274,-0.00637,C9C8C9C9C9C9C9C9C9C9C9C9C9CACACACACACACACACACACACACA
2026-09-03T20:32:10.766463Z,1399.975,12.9V,,,81.953,155.43,271.52,24.36,104.0,00,0.0,4.0261,4.0247,4.0293,4.6,760FB417,737373727373727273737474737473737273727372727373,,,,,0,0,0,0,0,-39.56,0.01274,-0.00637,C9C8C9C9C9C9C9C9C9C9C9C9C9CACACACACACACACACACACACACA
2026-09-03T20:32:16.135318Z,1405.344,12.9V,,,81.953,155.43,271.52,24.36,104.0,00,0.0,4.0261,4.0247,4.0293,4.6,760FB317,737373727373727273737474737473737273727372727373,,,,,0,0,0,0,0,-39.56,0.01274,-0.00637,C9C8C9C9C9C9C9C9C9C9C9C9C9CACACACACACACACACACACACACA
2026-09-03T20:32:20.959953Z,1410.168,12.9V,,,81.953,155.43,271.52,24.36,104.0,00,0.0,4.0261,4.0247,4.0293,4.6,740FB317,737373727373727273737474737473737273727372727373,,,,,0,0,0,0,0,-39.56,0.01274,-0.00637,C9C8C9C9C9C9C9C9C9C9C9C9C9CACACACACACACACACACACACACA
2026-09-03T20:32:26.304273Z,1415.513,12.9V,,,81.953,155.43,271.52,24.36,104.0,00,0.0,4.0261,4.0247,4.0294,4.7,760FB817,737373727373727273737474737473737273727372727373,,,,,0,0,0,0,0,-39.56,0.01274,-0.00637,C9C8C9C9C9C9C9C9C9C9C9C9C9CACACACACACACACACACACACACA
2026-09-03T20:32:32.317008Z,1421.525,12.9V,,,81.953,155.43,271.52,24.36,104.0,00,0.0,4.0261,4.0247,4.0293,4.6,740FB417,737373727373727273737474737473737273727372727373,,,,,0,0,0,0,0,-39.56,0.01274,-0.00637,C9C8C9C9C9C9C9C9C9C9C9C9C9CACACACACACACACACACACACACA
2026-09-03T20:32:38.870423Z,1428.079,12.9V,,,81.953,155.43,271.52,24.36,104.0,00,0.0,4.0261,4.0247,4.0294,4.7,760FB417,737373727373727273737474737473737273727372727373,,,,,0,0,0,0,0,-39.56,0.01274,-0.00637,C9C8C9C9C9C9C9C9C9C9C9C9C9CACACACACACACACACACACACACA
2026-09-03T20:32:44.658225Z,1433.867,12.9V,,,81.953,155.43,271.52,24.36,104.0,00,0.0,4.0261,4.0247,4.0294,4.7,760FB817,737373727373727273737474737473737273727372727373,,,,,0,0,0,0,0,-39.56,0.01274,-0.00637,C9C8C9C9C9C9C9C9C9C9C9C9C9CACACACACACACACACACACACACA
2026-09-03T20:32:50.358068Z,1439.566,12.9V,,,81.953,155.43,271.52,24.36,104.0,00,0.0,4.0261,4.0247,4.0294,4.7,760FB417,737373727373727273737474737473737273727372727373,,,,,0,0,0,0,0,-39.56,0.01274,-0.00637,C9C8C9C9C9C9C9C9C9C9C9C9C9CACACACACACACACACACACACACA
2026-09-03T20:32:55.997389Z,1445.206,12.9V,,,81.953,155.43,271.52,24.36,104.0,00,0.0,4.0261,4.0247,4.0294,4.7,740FB417,737373727373727273737474737473737273727372727373,,,,,0,0,0,0,0,-39.56,0.01274,-0.00637,C9C8C9C9C9C9C9C9C9C9C9C9C9CACACACACACACACACACACACACA
2026-09-03T20:33:01.591806Z,1450.8,12.9V,,,81.953,155.43,271.52,24.36,104.0,00,0.0,4.0261,4.0247,4.0294,4.7,740FB817,737373727373727273737474737473737273727372727373,,,,,0,0,0,0,0,-39.56,0.01274,-0.00637,C9C8C9C9C9C9C9C9C9C9C9C9C9CACACACACACACACACACACACACA
2026-09-03T20:33:08.062538Z,1457.271,12.9V,,,81.953,155.43,271.52,24.36,104.0,00,0.0,4.0261,4.0247,4.0294,4.7,740FB817,737373727373727273737474737473737273727372727373,,,,,0,0,0,0,0,-39.56,0.01274,-0.00637,C9C8C9C9C9C9C9C9C9C9C9C9C9CACACACACACACACACACACACACA
2026-09-03T20:33:21.875433Z,1471.084,12.9V,,,81.953,155.43,271.52,24.36,104.0,00,0.0,4.0261,4.0247,4.0294,4.7,760FB817,737373727373727273737474737473737273727372727373,,,,,0,0,0,0,0,-39.56,0.01274,-0.00637,C9C8C9C9C9C9C9C9C9C9C9C9C9CACACACACACACACACACACACACA
2026-09-03T20:33:33.345950Z,1482.554,12.9V,,,81.953,155.43,271.52,24.36,104.0,00,0.0,4.0261,4.0247,4.0294,4.7,760FB417,737373727373727273737474737473737273727372727373,,,,,0,0,0,0,0,-39.56,0.01274,-0.00637,C9C8C9C9C9C9C9C9C9C9C9C9C9CACACACACACACACACACACACACA
2026-09-03T20:33:38.997910Z,1488.206,12.9V,,,,,271.52,24.36,104.0,00,,4.0261,4.0247,4.0294,4.7,760FB817,737373727373727273737474737473737273727372727373,,,,,0,0,0,0,0,-39.56,0.01274,-0.00637,C9C8C9C9C9C9C9C9C9C9C9C9C9CACACACACACACACACACACACACA
2026-09-03T20:33:45.321469Z,1494.53,12.9V,,,81.953,155.43,271.52,24.36,104.0,00,0.0,4.0261,4.0247,4.0294,4.7,760FB817,737373727373727273737474737473737273727372727373,,,,,0,0,0,0,0,-39.56,0.01274,-0.00637,C9C8C9C9C9C9C9C9C9C9C9C9C9CACACACACACACACACACACACACA
2026-09-03T20:33:50.959430Z,1500.168,12.9V,,,81.953,155.43,271.52,24.36,104.0,00,0.0,4.0261,4.0247,4.0294,4.7,760FB817,737373727373727273737474737473737273727372727373,,,,,0,0,0,0,0,-39.56,0.01274,-0.00637,C9C8C9C9C9C9C9C9C9C9C9C9C9CACACACACACACACACACACACACA
2026-09-03T20:33:57.159383Z,1506.368,12.9V,,,81.953,155.43,271.52,24.36,104.0,00,0.0,4.0261,4.0247,4.0294,4.7,760FB417,737373727373727273737474737473737273727372727373,,,,,0,0,0,0,0,-39.56,0.01274,-0.00637,C9C8C9C9C9C9C9C9C9C9C9C9C9CACACACACACACACACACACACACA
2026-09-03T20:34:02.836784Z,1512.045,12.8V,,,81.953,155.43,271.52,24.36,104.0,00,0.0,4.0261,4.0247,4.0294,4.7,760FB417,737373727373727273737474737473737273727372727373,,,,,0,0,0,0,0,-39.56,0.01274,-0.00637,C9C8C9C9C9C9C9C9C9C9C9C9C9CACACACACACACACACACACACACA
2026-09-03T20:34:08.594491Z,1517.803,12.9V,,,81.953,155.43,271.52,24.36,104.0,00,0.0,4.0261,4.0247,4.0294,4.7,760FB817,737373727373727273737474737473737273727372727373,,,,,0,0,0,0,0,-39.56,0.01274,-0.00637,C9C8C9C9C9C9C9C9C9C9C9C9C9CACACACACACACACACACACACACA
2026-09-03T20:34:14.232859Z,1523.441,12.9V,,,81.953,155.43,271.52,24.36,104.0,00,0.0,4.0261,4.0247,4.0294,4.7,760FB417,737373727373727273737474737473737273727372727373,,,,,0,0,0,0,0,-39.56,0.01274,-0.00637,C9C8C9C9C9C9C9C9C9C9C9C9C9CACACACACACACACACACACACACA
2026-09-03T20:34:19.859320Z,1529.068,12.9V,,,81.953,155.43,271.52,24.36,104.0,00,0.0,4.0261,4.0247,4.0294,4.7,760FB417,737373727373727273737474737473737273727372727373,,,,,0,0,0,0,0,-39.56,0.01274,-0.00637,C9C8C9C9C9C9C9C9C9C9C9C9C9CACACACACACACACACACACACACA
2026-09-03T20:34:27.208251Z,1536.417,12.8V,,,81.953,155.43,271.52,24.36,104.0,00,0.0,4.0261,4.0247,4.0293,4.6,760FB317,737373727373727273737474737473737273727372727373,,,,,0,0,0,0,0,-39.56,0.01274,-0.00637,C9C8C9C9C9C9C9C9C9C9C9C9C9CACACACACACACACACACACACACA
2026-09-03T20:34:41.149343Z,1550.358,12.9V,,,81.953,155.43,271.52,24.36,104.0,00,0.0,4.0261,4.0247,4.0294,4.7,760FB817,737373727373727273737474737473737273727372727373,,,,,0,0,0,0,0,-39.56,0.01274,-0.00637,C9C8C9C9C9C9C9C9C9C9C9C9C9CACACACACACACACACACACACACA
2026-09-03T20:34:50.743267Z,1559.952,12.9V,,,81.953,155.43,271.52,24.36,104.0,00,0.0,4.0261,4.0247,4.0294,4.7,760FB417,737373727373727273737474737473737273727372727373,,,,,0,0,0,0,0,-39.56,0.01274,-0.00637,C9C8C9C9C9C9C9C9C9C9C9C9C9CACACACACACACACACACACACACA
2026-09-03T20:34:56.156597Z,1565.365,12.9V,,,81.953,155.43,271.52,24.36,104.0,00,0.0,4.0261,4.0248,4.0295,4.7,740FB817,737373727373727273737474737473737273727372727373,,,,,0,0,0,0,0,-39.56,0.01274,-0.00637,C9C8C9C9C9C9C9C9C9C9C9C9C9CACACACACACACACACACACACACA
2026-09-03T20:35:00.977645Z,1570.186,12.9V,,,81.953,155.43,271.52,24.36,104.0,00,0.0,4.0261,4.0247,4.0294,4.7,760FB417,737373727373727273737474737473737273727372727373,,,,,0,0,0,0,0,-39.56,0.01274,-0.00637,C9C8C9C9C9C9C9C9C9C9C9C9C9CACACACACACACACACACACACACA
2026-09-03T20:35:06.320112Z,1575.528,12.8V,,,81.953,155.43,271.52,24.36,104.0,00,0.0,4.0261,4.0248,4.0294,4.6,740FB317,737373727373727273737474737473737273727372727373,,,,,0,0,0,0,0,-39.56,0.01274,-0.00637,C9C8C9C9C9C9C9C9C9C9C9C9C9CACACACACACACACACACACACACA
2026-09-03T20:35:11.752579Z,1580.961,12.8V,,,81.953,155.43,271.52,24.36,104.0,00,0.0,4.0261,4.0247,4.0294,4.7,760FB317,737373727373727273737474737473737273727372727373,,,,,0,0,0,0,0,-39.56,0.01274,-0.00637,C9C8C9C9C9C9C9C9C9C9C9C9C9CACACACACACACACACACACACACA
2026-09-03T20:35:17.401871Z,1586.61,12.8V,,,81.953,155.43,271.52,24.36,104.0,00,0.0,4.0261,4.0248,4.0294,4.6,740FB317,737373727373727273737474737473737273727372727373,,,,,0,0,0,0,0,-39.56,0.01274,-0.00637,C9C8C9C9C9C9C9C9C9C9C9C9C9CACACACACACACACACACACACACA
2026-09-03T20:35:23.023308Z,1592.232,12.9V,,,81.953,155.43,271.52,24.36,104.0,00,0.0,4.0261,4.0248,4.0294,4.6,740FB817,737373727373727273737474737473737273727372727373,,,,,0,0,0,0,0,-39.56,0.01274,-0.00637,C9C8C9C9C9C9C9C9C9C9C9C9C9CACACACACACACACACACACACACA
2026-09-03T20:35:28.611706Z,1597.82,12.9V,,,81.953,155.43,271.52,24.36,104.0,00,0.0,4.0261,4.0247,4.0294,4.7,760FB417,737373727373727273737474737473737273727372727373,,,,,0,0,0,0,0,-39.56,0.01274,-0.00637,C9C8C9C9C9C9C9C9C9C9C9C9C9CACACACACACACACACACACACACA
2026-09-03T20:35:34.145642Z,1603.354,12.9V,,,81.953,155.43,271.52,24.36,104.0,00,0.0,4.0261,4.0248,4.0294,4.6,740FB417,737373727373727273737474737473737273727372727373,,,,,0,0,0,0,0,-39.56,0.01274,-0.00637,C9C8C9C9C9C9C9C9C9C9C9C9C9CACACACACACACACACACACACACA
2026-09-03T20:35:39.584364Z,1608.793,12.8V,,,81.953,155.43,271.52,24.36,104.0,00,0.0,4.0261,4.0247,4.0294,4.7,740FB417,737373727373727273737474737473737273727372727373,,,,,0,0,0,0,0,-39.56,0.01274,-0.00637,C9C8C9C9C9C9C9C9C9C9C9C9C9CACACACACACACACACACACACACA
2026-09-03T20:35:45.629269Z,1614.838,12.8V,,,81.953,155.43,271.52,24.36,104.0,00,0.0,4.0261,4.0247,4.0294,4.7,760FB417,737373727373727273737474737473737273727372727373,,,,,0,0,0,0,0,-39.56,0.01274,-0.00637,C9C8C9C9C9C9C9C9C9C9C9C9C9CACACACACACACACACACACACACA
2026-09-03T20:35:51.147285Z,1620.356,12.8V,,,81.953,155.43,271.52,24.36,104.0,00,0.0,4.0261,4.0247,4.0295,4.8,760FB417,737373727373727273737474737473737273727372727373,,,,,0,0,0,0,0,-39.56,0.01274,-0.00637,C9C8C9C9C9C9C9C9C9C9C9C9C9CACACACACACACACACACACACACA
2026-09-03T20:35:56.744023Z,1625.952,12.8V,,,81.953,155.43,271.52,24.36,104.0,00,0.0,4.0261,4.0248,4.0294,4.6,740FB417,737373727373737273737474737473737273727372727373,,,,,0,0,0,0,0,-39.56,0.01274,-0.00637,C9C8C9C9C9C9C9C9C9C9C9C9C9CACACACACACACACACACACACACA
2026-09-03T20:36:08.996255Z,1638.205,12.8V,,,81.953,155.43,271.52,24.36,104.0,00,0.0,4.0261,4.0247,4.0294,4.7,760FB417,737373727373737273737474737473737273727372727373,,,,,0,0,0,0,0,-39.56,0.01274,-0.00637,C9C8C9C9C9C9C9C9C9C9C9C9C9CACACACACACACACACACACACACA
2026-09-03T20:36:19.623524Z,1648.832,12.8V,,,81.953,155.43,271.52,24.36,104.0,00,0.0,4.0262,4.0248,4.0294,4.6,740FB417,737373727373737273737474737473737273727372727373,,,,,0,0,0,0,0,-39.56,0.01274,-0.00637,C9C8C9C9C9C9C9C9C9C9C9C9C9CACACACACACACACACACACACACA
2026-09-03T20:36:26.154818Z,1655.363,12.8V,,,81.953,155.43,271.52,24.36,104.0,00,0.0,4.0261,4.0247,4.0294,4.7,760FB417,737373727373737273737474737473737273727372727373,,,,,0,0,0,0,0,-39.56,0.01274,-0.00637,C9C8C9C9C9C9C9C9C9C9C9C9C9CACACACACACACACACACACACACA
2026-09-03T20:36:31.844946Z,1661.053,12.8V,,,81.953,155.43,271.52,24.36,104.0,00,0.0,4.0261,4.0247,4.0294,4.7,760FB417,737373737373737273737474747473737273727372727373,,,,,0,0,0,0,0,-39.56,0.01274,-0.00637,C9C8C9C9C9C9C9C9C9C9C9C9C9CACACACACACACACACACACACACA
2026-09-03T20:36:37.495525Z,1666.704,12.8V,,,81.953,155.43,271.52,24.36,104.0,00,0.0,4.0261,4.0248,4.0294,4.6,740FB317,737373727373737273737474747473737273727372727373,,,,,0,0,0,0,0,-39.56,0.01274,-0.00637,C9C8C9C9C9C9C9C9C9C9C9C9C9CACACACACACACACACACACACACA
2026-09-03T20:36:43.098185Z,1672.307,12.8V,,,81.953,155.43,271.52,24.36,104.0,00,0.0,4.0261,4.0248,4.0294,4.6,740FB817,737373727373737273737474747473737273727372727373,,,,,0,0,0,0,0,-39.56,0.01274,-0.00637,C9C8C9C9C9C9C9C9C9C9C9C9C9CACACACACACACACACACACACACA
2026-09-03T20:36:48.514142Z,1677.722,12.8V,,,81.953,155.43,271.52,24.36,104.0,00,0.0,4.0262,4.0248,4.0294,4.6,740FB317,737373727373737273737474747473737273727372727373,,,,,0,0,0,0,0,-39.56,0.01274,-0.00637,C9C8C9C9C9C9C9C9C9C9C9C9C9CACACACACACACACACACACACACA
2026-09-03T20:36:53.944694Z,1683.153,12.8V,,,81.953,155.43,271.52,24.36,104.0,00,0.0,4.0262,4.0248,4.0294,4.6,740FB317,737373737373737273737474747473737273727372727373,,,,,0,0,0,0,0,-39.56,0.01274,-0.00637,C9C8C9C9C9C9C9C9C9C9C9C9C9CACACACACACACACACACACACACA
2026-09-03T20:36:59.270431Z,1688.479,12.8V,,,81.953,155.43,271.52,24.36,104.0,00,0.0,4.0261,4.0247,4.0294,4.7,760FB317,737373737373737273737474747473737273727372727373,,,,,0,0,0,0,0,-39.56,0.01274,-0.00637,C9C8C9C9C9C9C9C9C9C9C9C9C9CACACACACACACACACACACACACA
2026-09-03T20:37:04.648207Z,1693.857,12.8V,,,81.953,155.43,271.52,24.36,104.0,00,0.0,4.0261,4.0248,4.0294,4.6,740FB417,737373737373737273737474747473737273727372727373,,,,,0,0,0,0,0,-39.56,0.01274,-0.00637,C9C8C9C9C9C9C9C9C9C9C9C9C9CACACACACACACACACACACACACA
2026-09-03T20:37:10.234240Z,1699.443,12.8V,,,81.953,155.43,271.52,24.36,104.0,00,0.0,4.0262,4.0248,4.0294,4.6,740FB317,737373737373737273737474747473737273727372727373,,,,,0,0,0,0,0,-39.56,0.01274,-0.00637,C9C8C9C9C9C9C9C9C9C9C9C9C9CACACACACACACACACACACACACA
2026-09-03T20:37:15.852122Z,1705.06,12.8V,,,81.953,155.43,271.52,24.36,104.0,00,0.0,4.0262,4.0248,4.0294,4.6,760FB417,737373737373737273737474747473737273727372727373,,,,,0,0,0,0,0,-39.56,0.01274,-0.00637,C9C8C9C9C9C9C9C9C9C9C9C9C9CACACACACACACACACACACACACA
2026-09-03T20:37:21.385048Z,1710.594,12.8V,,,81.953,155.43,271.52,24.36,104.0,00,0.0,4.0262,4.0248,4.0294,4.6,740FB417,737373737373737273737474747473737273727372727373,,,,,0,0,0,0,0,-39.56,0.01274,-0.00637,C9C8C9C9C9C9C9C9C9C9C9C9C9CACACACACACACACACACACACACA
2026-09-03T20:37:26.793018Z,1716.001,12.8V,,,81.953,155.43,271.52,24.36,104.0,00,0.0,4.0262,4.0248,4.0294,4.6,740FB817,737373737373737273737474747473737273727372727373,,,,,0,0,0,0,0,-39.56,0.01274,-0.00637,C9C8C9C9C9C9C9C9C9C9C9C9C9CACACACACACACACACACACACACA
2026-09-03T20:37:32.145702Z,1721.354,12.8V,,,81.953,155.43,271.52,24.36,104.0,00,0.0,4.0261,4.0247,4.0294,4.7,760FB817,737373737373737373737474747473737273727372727373,,,,,0,0,0,0,0,,0.01274,-0.00637,C9C8C9C9C9C9C9C9C9C9C9C9C9CACACACACACACACACACACACACA
2026-09-03T20:37:42.952068Z,1732.16,12.8V,,,81.953,155.43,271.52,24.36,104.0,00,0.0,4.0262,4.0247,4.0294,4.7,760FB317,737373737373737373737474747473737273727372727373,,,,,0,0,0,0,0,-39.56,0.01274,-0.00637,C9C8C9C9C9C9C9C9C9C9C9C9C9CACACACACACACACACACACACACA
2026-09-03T20:37:55.799887Z,1745.008,12.8V,,,81.953,155.44,271.52,24.36,104.0,00,0.64,4.0262,4.0248,4.0294,4.6,740FB317,737373737373737373737474747473737273727372727373,,,,,0,0,0,0,0,-39.56,0.01274,-0.00637,C9C8C9C9C9C9C9C9C9C9C9C9C9CACACACACACACACACACACACACA
2026-09-03T20:38:02.967677Z,1752.176,12.8V,,,81.953,155.44,271.52,24.36,104.0,00,0.62,4.0262,4.0247,4.0294,4.7,760FB317,737373737373737373737474747473737273727372727373,,,,,0,0,0,0,0,-39.56,0.01274,-0.00637,C9C8C9C9C9C9C9C9C9C9C9C9C9CACACACACACACACACACACACACA
2026-09-03T20:38:09.051583Z,1758.26,12.8V,,,81.953,155.44,271.52,24.36,104.0,00,0.61,4.0262,4.0248,4.0294,4.6,740FB317,737373737373737373737474747473737273727372727373,,,,,0,0,0,0,0,-39.56,0.01274,-0.00637,C9C8C9C9C9C9C9C9C9C9C9C9C9CACACACACACACACACACACACACA
2026-09-03T20:38:14.438485Z,1763.647,12.8V,,,81.953,155.44,271.52,24.36,104.0,00,0.61,4.0262,4.0248,4.0294,4.6,740FB417,737373737373737373737474747473737273727372727373,,,,,0,0,0,0,0,-39.56,0.01274,-0.00637,C9C8C9C9C9C9C9C9C9C9C9C9C9CACACACACACACACACACACACACA
2026-09-03T20:38:19.735680Z,1768.944,12.8V,,,81.953,155.44,271.52,24.36,104.0,00,0.62,4.0262,4.0247,4.0294,4.7,760FB717,737373737373737373737474747473737273727372727373,,,,,0,0,0,0,0,-39.56,0.01274,-0.00637,C9C8C9C9C9C9C9C9C9C9C9C9C9CACACACACACACACACACACACACA
2026-09-03T20:38:25.264972Z,1774.473,12.8V,,,81.953,155.44,271.52,24.36,104.0,00,0.62,4.0262,4.0248,4.0295,4.7,760FB817,737373737373737373737474747473737273727372727373,,,,,0,0,0,0,0,-39.56,0.01274,-0.00637,C9C8C9C9C9C9C9C9C9C9C9C9C9CACACACACACACACACACACACACA
2026-09-03T20:38:31.393037Z,1780.602,12.8V,,,81.953,155.44,271.52,24.36,104.0,00,0.61,4.0262,4.0248,4.0295,4.7,740FB817,737373737373737373737474747473737273727372727373,,,,,0,0,0,0,0,-39.56,0.01274,-0.00637,C9C8C9C9C9C9C9C9C9C9C9C9C9CACACACACACACACACACACACACA
2026-09-03T20:38:37.073861Z,1786.282,12.8V,,,81.953,155.44,271.52,24.36,105.8,00,0.67,4.0262,4.0248,4.0294,4.6,760FB317,737373737373737373737474747473737273727372727373,,,,,0,0,0,0,0,-39.56,0.01274,-0.00637,C9C8C9C9C9C9C9C9C9C9C9C9C9CACACACACACACACACACACACACA
2026-09-03T20:38:43.053840Z,1792.262,12.8V,,,81.953,155.44,271.52,24.36,105.8,00,0.0,4.0262,4.0248,4.0294,4.6,760FB317,737373737373737373737474747473737273727372727373,,,,,0,0,0,0,0,-39.56,0.01274,-0.00637,C9C8C9C9C9C9C9C9C9C9C9C9C9CACACACACACACACACACACACACA
2026-09-03T20:38:48.563709Z,1797.772,12.8V,,,81.953,155.44,271.52,24.36,105.8,00,0.0,4.0262,4.0248,4.0295,4.7,740FB817,737373737373737373737474747473737273727372727373,,,,,0,0,0,0,0,-39.56,0.01274,-0.00637,C9C8C9C9C9C9C9C9C9C9C9C9C9CACACACACACACACACACACACACA
2026-09-03T20:38:53.925571Z,1803.134,12.8V,,,,,271.52,24.36,105.8,00,,4.0262,4.0248,4.0294,4.6,740FB317,737373737373737373737474747473737273727372727373,,,,,0,0,0,0,0,-39.56,0.01274,-0.00637,C9C8C9C9C9C9C9C9C9C9C9C9C9CACACACACACACACACACACACACA
2026-09-03T20:39:05.424372Z,1814.633,12.8V,,,81.953,155.44,271.52,24.36,105.8,00,0.0,4.0262,4.0248,4.0295,4.7,740FB817,737373737373737373737474747473737273727372727373,,,,,0,0,0,0,0,-39.56,0.01274,-0.00637,C9C8C9C9C9C9C9C9C9C9C9C9C9CACACACACACACACACACACACACA
2026-09-03T20:39:18.143306Z,1827.352,12.8V,,,81.953,155.44,271.52,24.36,105.8,00,0.0,4.0262,4.0248,4.0294,4.6,740FB317,737373737373737373737474747473737273727372727373,,,,,0,0,0,0,0,-39.56,0.01274,-0.00637,C9C8C9C9C9C9C9C9C9C9C9C9C9CACACACACACACACACACACACACA
2026-09-03T20:39:25.255711Z,1834.464,12.8V,,,81.953,155.44,271.52,24.36,105.8,00,0.0,4.0262,4.0248,4.0294,4.6,760FB317,737373737373737373737474747473737273727372727373,,,,,0,0,0,0,0,-39.56,0.01274,-0.00637,C9C8C9C9C9C9C9C9C9C9C9C9C9CACACACACACACACACACACACACA
2026-09-03T20:39:31.690667Z,1840.899,12.8V,,,81.953,155.44,271.52,24.36,105.8,00,0.0,4.0262,4.0247,4.0294,4.7,760FB317,737373737373737373737474747473737273727372727373,,,,,0,0,0,0,0,-39.56,0.01274,-0.00637,C9C8C9C9C9C9C9C9C9C9C9C9C9CACACACACACACACACACACACACA
2026-09-03T20:39:37.364527Z,1846.573,12.8V,,,81.953,155.44,271.52,24.36,105.8,00,0.0,4.0262,4.0248,4.0294,4.6,740FB317,737373737373737373737474747473737273727372727373,,,,,0,0,0,0,0,-39.56,0.01274,-0.00637,C9C8C9C9C9C9C9C9C9C9C9C9C9CACACACACACACACACACACACACA
2026-09-03T20:39:42.754334Z,1851.963,12.8V,,,81.953,155.44,271.52,24.36,105.8,00,0.0,4.0262,4.0248,4.0295,4.7,740FB417,737373737373737373737474747473737273727372727373,,,,,0,0,0,0,0,-39.56,0.01274,-0.00637,C9C8C9C9C9C9C9C9C9C9C9C9C9CACACACACACACACACACACACACA
2026-09-03T20:39:48.100957Z,1857.309,12.8V,,,81.953,155.44,271.52,24.36,105.8,00,0.0,4.0262,4.0248,4.0295,4.7,760FB417,737373737373737373737474747473737273727372727373,,,,,0,0,0,0,0,-39.56,0.01274,-0.00637,C9C8C9C9C9C9C9C9C9C9C9C9C9CACACACACACACACACACACACACA
2026-09-03T20:39:53.605869Z,1862.814,12.8V,,,81.953,155.44,271.52,24.36,105.8,00,0.0,4.0262,4.0248,4.0294,4.6,740FB317,737373737373737373737474747473737273727372727373,,,,,0,0,0,0,0,-39.56,0.01274,-0.00637,C9C8C9C9C9C9C9C9C9C9C9C9C9CACACACACACACACACACACACACA
2026-09-03T20:39:59.058181Z,1868.267,12.8V,,,81.953,155.44,271.52,24.36,105.8,00,0.0,4.0262,4.0248,4.0294,4.6,760FB317,737373737373737373737474747473737273727372727373,,,,,0,0,0,0,0,-39.56,0.01274,-0.00637,C9C8C9C9C9C9C9C9C9C9C9C9C9CACACACACACACACACACACACACA
2026-09-03T20:40:04.396270Z,1873.605,12.8V,,,81.953,155.44,271.52,24.36,105.8,00,0.0,4.0262,4.0248,4.0294,4.6,740FB317,737373737373737373737474747473737273727372727373,,,,,0,0,0,0,0,-39.56,0.01274,-0.00637,C9C8C9C9C9C9C9C9C9C9C9C9C9CACACACACACACACACACACACACA
2026-09-03T20:40:09.749122Z,1878.958,12.8V,,,81.953,155.44,271.52,24.36,105.8,00,0.0,4.0262,4.0248,4.0294,4.6,740FB317,737373737373737373737474747473737273727372727373,,,,,0,0,0,0,0,-39.56,0.01274,-0.00637,C9C8C9C9C9C9C9C9C9C9C9C9C9CACACACACACACACACACACACACA
2026-09-03T20:40:14.506221Z,1883.715,12.8V,,,81.953,155.44,271.52,24.36,105.8,00,0.0,4.0262,4.0248,4.0295,4.7,740FB817,737373737373737373737474747473737273727372727373,,,,,0,0,0,0,0,-39.56,0.01274,-0.00637,C9C8C9C9C9C9C9C9C9C9C9C9C9CACACACACACACACACACACACACA
2026-09-03T20:40:19.965186Z,1889.174,12.8V,,,81.953,155.44,271.52,24.36,105.8,00,0.0,4.0262,4.0248,4.0295,4.7,760FB817,737373737373737373737474747473737273727372727373,,,,,0,0,0,0,0,-39.56,0.01274,-0.00637,C9C8C9C9C9C9C9C9C9C9C9C9C9CACACACACACACACACACACACACA
2026-09-03T20:40:25.683773Z,1894.892,12.8V,,,81.953,155.44,271.52,24.36,105.8,00,0.0,4.0262,4.0248,4.0294,4.6,760FB317,737373737373737373737474747473737273727372727373,,,,,0,0,0,0,0,-39.56,0.01274,-0.00637,C9C8C9C9C9C9C9C9C9C9C9C9C9CACACACACACACACACACACACACA
2026-09-03T20:40:36.809132Z,1906.017,12.8V,,,81.953,155.43,271.52,24.36,105.8,00,-0.61,4.0262,4.0248,4.0294,4.6,740FB417,737373737373737373737474747473737273727372727373,,,,,0,0,0,0,0,-39.56,0.01274,-0.00637,C9C8C9C9C9C9C9C9C9C9C9C9C9CACACACACACACACACACACACACA
2026-09-03T20:40:47.750949Z,1916.959,12.8V,,,81.953,155.43,271.52,24.36,105.8,00,-0.6,4.0262,4.0248,4.0294,4.6,740FB317,737373737373737373737474747473737273727372727373,,,,,0,0,0,0,0,-39.56,0.01274,-0.00637,C9C8C9C9C9C9C9C9C9C9C9C9C9CACACACACACACACACACACACACA
2026-09-03T20:40:54.630576Z,1923.839,12.8V,,,81.953,155.43,271.52,24.36,105.8,00,-0.65,4.0262,4.0248,4.0294,4.6,740FB317,737373737373737373737474747473737273737372727373,,,,,0,0,0,0,0,-39.56,0.01274,-0.00637,C9C8C9C9C9C9C9C9C9C9C9C9C9CACACACACACACACACACACACACA
2026-09-03T20:41:00.390794Z,1929.599,12.8V,,,81.953,155.43,271.52,24.36,105.8,00,-0.64,4.0262,4.0248,4.0295,4.7,760FB817,737373737373737373737474747473737273737372727373,,,,,0,0,0,0,0,-39.56,0.01274,-0.00637,C9C8C9C9C9C9C9C9C9C9C9C9C9CACACACACACACACACACACACACA
2026-09-03T20:41:06.026608Z,1935.235,12.8V,,,81.953,155.43,271.52,24.36,105.8,00,-0.64,4.0262,4.0248,4.0294,4.6,740FB317,737373737373737373737474747473737273737372727373,,,,,0,0,0,0,0,-39.56,0.01274,-0.00637,C9C8C9C9C9C9C9C9C9C9C9C9C9CACACACACACACACACACACACACA
2026-09-03T20:41:11.594540Z,1940.803,12.8V,,,81.953,155.43,271.52,24.36,105.8,00,-0.63,4.0262,4.0248,4.0294,4.6,760FB317,737373737373737373737474747473737273737372727373,,,,,0,0,0,0,0,-39.56,0.01274,-0.00637,C9C8C9C9C9C9C9C9C9C9C9C9C9CACACACACACACACACACACACACA
2026-09-03T20:41:17.892576Z,1947.101,12.8V,,,81.953,155.43,271.52,24.36,105.8,00,-0.62,4.0262,4.0248,4.0294,4.6,760FB417,737373737373737373737474747473737273737372727373,,,,,0,0,0,0,0,-39.56,0.01274,-0.00637,C9C8C9C9C9C9C9C9C9C9C9C9C9CACACACACACACACACACACACACA
2026-09-03T20:41:23.709457Z,1952.918,12.8V,,,81.953,155.43,271.52,24.36,105.8,00,-0.62,4.0262,4.0248,4.0295,4.7,740FB417,737373737373737373737474747473737273737372727373,,,,,0,0,0,0,0,-39.56,0.01274,-0.00637,C9C8C9C9C9C9C9C9C9C9C9C9C9CACACACACACACACACACACACACA
2026-09-03T20:41:29.059293Z,1958.268,12.8V,,,81.953,155.43,271.52,24.36,105.8,00,0.0,4.0262,4.0248,4.0295,4.7,740FB817,737373737373737373737474747473737273737372727373,,,,,0,0,0,0,0,-39.56,0.01274,-0.00637,C9C8C9C9C9C9C9C9C9C9C9C9C9CACACACACACACACACACACACACA
2026-09-03T20:41:34.472715Z,1963.681,12.8V,,,81.953,155.43,271.52,24.36,105.8,00,0.0,4.0262,4.0248,4.0295,4.7,740FB417,737373737373737373737474747473737273737372727373,,,,,0,0,0,0,0,-39.56,0.01274,-0.00637,C9C8C9C9C9C9C9C9C9C9C9C9C9CACACACACACACACACACACACACA
2026-09-03T20:41:40.014081Z,1969.222,12.8V,,,81.953,155.43,271.52,24.36,105.8,00,0.0,4.0262,4.0248,4.0294,4.6,760FB417,737373737373737373737474747473737273737372727373,,,,,0,0,0,0,0,-39.56,0.01274,-0.00637,C9C8C9C9C9C9C9C9C9C9C9C9C9CACACACACACACACACACACACACA
2026-09-03T20:41:50.066642Z,1979.275,12.8V,,,81.953,155.43,271.52,24.36,105.8,00,0.0,4.0262,4.0248,4.0295,4.7,760FB817,737373737373737373737474747473737273737372727373,,,,,0,0,0,0,0,-39.56,0.01274,-0.00637,C9C8C9C9C9C9C9C9C9C9C9C9C9CACACACACACACACACACACACACA
2026-09-03T20:42:00.944737Z,1990.153,12.8V,,,81.953,155.43,271.52,24.36,105.8,00,0.0,4.0262,4.0248,4.0294,4.6,760FB417,737373737373737373737474747473737273737372727373,,,,,0,0,0,0,0,-39.56,0.01274,-0.00637,C9C8C9C9C9C9C9C9C9C9C9C9C9CACACACACACACACACACACACACA
2026-09-03T20:42:08.921768Z,1998.13,12.8V,,,81.953,155.43,271.52,24.36,105.8,00,0.0,4.0262,4.0248,4.0295,4.7,760FB817,737373737373737373737474747473737273737372727373,,,,,0,0,0,0,0,-39.56,0.01274,-0.00637,C9C8C9C9C9C9C9C9C9C9C9C9C9CACACACACACACACACACACACACA
2026-09-03T20:42:14.253915Z,2003.462,12.8V,,,81.953,155.43,271.52,24.36,105.8,00,0.0,4.0262,4.0248,4.0295,4.7,760FB817,737373737373737373737474747473737273737372727373,,,,,0,0,0,0,0,-39.56,0.01274,-0.00637,C9C8C9C9C9C9C9C9C9C9C9C9C9CACACACACACACACACACACACACA
2026-09-03T20:42:19.709219Z,2008.918,12.8V,,,81.953,155.43,271.52,24.36,105.8,00,0.0,4.0262,4.0248,4.0295,4.7,760FB817,737373737373737373737474747473737273737372727373,,,,,0,0,0,0,0,-39.56,0.01274,-0.00637,C9C8C9C9C9C9C9C9C9C9C9C9C9CACACACACACACACACACACACACA
2026-09-03T20:42:25.037350Z,2014.246,12.8V,,,81.953,155.43,271.52,24.36,105.8,00,0.0,4.0262,4.0248,4.0294,4.6,740FB317,737373737373737373737474747473737273737372727373,,,,,0,0,0,0,0,-39.56,0.01274,-0.00637,C9C8C9C9C9C9C9C9C9C9C9C9C9CACACACACACACACACACACACACA
2026-09-03T20:42:30.416560Z,2019.625,12.8V,,,81.953,155.43,271.52,24.36,105.8,00,0.0,4.0262,4.0248,4.0295,4.7,740FB417,737373737373737373737474747473737273737372727373,,,,,0,0,0,0,0,-39.56,0.01274,-0.00637,C9C8C9C9C9C9C9C9C9C9C9C9C9CACACACACACACACACACACACACA
2026-09-03T20:42:36.048158Z,2025.257,12.8V,,,81.953,155.43,271.52,24.36,105.8,00,0.0,4.0262,4.0248,4.0295,4.7,760FB817,737373737373737373737474747473737273737372727373,,,,,0,0,0,0,0,-39.56,0.01274,-0.00637,C9C8C9C9C9C9C9C9C9C9C9C9C9CACACACACACACACACACACACACA
2026-09-03T20:42:42.274674Z,2031.483,12.8V,,,81.953,155.43,271.52,24.36,105.8,00,0.0,4.0262,4.0248,4.0295,4.7,760FB817,737373737373737373737474747473737273737372727373,,,,,0,0,0,0,0,-39.56,0.01274,-0.00637,C9C8C9C9C9C9C9C9C9C9C9C9C9CACACACACACACACACACACACACA
2026-09-03T20:42:47.610428Z,2036.819,12.8V,,,81.953,155.43,271.52,24.36,105.8,00,0.0,4.0262,4.0248,4.0295,4.7,740FB817,737373737373737373737474747473737273737372727373,,,,,0,0,0,0,0,-39.56,0.01274,-0.00637,C9C8C9C9C9C9C9C9C9C9C9C9C9CACACACACACACACACACACACACA
2026-09-03T20:42:52.352412Z,2041.561,12.8V,,,81.953,155.43,271.52,24.36,105.8,00,0.0,4.0262,4.0248,4.0295,4.7,760FB417,737473737373737373737474747473737273737372727373,,,,,0,0,0,0,0,-39.56,0.01274,-0.00637,C9C8C9C9C9C9C9C9C9C9C9C9C9CACACACACACACACACACACACACA
2026-09-03T20:42:57.706039Z,2046.914,12.8V,,,81.953,155.43,271.52,24.36,105.8,00,0.0,4.0262,4.0248,4.0295,4.7,760FB317,737473737373737373737474747473737273737372727373,,,,,0,0,0,0,0,-39.56,0.01274,-0.00637,C9C8C9C9C9C9C9C9C9C9C9C9C9CACACACACACACACACACACACACA
2026-09-03T20:43:07.543072Z,2056.751,12.8V,,,81.953,155.43,271.52,24.36,105.8,00,0.0,4.0262,4.0248,4.0294,4.6,740FB317,737473737373737373737474747473737273737372727373,,,,,0,0,0,0,0,-39.56,0.01274,-0.00637,C9C8C9C9C9C9C9C9C9C9C9C9C9CACACACACACACACACACACACACA
2026-09-03T20:43:19.901490Z,2069.11,12.8V,,,81.953,155.43,271.52,24.36,105.8,00,0.0,4.0262,4.0248,4.0295,4.7,740FB817,737473737373737373737474747473737273737372727373,,,,,0,0,0,0,0,-39.56,0.01274,-0.00637,C9C8C9C9C9C9C9C9C9C9C9C9C9CACACACACACACACACACACACACA
2026-09-03T20:43:27.956407Z,2077.165,12.8V,,,81.953,155.43,271.52,24.36,105.8,00,0.0,4.0262,4.0249,4.0295,4.6,740FB417,737473737373737373737474747473737273737372727373,,,,,0,0,0,0,0,-39.56,0.01274,-0.00637,C9C8C9C9C9C9C9C9C9C9C9C9C9CACACACACACACACACACACACACA
2026-09-03T20:43:33.305047Z,2082.513,12.8V,,,81.953,155.43,271.52,24.36,105.8,00,0.0,4.0262,4.0248,4.0295,4.7,740FB817,737473737373737373737474747473737273737372727373,,,,,0,0,0,0,0,-39.56,0.01274,-0.00637,C9C8C9C9C9C9C9C9C9C9C9C9C9CACACACACACACACACACACACACA
2026-09-03T20:43:38.773656Z,2087.982,12.8V,,,81.953,155.43,271.52,24.36,105.8,00,0.0,4.0262,4.0248,4.0295,4.7,760FB817,737473737373737373737474747473737273737372727373,,,,,0,0,0,0,0,-39.56,0.01274,-0.00637,C9C8C9C9C9C9C9C9C9C9C9C9C9CACACACACACACACACACACACACA
2026-09-03T20:43:44.088539Z,2093.297,12.8V,,,81.953,155.43,271.52,24.36,105.8,00,0.0,4.0262,4.0249,4.0295,4.6,740FB817,737473737373737373737474747473737273737372727373,,,,,0,0,0,0,0,-39.56,0.01274,-0.00637,C9C8C9C9C9C9C9C9C9C9C9C9C9CACACACACACACACACACACACACA
2026-09-03T20:43:49.515573Z,2098.724,12.8V,,,81.953,155.43,271.52,24.36,105.8,00,0.0,4.0262,4.0248,4.0295,4.7,760FB417,737473737373737373737474747473737273737372727373,,,,,0,0,0,0,0,-39.56,0.01274,-0.00637,C9C8C9C9C9C9C9C9C9C9C9C9C9CACACACACACACACACACACACACA
2026-09-03T20:43:54.868197Z,2104.077,12.8V,,,81.953,155.43,271.52,24.36,105.8,00,0.0,4.0262,4.0248,4.0295,4.7,760FB817,737473737373737373737474747473737273737372727373,,,,,0,0,0,0,0,-39.56,0.01274,-0.00637,C9C8C9C9C9C9C9C9C9C9C9C9C9CACACACACACACACACACACACACA
2026-09-03T20:44:00.255417Z,2109.464,12.8V,,,81.953,155.43,271.52,24.36,105.8,00,0.0,4.0262,4.0248,4.0295,4.7,760FB417,737473737373737373737474747473737273737372727373,,,,,0,0,0,0,0,-39.56,0.01274,-0.00637,C9C8C9C9C9C9C9C9C9C9C9C9C9CACACACACACACACACACACACACA
2026-09-03T20:44:05.709046Z,2114.917,12.8V,,,81.953,155.43,271.52,24.36,105.8,00,0.0,4.0262,4.0248,4.0295,4.7,740FB417,737473737373737373737474747473737273737372727373,,,,,0,0,0,0,0,-39.56,0.01274,-0.00637,C9C8C9C9C9C9C9C9C9C9C9C9C9CACACACACACACACACACACACACA
2026-09-03T20:44:10.598779Z,2119.807,12.8V,,,81.953,155.43,271.52,24.36,105.8,00,0.0,4.0262,4.0248,4.0295,4.7,760FB817,737473737373737373737474747473737273737372727373,,,,,0,0,0,0,0,-39.56,0.01274,-0.00637,C9C8C9C9C9C9C9C9C9C9C9C9C9CACACACACACACACACACACACACA
2026-09-03T20:44:16.125775Z,2125.334,12.8V,,,81.953,155.43,271.52,24.36,105.8,00,0.0,4.0262,4.0248,4.0295,4.7,760FB317,737473737373737373737474747473737273737372727373,,,,,0,0,0,0,0,-39.56,0.01274,-0.00637,C9C8C9C9C9C9C9C9C9C9C9C9C9CACACACACACACACACACACACACA
2026-09-03T20:44:27.854630Z,2137.063,12.8V,,,81.953,155.43,271.52,24.36,105.8,00,0.0,4.0262,4.0248,4.0295,4.7,760FB417,737473737373737373737474747473737273737372727373,,,,,0,0,0,0,0,-39.56,0.01274,-0.00637,C9C8C9C9C9C9C9C9C9C9C9C9C9CACACACACACACACACACACACACA
2026-09-03T20:44:38.815205Z,2148.024,12.8V,,,81.953,155.43,271.52,24.36,105.8,00,0.0,4.0262,4.0248,4.0295,4.7,760FB817,737473737373737373737474747473737273737372727373,,,,,0,0,0,0,0,-39.56,0.01274,-0.00637,C9C8C9C9C9C9C9C9C9C9C9C9C9CACACACACACACACACACACACACA
2026-09-03T20:44:45.729919Z,2154.938,12.8V,,,81.953,155.43,271.52,24.36,105.8,00,0.0,4.0262,4.0248,4.0296,4.8,740FB817,737473737373737373737474747473737273737372727373,,,,,0,0,0,0,0,-39.56,0.01274,-0.00637,C9C8C9C9C9C9C9C9C9C9C9C9C9CACACACACACACACACACACACACA
2026-09-03T20:44:51.081870Z,2160.29,12.8V,,,81.953,155.43,271.52,24.36,105.8,00,0.0,4.0262,4.0248,4.0295,4.7,760FB817,737473737373737373737474747473737273737372727373,,,,,0,0,0,0,0,-39.56,0.01274,-0.00637,C9C8C9C9C9C9C9C9C9C9C9C9C9CACACACACACACACACACACACACA
2026-09-03T20:44:56.413975Z,2165.622,12.8V,,,81.953,155.43,271.52,24.36,105.8,00,0.0,4.0262,4.0248,4.0295,4.7,760FB417,737473737373737373737474747473737273737372727373,,,,,0,0,0,0,0,-39.56,0.01274,-0.00637,C9C8C9C9C9C9C9C9C9C9C9C9C9CACACACACACACACACACACACACA
2026-09-03T20:45:02.059386Z,2171.268,12.8V,,,81.953,155.43,271.52,24.36,105.8,00,0.0,4.0262,4.0249,4.0295,4.6,740FB417,737473737373737373737474747473737273737372727373,,,,,0,0,0,0,0,-39.56,0.01274,-0.00637,C9C8C9C9C9C9C9C9C9C9C9C9C9CACACACACACACACACACACACACA
2026-09-03T20:45:07.430933Z,2176.639,12.8V,,,81.953,155.43,271.52,24.36,105.8,00,0.0,4.0262,4.0248,4.0295,4.7,760FB817,737473737373737373737474747473737273737372727373,,,,,0,0,0,0,0,-39.56,0.01274,-0.00637,C9C8C9C9C9C9C9C9C9C9C9C9C9CACACACACACACACACACACACACA
2026-09-03T20:45:12.783873Z,2181.992,12.8V,,,81.953,155.43,271.52,24.36,105.8,00,0.0,4.0262,4.0248,4.0295,4.7,760FB417,737473737373737373737474747473737273737372727373,,,,,0,0,0,0,0,-39.56,0.01274,-0.00637,C9C8C9C9C9C9C9C9C9C9C9C9C9CACACACACACACACACACACACACA
2026-09-03T20:45:18.127675Z,2187.336,12.8V,,,81.953,155.43,271.52,24.36,105.8,00,0.0,4.0262,4.0248,4.0295,4.7,760FB417,737473737373737373737474747473737273737372727373,,,,,0,0,0,0,0,-39.56,0.01274,-0.00637,C9C8C9C9C9C9C9C9C9C9C9C9C9CACACACACACACACACACACACACA
2026-09-03T20:45:23.507281Z,2192.716,12.8V,,,81.953,155.43,271.52,24.36,105.8,00,0.0,4.0262,4.0248,4.0295,4.7,760FB817,737473737373737373737474747473737273737372727373,,,,,0,0,0,0,0,-39.56,0.01274,-0.00637,C9C8C9C9C9C9C9C9C9C9C9C9C9CACACACACACACACACACACACACA
2026-09-03T20:45:28.870136Z,2198.078,12.8V,,,,,271.52,24.36,105.8,00,,4.0262,4.0249,4.0295,4.6,740FB417,737473737373737373737474747473737273737372727373,,,,,0,0,0,0,0,-39.56,0.01274,-0.00637,C9C8C9C9C9C9C9C9C9C9C9C9C9CACACACACACACACACACACACACA
2026-09-03T20:45:39.591388Z,2208.8,12.8V,,,81.953,155.43,271.52,24.36,105.8,00,0.0,4.0262,4.0249,4.0295,4.6,760FB417,737473737373737373737474747473737273737372727373,,,,,0,0,0,0,0,-39.56,0.01274,-0.00637,C9C8C9C9C9C9C9C9C9C9C9C9C9CACACACACACACACACACACACACA
2026-09-03T20:45:50.880787Z,2220.089,12.8V,,,81.953,155.43,271.52,24.36,105.8,00,0.0,4.0262,4.0249,4.0295,4.6,740FB817,737473737373737373737474747473737273737372727373,,,,,0,0,0,0,0,-39.56,0.01274,-0.00637,C9C8C9C9C9C9C9C9C9C9C9C9C9CACACACACACACACACACACACACA
2026-09-03T20:45:58.864561Z,2228.073,12.8V,,,81.953,155.43,271.52,24.36,105.8,00,0.0,4.0262,4.0249,4.0295,4.6,740FB417,737473737373737373737474747473737273737372727373,,,,,0,0,0,0,0,-39.56,0.01274,-0.00637,C9C8C9C9C9C9C9C9C9C9C9C9C9CACACACACACACACACACACACACA
2026-09-03T20:46:04.176964Z,2233.385,12.8V,,,81.953,155.43,271.52,24.36,105.8,00,0.0,4.0262,4.0248,4.0294,4.6,760FB317,737473737373737373737474747473737273737372727373,,,,,0,0,0,0,0,-39.56,0.01274,-0.00637,C9C8C9C9C9C9C9C9C9C9C9C9C9CACACACACACACACACACACACACA
2026-09-03T20:46:09.482611Z,2238.691,12.8V,,,81.953,155.43,271.52,24.36,105.8,00,0.0,4.0262,4.0249,4.0296,4.7,740FB817,737473737373737373737474747473737273737372727373,,,,,0,0,0,0,0,-39.56,0.01274,-0.00637,C9C8C9C9C9C9C9C9C9C9C9C9C9CACACACACACACACACACACACACA
2026-09-03T20:46:14.831258Z,2244.04,12.8V,,,81.953,155.43,271.52,24.36,105.8,00,0.0,4.0262,4.0249,4.0295,4.6,740FB417,737473737373737373737474747473737273737372727373,,,,,0,0,0,0,0,-39.56,0.01274,-0.00637,C9C8C9C9C9C9C9C9C9C9C9C9C9CACACACACACACACACACACACACA
2026-09-03T20:46:20.468455Z,2249.677,12.8V,,,81.953,155.43,271.52,24.36,105.8,00,0.0,4.0262,4.0248,4.0295,4.7,760FB417,737473737373737373737474747473737273737372727373,,,,,0,0,0,0,0,-39.56,0.01274,-0.00637,C9C8C9C9C9C9C9C9C9C9C9C9C9CACACACACACACACACACACACACA
2026-09-03T20:46:26.018118Z,2255.227,12.8V,,,81.953,155.43,271.52,24.36,105.8,00,0.0,4.0262,4.0248,4.0295,4.7,760FB417,737473737373737373737474747473737273737372727373,,,,,0,0,0,0,0,-39.56,0.01274,-0.00637,C9C8C9C9C9C9C9C9C9C9C9C9C9CACACACACACACACACACACACACA
2026-09-03T20:46:31.892567Z,2261.101,12.8V,,,81.953,155.43,271.52,24.36,105.8,00,0.0,4.0262,4.0248,4.0295,4.7,760FB417,737473737373737373737474747473737273737372727373,,,,,0,0,0,0,0,-39.56,0.01274,-0.00637,C9C8C9C9C9C9C9C9C9C9C9C9C9CACACACACACACACACACACACACA
2026-09-03T20:46:37.206794Z,2266.415,12.8V,,,81.953,155.43,271.52,24.36,105.8,00,0.0,4.0262,4.0248,4.0295,4.7,760FB317,737473737373737373737474747473737273737372727373,,,,,0,0,0,0,0,-39.56,0.01274,-0.00637,C9C8C9C9C9C9C9C9C9C9C9C9C9CACACACACACACACACACACACACA
2026-09-03T20:46:42.548668Z,2271.757,12.8V,,,81.953,155.43,271.52,24.36,105.8,00,0.0,4.0262,4.0248,4.0295,4.7,760FB417,737473737373737373737474747473737273737372727373,,,,,0,0,0,0,0,-39.56,0.01274,-0.00637,C9C8C9C9C9C9C9C9C9C9C9C9C9CACACACACACACACACACACACACA
2026-09-03T20:46:47.862041Z,2277.07,12.8V,,,,,271.52,24.36,105.8,00,,4.0262,4.0248,4.0295,4.7,760FB417,737473737373737373737474747473737273737372727373,,,,,0,0,0,0,0,-39.56,0.01274,-0.00637,C9C8C9C9C9C9C9C9C9C9C9C9C9CACACACACACACACACACACACACA
2026-09-03T20:46:56.493193Z,2285.702,12.8V,,,81.953,155.43,271.52,24.36,105.8,00,0.0,4.0262,4.0248,4.0295,4.7,760FB417,737473737373737373737474747473737273737372727373,,,,,0,0,0,0,0,-39.56,0.01274,-0.00637,C9C8C9C9C9C9C9C9C9C9C9C9C9CACACACACACACACACACACACACA
2026-09-03T20:47:07.389044Z,2296.597,12.8V,,,81.953,155.43,271.52,24.36,105.8,00,0.0,4.0262,4.0248,4.0295,4.7,760FB417,737473737373737373737474747473737273737372727373,,,,,0,0,0,0,0,-39.56,0.01274,-0.00637,C9C8C9C9C9C9C9C9C9C9C9C9C9CACACACACACACACACACACACACA
2026-09-03T20:47:17.357377Z,2306.566,12.8V,,,81.953,155.43,271.52,24.36,105.8,00,0.0,4.0262,4.0249,4.0295,4.6,740FB417,737473737373737373737474747473737273737372727373,,,,,0,0,0,0,0,-39.56,0.01274,-0.00637,C9C8C9C9C9C9C9C9C9C9C9C9C9CACACACACACACACACACACACACA
2026-09-03T20:47:22.721668Z,2311.93,12.8V,,,81.953,155.43,271.52,24.36,105.8,00,0.0,4.0262,4.0248,4.0295,4.7,760FB417,737473737373737373737474747473737273737372727373,,,,,0,0,0,0,0,-39.56,0.01274,-0.00637,C9C8C9C9C9C9C9C9C9C9C9C9C9CACACACACACACACACACACACACA
2026-09-03T20:47:28.077555Z,2317.286,12.8V,,,81.953,155.43,271.52,24.36,105.8,00,0.0,4.0262,4.0248,4.0295,4.7,760FB417,737473737373737373737474747473737273737372727373,,,,,0,0,0,0,0,-39.56,0.01274,-0.00637,C9C8C9C9C9C9C9C9C9C9C9C9C9CACACACACACACACACACACACACA
2026-09-03T20:47:33.485990Z,2322.694,12.8V,,,81.953,155.43,271.52,24.36,105.8,00,0.0,4.0262,4.0249,4.0295,4.6,740FB817,737473737373737373737474747473737273737372727373,,,,,0,0,0,0,0,-39.56,0.01274,-0.00637,C9C8C9C9C9C9C9C9C9C9C9C9C9CACACACACACACACACACACACACA
2026-09-03T20:47:39.028555Z,2328.237,12.8V,,,81.953,155.43,271.52,24.36,105.8,00,0.0,4.0262,4.0249,4.0295,4.6,740FB417,737473737373737373737474747473737273737372727373,,,,,0,0,0,0,0,-39.56,0.01274,-0.00637,C9C8C9C9C9C9C9C9C9C9C9C9C9CACACACACACACACACACACACACA
2026-09-03T20:47:44.396176Z,2333.605,12.8V,,,81.953,155.43,271.52,24.36,105.8,00,0.0,4.0263,4.0248,4.0295,4.7,760FB417,737473737373737373737474747473737273737372727373,,,,,0,0,0,0,0,-39.56,0.01274,-0.00637,C9C8C9C9C9C9C9C9C9C9C9C9C9CACACACACACACACACACACACACA
2026-09-03T20:47:49.752239Z,2338.961,12.8V,,,81.953,155.43,271.52,24.36,105.8,00,0.0,4.0262,4.0248,4.0295,4.7,760FB317,737473737373737373737474747473737273737372727373,,,,,0,0,0,0,0,-39.56,0.01274,-0.00637,C9C8C9C9C9C9C9C9C9C9C9C9C9CACACACACACACACACACACACACA
2026-09-03T20:47:55.126761Z,2344.335,12.8V,,,81.953,155.43,271.52,24.36,105.8,00,0.0,4.0262,4.0248,4.0295,4.7,760FB817,737473737373737373737474747473737273737372727373,,,,,0,0,0,0,0,-39.56,0.01274,-0.00637,C9C8C9C9C9C9C9C9C9C9C9C9C9CACACACACACACACACACACACACA
2026-09-03T20:48:00.484510Z,2349.693,12.8V,,,81.953,155.43,271.52,24.36,105.8,00,0.0,4.0263,4.0248,4.0295,4.7,760FB317,737473737373737373737474747473737273737372727373,,,,,0,0,0,0,0,-39.56,0.01274,-0.00637,C9C8C9C9C9C9C9C9C9C9C9C9C9CACACACACACACACACACACACACA
2026-09-03T20:48:05.854597Z,2355.063,12.8V,,,81.953,155.43,271.52,24.36,105.8,00,0.0,4.0263,4.0248,4.0295,4.7,760FB317,737473737373737373737474747473737273737372727373,,,,,,,,,0,-39.56,0.01274,-0.00637,C9C8C9C9C9C9C9C9C9C9C9C9C9CACACACACACACACACACACACACA
2026-09-03T20:48:12.570850Z,2361.779,12.8V,,,81.953,155.43,271.52,24.36,105.8,00,0.0,4.0262,4.0249,4.0295,4.6,740FB817,737473737373737373737474747473737273737372727373,,,,,0,0,0,0,0,-39.56,0.01274,-0.00637,C9C8C9C9C9C9C9C9C9C9C9C9C9CACACACACACACACACACACACACA
2026-09-03T20:48:18.355872Z,2367.564,12.8V,,,81.953,155.43,271.52,24.36,105.8,00,0.0,4.0263,4.0248,4.0295,4.7,760FB317,737473737373737373737474747473737273737372727373,,,,,0,0,0,0,0,-39.56,0.01274,-0.00637,C9C8C9C9C9C9C9C9C9C9C9C9C9CACACACACACACACACACACACACA
2026-09-03T20:48:24.293105Z,2373.502,12.8V,,,81.953,155.43,271.52,24.36,105.8,00,0.0,4.0263,4.0249,4.0295,4.6,740FB317,737473737373737373737474747473737273737372727373,,,,,0,0,0,0,0,-39.56,0.01274,-0.00637,C9C8C9C9C9C9C9C9C9C9C9C9C9CACACACACACACACACACACACACA
2026-09-03T20:48:31.581597Z,2380.79,12.8V,,,81.953,155.43,271.52,24.36,105.8,00,0.0,4.0262,4.0249,4.0295,4.6,740FB417,737473737373737373737474747473737273737372727373,,,,,0,0,0,0,0,-39.56,0.01274,-0.00637,C9C8C9C9C9C9C9C9C9C9C9C9C9CACACACACACACACACACACACACA
2026-09-03T20:48:42.128947Z,2391.337,12.8V,,,81.953,155.43,271.52,24.36,105.8,00,0.0,4.0262,4.0248,4.0295,4.7,760FB417,737473737373737373737474747473737273737372727373,,,,,0,0,0,0,0,-39.56,0.01274,-0.00637,C9C8C9C9C9C9C9C9C9C9C9C9C9CACACACACACACACACACACACACA
2026-09-03T20:48:52.806609Z,2402.015,12.8V,,,81.953,155.43,271.52,24.36,105.8,00,0.0,4.0263,4.0249,4.0295,4.6,740FB417,737473737373737373737474747473737273737372727373,,,,,0,0,0,0,0,-39.56,0.01274,-0.00637,C9C8C9C9C9C9C9C9C9C9C9C9C9CACACACACACACACACACACACACA
2026-09-03T20:48:58.178302Z,2407.387,12.8V,,,81.953,155.43,271.52,24.36,105.8,00,0.0,4.0262,4.0248,4.0295,4.7,760FB817,737473737373737373737474747473737273737372727373,,,,,0,0,0,0,0,-39.56,0.01274,-0.00637,C9C8C9C9C9C9C9C9C9C9C9C9C9CACACACACACACACACACACACACA
2026-09-03T20:49:03.668788Z,2412.877,12.8V,,,81.953,155.43,271.52,24.36,105.8,00,0.0,4.0262,4.0248,4.0295,4.7,760FB317,737473737373737373737474747473737273737372727373,,,,,0,0,0,0,0,-39.56,0.01274,-0.00637,C9C8C9C9C9C9C9C9C9C9C9C9C9CACACACACACACACACACACACACA
2026-09-03T20:49:09.029949Z,2418.238,12.8V,,,81.953,155.43,271.52,24.36,105.8,00,0.0,4.0263,4.0248,4.0295,4.7,760FB817,737473737373737373737474747473737273737372727373,,,,,0,0,0,0,0,-39.56,0.01274,-0.00637,C9C8C9C9C9C9C9C9C9C9C9C9C9CACACACACACACACACACACACACA
2026-09-03T20:49:14.406448Z,2423.615,12.8V,,,81.953,155.43,271.52,24.36,105.8,00,0.0,4.0263,4.0248,4.0295,4.7,760FB317,737473737373737373737474747473737273737372727373,,,,,0,0,0,0,0,-39.56,0.01274,-0.00637,C9C8C9C9C9C9C9C9C9C9C9C9C9CACACACACACACACACACACACACA
2026-09-03T20:49:19.777431Z,2428.986,12.8V,,,81.953,155.43,271.52,24.36,105.8,00,0.0,4.0263,4.0248,4.0295,4.7,760FB417,737473737373737373737474747473737273737372727373,,,,,0,0,0,0,0,-39.56,0.01274,-0.00637,C9C8C9C9C9C9C9C9C9C9C9C9C9CACACACACACACACACACACACACA
2026-09-03T20:49:25.127015Z,2434.335,12.8V,,,,155.43,271.52,24.36,105.8,00,0.0,4.0263,4.0248,4.0295,4.7,760FB417,737473737373737373737474747473737273737372727373,,,,,0,0,0,0,0,-39.56,0.01274,-0.00637,C9C8C9C9C9C9C9C9C9C9C9C9C9CACACACACACACACACACACACACA
2026-09-03T20:49:31.079705Z,2440.288,12.8V,,,81.953,155.43,271.52,24.36,105.8,00,0.0,4.0263,4.0248,4.0296,4.8,760FB817,737473737373737373737474747473737273737372727373,,,,,0,0,0,0,0,-39.56,0.01274,-0.00637,C9C8C9C9C9C9C9C9C9C9C9C9C9CACACACACACACACACACACACACA
2026-09-03T20:49:36.509856Z,2445.718,12.8V,,,81.953,155.43,271.52,24.36,105.8,00,0.0,4.0263,4.0248,4.0295,4.7,760FB317,737473737373737373737474747473737273737372727373,,,,,0,0,0,0,0,-39.56,0.01274,-0.00637,C9C8C9C9C9C9C9C9C9C9C9C9C9CACACACACACACACACACACACACA
2026-09-03T20:49:41.853668Z,2451.062,12.8V,,,81.953,155.43,271.52,24.36,105.8,00,0.0,4.0263,4.0248,4.0295,4.7,760FB317,737473737373737373737474747473737273737372727373,,,,,0,0,0,0,0,-39.56,0.01274,-0.00637,C9C8C9C9C9C9C9C9C9C9C9C9C9CACACACACACACACACACACACACA
2026-09-03T20:49:47.190525Z,2456.399,12.8V,,,81.953,155.43,271.52,24.36,105.8,00,0.0,4.0263,4.0248,4.0295,4.7,760FB317,737473737373737373737474747473737273737372727373,,,,,0,0,0,0,0,-39.56,0.01274,-0.00637,C9C8C9C9C9C9C9C9C9C9C9C9C9CACACACACACACACACACACACACA
2026-09-03T20:49:52.547143Z,2461.756,12.8V,,,81.953,155.43,271.52,24.36,105.8,00,0.0,4.0263,4.0249,4.0295,4.6,760FB317,737473737373737373737474747473737273737372727373,,,,,0,0,0,0,0,-39.56,0.01274,-0.00637,C9C8C9C9C9C9C9C9C9C9C9C9C9CACACACACACACACACACACACACA
2026-09-03T20:49:57.921901Z,2467.13,12.8V,,,81.953,155.43,271.52,24.36,105.8,00,0.0,4.0263,4.0249,4.0295,4.6,740FB417,737473737373737373737474747473737273737372727373,,,,,0,0,0,0,0,-39.56,0.01274,-0.00637,C9C8C9C9C9C9C9C9C9C9C9C9C9CACACACACACACACACACACACACA
2026-09-03T20:50:08.269115Z,2477.478,12.8V,,,81.953,155.43,271.52,24.36,105.8,00,0.0,4.0263,4.0248,4.0295,4.7,760FB317,737473737373737373737474747473737373737372727373,,,,,0,0,0,0,0,-39.56,0.01274,-0.00637,C9C8C9C9C9C9C9C9C9C9C9C9C9CACACACACACACACACACACACACA
2026-09-03T20:50:18.676639Z,2487.885,12.8V,,,81.953,155.43,271.52,24.36,105.8,00,0.0,4.0263,4.0248,4.0295,4.7,760FB317,737473737373737373737474747473737373737372727373,,,,,0,0,0,0,0,-39.56,0.01274,-0.00637,C9C8C9C9C9C9C9C9C9C9C9C9C9CACACACACACACACACACACACACA
2026-09-03T20:50:27.540001Z,2496.748,12.8V,,,81.953,155.43,271.52,24.36,105.8,00,0.0,4.0263,4.0248,4.0295,4.7,760FB717,737473737373737373737474747473737373737372727373,,,,,0,0,0,0,0,-39.56,0.01274,-0.00637,C9C8C9C9C9C9C9C9C9C9C9C9C9CACACACACACACACACACACACACA
2026-09-03T20:50:33.554083Z,2502.762,12.8V,,,81.953,155.43,271.52,24.36,105.8,00,0.0,4.0263,4.0248,4.0295,4.7,760FB317,737473737373737373737474747473737373737372727373,,,,,0,0,0,0,0,-39.56,0.01274,-0.00637,C9C8C9C9C9C9C9C9C9C9C9C9C9CACACACACACACACACACACACACA
2026-09-03T20:50:38.966428Z,2508.175,12.8V,,,81.953,155.43,271.52,24.36,105.8,00,0.0,4.0263,4.0248,4.0295,4.7,760FB317,737473737373737373737474747473737373737372727373,,,,,0,0,0,0,0,-39.56,0.01274,-0.00637,C9C8C9C9C9C9C9C9C9C9C9C9C9CACACACACACACACACACACACACA
2026-09-03T20:50:44.324989Z,2513.533,12.8V,,,,,271.52,24.36,105.8,00,,4.0263,4.0249,4.0295,4.6,740FB317,737473737373737373737474747473737373737372727373,,,,,0,0,0,0,0,-39.56,0.01274,-0.00637,C9C8C9C9C9C9C9C9C9C9C9C9C9CACACACACACACACACACACACACA
2026-09-03T20:50:50.292735Z,2519.501,12.8V,,,81.953,155.43,271.52,24.36,105.8,00,0.0,4.0263,4.0248,4.0295,4.7,760FB317,737473737373737373737474747473737373737372727373,,,,,0,0,0,0,0,-39.56,0.01274,-0.00637,C9C8C9C9C9C9C9C9C9C9C9C9C9CACACACACACACACACACACACACA
2026-09-03T20:50:55.663691Z,2524.872,12.8V,,,81.953,155.43,271.52,24.36,105.8,00,0.0,4.0263,4.0249,4.0296,4.7,760FB817,737473737373737373737474747473737373737372727373,,,,,0,0,0,0,0,-39.56,0.01274,-0.00637,C9C8C9C9C9C9C9C9C9C9C9C9C9CACACACACACACACACACACACACA
2026-09-03T20:51:01.021946Z,2530.23,12.8V,,,81.953,155.43,271.52,24.36,105.8,00,0.0,4.0263,4.0248,4.0295,4.7,760FB817,737473737373737373737474747473737373737372727373,,,,,0,0,0,0,0,-39.56,0.01274,-0.00637,C9C8C9C9C9C9C9C9C9C9C9C9C9CACACACACACACACACACACACACA
2026-09-03T20:51:06.403445Z,2535.612,12.8V,,,81.953,155.43,271.52,24.36,105.8,00,0.0,4.0263,4.0248,4.0296,4.8,760FB817,737473737373737373737474747473737373737372727373,,,,,0,0,0,0,0,-39.56,0.01274,-0.00637,C9C8C9C9C9C9C9C9C9C9C9C9C9CACACACACACACACACACACACACA
2026-09-03T20:51:11.792294Z,2541.001,12.8V,,,81.953,155.43,271.52,24.36,105.8,00,0.0,4.0263,4.0248,4.0296,4.8,760FB417,737473737373737373737474747473737373737372727373,,,,,0,0,0,0,0,-39.56,0.01274,-0.00637,C9C8C9C9C9C9C9C9C9C9C9C9C9CACACACACACACACACACACACACA
2026-09-03T20:51:17.186823Z,2546.395,12.8V,,,81.953,155.43,271.52,24.36,105.8,00,0.0,4.0263,4.0248,4.0296,4.8,760FB817,737473737373737373737474747473737373737372727373,,,,,0,0,0,0,0,-39.56,0.01274,-0.00637,C9C8C9C9C9C9C9C9C9C9C9C9C9CACACACACACACACACACACACACA
2026-09-03T20:51:22.540345Z,2551.749,12.8V,,,81.953,155.43,271.52,24.36,105.8,00,0.0,4.0263,4.0249,4.0296,4.7,740FB817,737473737373737373737474747473737373737372727373,,,,,0,0,0,0,0,-39.56,0.01274,-0.00637,C9C8C9C9C9C9C9C9C9C9C9C9C9CACACACACACACACACACACACACA
2026-09-03T20:51:27.879671Z,2557.088,12.8V,,,81.953,155.43,271.52,24.36,105.8,00,0.0,4.0263,4.0248,4.0296,4.8,760FB817,737473737373737373737474747473737373737372727373,,,,,0,0,0,0,0,-39.56,0.01274,-0.00637,C9C8C9C9C9C9C9C9C9C9C9C9C9CACACACACACACACACACACACACA
2026-09-03T20:51:33.206051Z,2562.414,12.8V,,,81.953,155.43,271.52,24.36,105.8,00,0.0,4.0263,4.0248,4.0295,4.7,760FB317,737473737373737373737474747473737373737372727373,,,,,0,0,0,0,0,-39.56,0.01274,-0.00637,C9C8C9C9C9C9C9C9C9C9C9C9C9CACACACACACACACACACACACACA
2026-09-03T20:51:43.872072Z,2573.081,12.8V,,,81.953,155.43,271.52,24.36,105.8,00,0.0,4.0263,4.0248,4.0295,4.7,760FB317,737473737373737373737474747473737373737372727373,,,,,0,0,0,0,0,-39.56,0.01274,-0.00637,C9C8C9C9C9C9C9C9C9C9C9C9C9CACACACACACACACACACACACACA
2026-09-03T20:51:54.913152Z,2584.122,12.8V,,,81.953,155.43,271.52,24.36,105.8,00,0.0,4.0263,4.0248,4.0295,4.7,760FB317,737473737373737373737474747473737373737372727373,,,,,0,0,0,0,0,-39.56,0.01274,-0.00637,C9C8C9C9C9C9C9C9C9C9C9C9C9CACACACACACACACACACACACACA
2026-09-03T20:52:02.476885Z,2591.685,12.8V,,,81.953,155.43,271.52,24.36,105.8,00,0.0,4.0263,4.0249,4.0296,4.7,760FB817,737473737373737373737474747473737373737372727373,,,,,,,,,,-39.56,0.01274,-0.00637,C9C8C9C9C9C9C9C9C9C9C9C9C9CACACACACACACACACACACACACA
2026-09-03T20:52:08.400336Z,2597.609,12.8V,,,81.953,155.43,271.52,24.36,105.8,00,0.0,4.0263,4.0249,4.0296,4.7,760FB817,737473737373737373737474747473737373737372727373,,,,,0,0,0,0,0,-39.56,0.01274,-0.00637,C9C8C9C9C9C9C9C9C9C9C9C9C9CACACACACACACACACACACACACA
2026-09-03T20:52:13.733086Z,2602.941,12.8V,,,81.953,155.43,271.52,24.36,105.8,00,0.0,4.0263,4.0249,4.0295,4.6,740FB317,737473737373737373737474747473737373737372727373,,,,,0,0,0,0,0,-39.56,0.01274,-0.00637,C9C8C9C9C9C9C9C9C9C9C9C9C9CACACACACACACACACACACACACA
2026-09-03T20:52:19.111828Z,2608.32,12.8V,,,81.953,155.43,271.52,24.36,105.8,00,0.0,4.0263,4.0249,4.0296,4.7,740FB417,737473737373737373737474747473737373737372727373,,,,,0,0,0,0,0,-39.56,0.01274,-0.00637,C9C8C9C9C9C9C9C9C9C9C9C9C9CACACACACACACACACACACACACA
2026-09-03T20:52:24.870149Z,2614.079,12.8V,,,81.953,155.43,271.52,24.36,105.8,00,0.0,4.0263,4.0248,4.0295,4.7,760FB417,737473737373737373737474747473737373737372727373,,,,,0,0,0,0,0,-39.56,0.01274,-0.00637,C9C8C9C9C9C9C9C9C9C9C9C9C9CACACACACACACACACACACACACA
2026-09-03T20:52:30.253039Z,2619.461,12.8V,,,81.953,155.43,271.52,24.36,105.8,00,0.0,4.0263,4.0249,4.0295,4.6,760FB317,737473737373737373737474747473737373737372727373,,,,,0,0,0,0,0,-39.56,0.01274,-0.00637,C9C8C9C9C9C9C9C9C9C9C9C9C9CACACACACACACACACACACACACA
2026-09-03T20:52:36.141931Z,2625.35,12.8V,,,81.953,155.43,271.52,24.36,105.8,00,0.0,4.0263,4.0249,4.0296,4.7,740FB817,737473737373737373737474747473737373737372727373,,,,,0,0,0,0,0,-39.56,0.01274,-0.00637,C9C8C9C9C9C9C9C9C9C9C9C9C9CACACACACACACACACACACACACA
2026-09-03T20:52:41.523547Z,2630.732,12.8V,,,81.953,155.43,271.52,24.36,105.8,00,0.0,4.0263,4.0248,4.0296,4.8,760FB417,737473737373737373737474747473737373737372727373,,,,,0,0,0,0,0,-39.56,0.01274,-0.00637,C9C8C9C9C9C9C9C9C9C9C9C9C9CACACACACACACACACACACACACA
2026-09-03T20:52:46.861479Z,2636.07,12.8V,,,81.953,155.43,271.52,24.36,105.8,00,0.0,4.0263,4.0249,4.0295,4.6,760FB317,737473737373737373737474747473737373737372727373,,,,,0,0,0,0,0,-39.56,0.01274,-0.00637,C9C8C9C9C9C9C9C9C9C9C9C9C9CACACACACACACACACACACACACA
2026-09-03T20:52:52.207418Z,2641.416,12.8V,,,81.953,155.43,271.52,24.36,105.8,00,0.0,4.0263,4.0249,4.0295,4.6,760FB817,737473737373737373737474747473737373737372727373,,,,,0,0,0,0,0,-39.56,0.01274,-0.00637,C9C8C9C9C9C9C9C9C9C9C9C9C9CACACACACACACACACACACACACA
2026-09-03T20:52:57.524903Z,2646.733,12.8V,,,81.953,155.43,271.52,24.36,105.8,00,0.0,4.0263,4.0249,4.0295,4.6,740FB417,737473737373737373737474747473737373737372727373,,,,,0,0,0,0,0,-39.56,0.01274,-0.00637,C9C8C9C9C9C9C9C9C9C9C9C9C9CACACACACACACACACACACACACA
2026-09-03T20:53:02.887863Z,2652.096,12.8V,,,81.953,155.43,271.52,24.36,105.8,00,0.0,4.0263,4.0249,4.0296,4.7,760FB817,737473737373737373737474747473737373737372727373,,,,,0,0,0,0,0,-39.56,0.01274,-0.00637,C9C8C9C9C9C9C9C9C9C9C9C9C9CACACACACACACACACACACACACA
2026-09-03T20:53:09.795369Z,2659.004,12.8V,,,81.953,155.43,271.52,24.36,105.8,00,0.0,4.0263,4.0248,4.0296,4.8,760FB417,737473737373737373737474747473737373737372727373,,,,,0,0,0,0,0,-39.56,0.01274,-0.00637,C9C8C9C9C9C9C9C9C9C9C9C9C9CACACACACACACACACACACACACA
2026-09-03T20:53:20.816943Z,2670.025,12.8V,,,81.953,,271.52,24.36,105.8,00,,4.0263,4.0249,4.0296,4.7,740FB817,737473737373737373737474747473737373737372727373,,,,,0,0,0,0,0,-39.56,0.01274,-0.00637,C9C8C9C9C9C9C9C9C9C9C9C9C9CACACACACACACACACACACACACA
2026-09-03T20:53:31.728492Z,2680.937,12.8V,,,81.953,155.43,271.52,24.36,105.8,00,0.0,4.0263,4.0249,4.0296,4.7,760FB817,737473737373737373737474747473737373737372727373,,,,,0,0,0,0,0,-39.56,0.01274,-0.00637,C9C8C9C9C9C9C9C9C9C9C9C9C9CACACACACACACACACACACACACA
2026-09-03T20:53:37.089346Z,2686.298,12.8V,,,81.953,155.43,271.52,24.36,105.8,00,0.0,4.0263,4.0249,4.0296,4.7,760FB417,737473737373737373737474747473737373737372727373,,,,,0,0,0,0,0,-39.56,0.01274,-0.00637,C9C8C9C9C9C9C9C9C9C9C9C9C9CACACACACACACACACACACACACA
2026-09-03T20:53:42.458413Z,2691.667,12.8V,,,81.953,155.43,271.52,24.36,105.8,00,0.0,4.0263,4.0248,4.0295,4.7,760FB317,737473737373737373737474747473737373737372727373,,,,,0,0,0,0,0,-39.56,0.01274,-0.00637,C9C8C9C9C9C9C9C9C9C9C9C9C9CACACACACACACACACACACACACA
2026-09-03T20:53:47.811808Z,2697.02,12.8V,,,81.953,155.43,271.52,24.36,105.8,00,0.0,4.0263,4.0248,4.0295,4.7,760FB317,737473737373737373737474747473737373737372727373,,,,,0,0,0,0,0,-39.56,0.01274,-0.00637,C9C8C9C9C9C9C9C9C9C9C9C9C9CACACACACACACACACACACACACA
2026-09-03T20:53:53.275096Z,2702.484,12.8V,,,81.953,155.43,271.52,24.36,105.8,00,0.0,4.0263,4.0249,4.0296,4.7,760FB817,737473737373737373737474747473737373737372727373,,,,,0,0,0,0,0,-39.56,0.01274,-0.00637,C9C8C9C9C9C9C9C9C9C9C9C9C9CACACACACACACACACACACACACA
2026-09-03T20:53:58.634490Z,2707.843,12.8V,,,81.953,155.43,271.52,24.36,105.8,00,0.0,4.0263,4.0248,4.0295,4.7,760FB417,737473737373737373737474747473737373737372727373,,,,,0,0,0,0,0,-39.56,0.01274,-0.00637,C9C8C9C9C9C9C9C9C9C9C9C9C9CACACACACACACACACACACACACA
2026-09-03T20:54:03.985661Z,2713.194,12.8V,,,81.953,155.43,271.52,24.36,105.8,00,0.0,4.0263,4.0249,4.0295,4.6,760FB417,737473737373737373737474747473737373737372727373,,,,,0,0,0,0,0,-39.56,0.01274,-0.00637,C9C8C9C9C9C9C9C9C9C9C9C9C9CACACACACACACACACACACACACA
2026-09-03T20:54:09.352283Z,2718.561,12.8V,,,81.953,155.43,271.52,24.36,105.8,00,0.0,4.0263,4.0249,4.0295,4.6,760FB317,737473737373737373737474747473737373737372727373,,,,,0,0,0,0,0,-39.56,0.01274,-0.00637,C9C8C9C9C9C9C9C9C9C9C9C9C9CACACACACACACACACACACACACA
2026-09-03T20:54:14.714953Z,2723.923,12.8V,,,81.953,155.43,271.52,24.36,105.8,00,0.0,4.0263,4.0249,4.0296,4.7,740FB817,737473737373737373737474747473737373737372727373,,,,,0,0,0,0,0,-39.56,0.01274,-0.00637,C9C8C9C9C9C9C9C9C9C9C9C9C9CACACACACACACACACACACACACA
2026-09-03T20:54:20.959345Z,2730.168,12.8V,,,81.953,155.43,271.52,24.36,105.8,00,0.0,4.0263,4.0249,4.0296,4.7,740FB817,737473737373737373737474747473737373737372727373,,,,,0,0,0,0,0,-39.56,0.01274,-0.00637,C9C8C9C9C9C9C9C9C9C9C9C9C9CACACACACACACACACACACACACA
2026-09-03T20:54:26.526015Z,2735.734,12.8V,,,81.953,155.43,271.52,24.36,105.8,00,0.0,4.0263,4.0249,4.0296,4.7,760FB817,737473737373737373737474747473737373737372727373,,,,,0,0,0,0,0,-39.56,0.01274,-0.00637,C9C8C9C9C9C9C9C9C9C9C9C9C9CACACACACACACACACACACACACA
2026-09-03T20:54:32.161378Z,2741.37,12.8V,,,81.953,155.43,271.52,24.36,105.8,00,0.0,4.0263,4.0248,4.0295,4.7,760FB317,737473737373737373737474747473737373737372727373,,,,,0,0,0,0,0,-39.56,0.01274,-0.00637,C9C8C9C9C9C9C9C9C9C9C9C9C9CACACACACACACACACACACACACA
2026-09-03T20:54:42.228386Z,2751.437,12.8V,,,81.953,155.43,271.52,24.36,105.8,00,0.0,4.0263,4.0248,4.0295,4.7,760FB317,737473737373737373737474747473737373737372727373,,,,,0,0,0,0,0,-39.56,0.01274,-0.00637,C9C8C9C9C9C9C9C9C9C9C9C9C9CACACACACACACACACACACACACA
2026-09-03T20:54:52.602111Z,2761.811,12.8V,,,81.953,155.43,271.52,24.36,105.8,00,0.0,4.0263,4.0248,4.0295,4.7,760FB417,737473737373737373737474747473737373737372727373,,,,,0,0,0,0,0,-39.56,0.01274,-0.00637,C9C8C9C9C9C9C9C9C9C9C9C9C9CACACACACACACACACACACACACA
2026-09-03T20:55:01.731954Z,2770.94,12.8V,,,81.953,155.43,271.52,24.36,105.8,00,0.0,4.0263,4.0249,4.0296,4.7,740FB417,737473737373737373737474747473737373737372727373,,,,,0,0,0,0,0,-39.56,0.01274,-0.00637,C9C8C9C9C9C9C9C9C9C9C9C9C9CACACACACACACACACACACACACA
2026-09-03T20:55:07.080941Z,2776.289,12.8V,,,81.953,155.43,271.52,24.36,105.8,00,0.0,4.0263,4.0249,4.0296,4.7,760FB417,737473737373737373737474747473737373737372727373,,,,,0,0,0,0,0,-39.56,0.01274,-0.00637,C9C8C9C9C9C9C9C9C9C9C9C9C9CACACACACACACACACACACACACA
2026-09-03T20:55:12.543171Z,2781.752,12.8V,,,81.953,155.43,271.52,24.36,105.8,00,0.0,4.0263,4.0249,4.0296,4.7,760FB817,737473737373737373737474747473737373737372727373,,,,,0,0,0,0,0,-39.56,0.01274,-0.00637,C9C8C9C9C9C9C9C9C9C9C9C9C9CACACACACACACACACACACACACA
2026-09-03T20:55:18.071286Z,2787.28,12.8V,,,81.953,155.43,271.52,24.36,105.8,00,0.0,4.0263,4.0249,4.0296,4.7,740FB817,737473737373737373737474747473737373737372727373,,,,,0,0,0,0,0,-39.56,0.01274,-0.00637,C9C8C9C9C9C9C9C9C9C9C9C9C9CACACACACACACACACACACACACA
2026-09-03T20:55:23.418335Z,2792.627,12.8V,,,81.953,155.43,271.52,24.36,105.8,00,0.0,4.0263,4.0249,4.0296,4.7,760FB817,737473737373737373737474747473737373737372727373,,,,,0,0,0,0,0,-39.56,0.01274,-0.00637,C9C8C9C9C9C9C9C9C9C9C9C9C9CACACACACACACACACACACACACA
2026-09-03T20:55:28.811198Z,2798.02,12.8V,,,81.953,155.43,271.52,24.36,105.8,00,0.0,4.0263,4.0249,4.0296,4.7,760FB417,737473737373737373737474747473737373737372727373,,,,,0,0,0,0,0,-39.56,0.01274,-0.00637,C9C8C9C9C9C9C9C9C9C9C9C9C9CACACACACACACACACACACACACA
2026-09-03T20:55:34.177204Z,2803.386,12.8V,,,81.953,155.43,271.52,24.36,105.8,00,0.0,4.0263,4.0249,4.0296,4.7,740FB417,737473737373737373737474747473737373737372727373,,,,,0,0,0,0,0,-39.56,0.01274,-0.00637,C9C8C9C9C9C9C9C9C9C9C9C9C9CACACACACACACACACACACACACA
2026-09-03T20:55:39.521824Z,2808.73,12.8V,,,81.953,155.43,271.52,24.36,105.8,00,0.0,4.0263,4.0248,4.0296,4.8,760FB417,737473737373737373737474747473737373737372727373,,,,,0,0,0,0,0,-39.56,0.01274,-0.00637,C9C8C9C9C9C9C9C9C9C9C9C9C9CACACACACACACACACACACACACA
2026-09-03T20:55:44.905013Z,2814.114,12.8V,,,81.953,155.43,271.52,24.36,105.8,00,0.0,4.0263,4.0249,4.0295,4.6,760FB317,737473737373737373737474747473737373737372727373,,,,,0,0,0,0,0,-39.56,0.01274,-0.00637,C9C8C9C9C9C9C9C9C9C9C9C9C9CACACACACACACACACACACACACA
2026-09-03T20:55:51.276440Z,2820.485,12.8V,,,81.953,155.43,271.52,24.36,105.8,00,0.0,4.0263,4.0249,4.0296,4.7,760FB817,737473737373737373737474747473737373737372727373,,,,,0,0,0,0,0,-39.56,0.01274,-0.00637,C9C8C9C9C9C9C9C9C9C9C9C9C9CACACACACACACACACACACACACA
2026-09-03T20:56:01.552701Z,2830.761,12.8V,,,81.953,155.43,271.52,24.36,105.8,00,0.0,4.0263,4.0249,4.0296,4.7,760FB817,737473737373737373737474747473737373737372727373,,,,,0,0,0,0,0,-39.56,0.01274,-0.00637,C9C8C9C9C9C9C9C9C9C9C9C9C9CACACACACACACACACACACACACA
2026-09-03T20:56:12.552761Z,2841.761,12.8V,,,81.953,155.43,271.52,24.36,105.8,00,0.0,4.0263,4.0249,4.0296,4.7,740FB817,737473737373737373737474747473737373737372727373,,,,,0,0,0,0,0,-39.56,0.01274,-0.00637,C9C8C9C9C9C9C9C9C9C9C9C9C9CACACACACACACACACACACACACA
2026-09-03T20:56:20.259529Z,2849.468,12.8V,,,81.953,155.43,271.52,24.36,105.8,00,0.0,4.0263,4.0249,4.0296,4.7,760FB817,737473737373737373737474747473737373737372727373,,,,,0,0,0,0,0,-39.56,0.01274,-0.00637,C9C8C9C9C9C9C9C9C9C9C9C9C9CACACACACACACACACACACACACA
2026-09-03T20:56:25.721312Z,2854.93,12.8V,,,81.953,155.43,271.52,24.36,105.8,00,0.0,4.0263,4.0249,4.0296,4.7,760FB417,737473737373737373737474747473737373737372727373,,,,,0,0,0,0,0,-39.56,0.01274,-0.00637,C9C8C9C9C9C9C9C9C9C9C9C9C9CACACACACACACACACACACACACA
2026-09-03T20:56:31.091841Z,2860.3,12.8V,,,81.953,155.43,271.52,24.36,105.8,00,0.0,4.0263,4.0249,4.0296,4.7,760FB817,737473737373737373737474747473737373737372727373,,,,,0,0,0,0,0,-39.56,0.01274,-0.00637,C9C8C9C9C9C9C9C9C9C9C9C9C9CACACACACACACACACACACACACA
2026-09-03T20:56:36.450087Z,2865.659,12.8V,,,81.953,155.43,271.52,24.36,105.8,00,0.0,4.0263,4.0249,4.0295,4.6,760FB317,737473737373737373737474747473737373737372727373,,,,,0,0,0,0,0,-39.56,0.01274,-0.00637,C9C8C9C9C9C9C9C9C9C9C9C9C9CACACACACACACACACACACACACA
2026-09-03T20:56:41.842104Z,2871.051,12.8V,,,81.953,155.43,271.52,24.36,105.8,00,0.0,4.0263,4.0249,4.0296,4.7,760FB817,737473737373737373737474747473737373737372727373,,,,,0,0,0,0,0,-39.56,0.01274,-0.00637,C9C8C9C9C9C9C9C9C9C9C9C9C9CACACACACACACACACACACACACA
2026-09-03T20:56:47.264659Z,2876.473,12.8V,,,81.953,155.43,271.52,24.36,105.8,00,0.0,4.0263,4.0249,4.0296,4.7,760FB817,737473737373737373737474747473737373737372727373,,,,,0,0,0,0,0,-39.56,0.01274,-0.00637,C9C8C9C9C9C9C9C9C9C9C9C9C9CACACACACACACACACACACACACA
2026-09-03T20:56:52.623844Z,2881.832,12.8V,,,81.953,155.43,271.52,24.36,105.8,00,0.0,4.0263,4.0248,4.0296,4.8,760FB417,737473737373737373737474747473737373737372727373,,,,,0,0,0,0,0,-39.56,0.01274,-0.00637,C9C8C9C9C9C9C9C9C9C9C9C9C9CACACACACACACACACACACACACA
2026-09-03T20:56:58.003988Z,2887.212,12.8V,,,81.953,155.43,271.52,24.36,105.8,00,0.0,4.0263,4.0249,4.0295,4.6,760FB417,737473737373737373737474747473737373737372727373,,,,,0,0,0,0,0,-39.56,0.01274,-0.00637,C9C8C9C9C9C9C9C9C9C9C9C9C9CACACACACACACACACACACACACA
2026-09-03T20:57:03.374167Z,2892.583,12.8V,,,81.953,155.43,271.52,24.36,105.8,00,0.0,4.0263,4.025,4.0295,4.5,740FB317,737473737373737373737474747473737373737372727373,,,,,0,0,0,0,0,-39.56,0.01274,-0.00637,C9C8C9C9C9C9C9C9C9C9C9C9C9CACACACACACACACACACACACACA
2026-09-03T20:57:10.496802Z,2899.705,12.8V,,,81.953,155.43,271.52,24.36,105.8,00,0.0,4.0263,4.0248,4.0296,4.8,760FB817,737473737373737373737474747473737373737372727373,,,,,0,0,0,0,0,-39.56,0.01274,-0.00637,C9C8C9C9C9C9C9C9C9C9C9C9C9CACACACACACACACACACACACACA
2026-09-03T20:57:21.109666Z,2910.318,12.8V,,,81.953,155.43,271.52,24.36,105.8,00,0.0,4.0263,4.0249,4.0296,4.7,760FB417,737473737373737373737474747473737373737372727373,,,,,0,0,0,0,0,-39.56,0.01274,-0.00637,C9C8C9C9C9C9C9C9C9C9C9C9C9CACACACACACACACACACACACACA
2026-09-03T20:57:32.234228Z,2921.443,12.8V,,,81.953,155.43,271.52,24.36,105.8,00,0.0,4.0263,4.0249,4.0296,4.7,760FB417,737473737373737373737474747473737373737372727373,,,,,0,0,0,0,0,-39.56,0.01274,-0.00637,C9C8C9C9C9C9C9C9C9C9C9C9C9CACACACACACACACACACACACACA
2026-09-03T20:57:37.880696Z,2927.089,12.8V,,,81.953,155.43,271.52,24.36,105.8,00,0.0,4.0263,4.0249,4.0296,4.7,760FB417,737473737373737373737474747473737373737372727373,,,,,0,0,0,0,0,-39.56,0.01274,-0.00637,C9C8C9C9C9C9C9C9C9C9C9C9C9CACACACACACACACACACACACACA
2026-09-03T20:57:43.227105Z,2932.436,12.8V,,,81.953,155.43,271.52,24.36,105.8,00,0.0,4.0263,4.0249,4.0296,4.7,760FB817,737473737373737373737474747473737373737372727373,,,,,0,0,0,0,0,-39.56,0.01274,-0.00637,C9C8C9C9C9C9C9C9C9C9C9C9C9CACACACACACACACACACACACACA
2026-09-03T20:57:48.580360Z,2937.789,12.8V,,,81.953,155.43,271.52,24.36,105.8,00,0.0,4.0263,4.0249,4.0296,4.7,760FB817,737473737373737373737474747473737373737372727373,,,,,0,0,0,0,0,-39.56,0.01274,-0.00637,C9C8C9C9C9C9C9C9C9C9C9C9C9CACACACACACACACACACACACACA
2026-09-03T20:57:53.966366Z,2943.175,12.8V,,,81.953,155.43,271.52,24.36,105.8,00,0.0,4.0263,4.0249,4.0296,4.7,760FB817,737473737373737373737474747473737373737372727373,,,,,0,0,0,0,0,-39.56,0.01274,-0.00637,C9C8C9C9C9C9C9C9C9C9C9C9C9CACACACACACACACACACACACACA
2026-09-03T20:57:59.342711Z,2948.551,12.8V,,,81.953,155.43,271.52,24.36,105.8,00,0.0,4.0263,4.0249,4.0296,4.7,760FB817,737473737373737373737474747473737373737372727373,,,,,0,0,0,0,0,-39.56,0.01274,-0.00637,C9C8C9C9C9C9C9C9C9C9C9C9C9CACACACACACACACACACACACACA
2026-09-03T20:58:04.787278Z,2953.996,12.8V,,,81.953,155.43,271.52,24.36,105.8,00,0.0,4.0263,4.0249,4.0296,4.7,740FB417,737473737373737373737474747473737373737372727373,,,,,0,0,0,0,0,-39.56,0.01274,-0.00637,C9C8C9C9C9C9C9C9C9C9C9C9C9CACACACACACACACACACACACACA
2026-09-03T20:58:10.164642Z,2959.373,12.8V,,,81.953,155.43,271.52,24.36,105.8,00,0.0,4.0263,4.0249,4.0296,4.7,760FB817,737473737373737373737474747473737373737372727373,,,,,0,0,0,0,0,-39.56,0.01274,-0.00637,C9C8C9C9C9C9C9C9C9C9C9C9C9CACACACACACACACACACACACACA
2026-09-03T20:58:15.521672Z,2964.73,12.8V,,,81.953,155.43,271.52,24.36,105.8,00,0.0,4.0263,4.0249,4.0296,4.7,740FB417,737473737373737373737474747473737373737372727373,,,,,0,0,0,0,0,-39.56,0.01274,-0.00637,C9C8C9C9C9C9C9C9C9C9C9C9C9CACACACACACACACACACACACACA
2026-09-03T20:58:22.123496Z,2971.332,12.8V,,,81.953,155.43,271.52,24.36,105.8,00,0.0,4.0263,4.0249,4.0296,4.7,760FB417,737473737373737373737474747473737373737372727373,,,,,0,0,0,0,0,-39.56,0.01274,-0.00637,C9C8C9C9C9C9C9C9C9C9C9C9C9CACACACACACACACACACACACACA
2026-09-03T20:58:32.963220Z,2982.172,12.8V,,,81.953,155.43,271.52,24.36,105.8,00,0.0,4.0263,4.0249,4.0296,4.7,740FB817,737473737373737373737474747473737373737372727373,,,,,0,0,0,0,0,-39.56,0.01274,-0.00637,C9C8C9C9C9C9C9C9C9C9C9C9C9CACACACACACACACACACACACACA
2026-09-03T20:58:43.253524Z,2992.462,12.8V,,,81.953,155.43,271.52,24.36,105.8,00,0.0,4.0263,4.0249,4.0296,4.7,760FB417,737473737373737373737474747473737373737372727373,,,,,0,0,0,0,0,-39.56,0.01274,-0.00637,C9C8C9C9C9C9C9C9C9C9C9C9C9CACACACACACACACACACACACACA
2026-09-03T20:58:48.656206Z,2997.865,12.8V,,,81.953,155.43,271.52,24.36,105.8,00,0.0,4.0263,4.0249,4.0296,4.7,760FB317,737473737373737373737474747473737373737372727373,,,,,0,0,0,0,0,-39.56,0.01274,-0.00637,C9C8C9C9C9C9C9C9C9C9C9C9C9CACACACACACACACACACACACACA
2026-09-03T20:58:54.024873Z,3003.233,12.8V,,,81.953,155.43,271.52,24.36,105.8,00,0.0,4.0263,4.0249,4.0296,4.7,740FB817,737473737373737373737474747473737373737372727373,,,,,0,0,0,0,0,-39.56,0.01274,-0.00637,C9C8C9C9C9C9C9C9C9C9C9C9C9CACACACACACACACACACACACACA
2026-09-03T20:58:59.368235Z,3008.577,12.8V,,,81.953,155.43,271.52,24.36,105.8,00,0.0,4.0263,4.0249,4.0296,4.7,740FB817,737473737373737373737474747473737373737372727373,,,,,0,0,0,0,0,-39.56,0.01274,-0.00637,C9C8C9C9C9C9C9C9C9C9C9C9C9CACACACACACACACACACACACACA
2026-09-03T20:59:04.722973Z,3013.931,12.8V,,,81.953,155.43,271.52,24.36,105.8,00,0.0,4.0263,4.0249,4.0296,4.7,740FB417,737473737373737373737474747473737373737372727373,,,,,0,0,0,0,0,-39.56,0.01274,-0.00637,C9C8C9C9C9C9C9C9C9C9C9C9C9CACACACACACACACACACACACACA
2026-09-03T20:59:10.042693Z,3019.251,12.8V,,,81.953,155.43,271.52,24.36,105.8,00,0.0,4.0263,4.0249,4.0296,4.7,760FB717,737473737373737373737474747473737373737372727373,,,,,0,0,0,0,0,-39.56,0.01274,-0.00637,C9C8C9C9C9C9C9C9C9C9C9C9C9CACACACACACACACACACACACACA
2026-09-03T20:59:15.545441Z,3024.754,12.8V,,,81.953,155.43,271.52,24.36,105.8,00,0.0,4.0263,4.0249,4.0296,4.7,760FB817,737473737373737373737474747473737373737372727373,,,,,0,0,0,0,0,-39.56,0.01274,-0.00637,C9C8C9C9C9C9C9C9C9C9C9C9C9CACACACACACACACACACACACACA
2026-09-03T20:59:20.975026Z,3030.183,12.8V,,,81.953,155.43,271.52,24.36,105.8,00,0.0,4.0263,4.0249,4.0296,4.7,740FB417,737473737373737373737474747473737373737372727373,,,,,0,0,0,0,0,-39.56,0.01274,-0.00637,C9C8C9C9C9C9C9C9C9C9C9C9C9CACACACACACACACACACACACACA
2026-09-03T20:59:26.650950Z,3035.859,12.8V,,,81.953,155.43,271.52,24.36,105.8,00,0.0,4.0263,4.0249,4.0296,4.7,760FB817,737473737373737373737474747473737373737373727373,,,,,0,0,0,0,0,-39.56,0.01274,-0.00637,C9C8C9C9C9C9C9C9C9C9C9C9C9CACACACACACACACACACACACACA
2026-09-03T20:59:32.002806Z,3041.211,12.8V,,,81.953,155.43,271.52,24.36,105.8,00,0.0,4.0263,4.0249,4.0296,4.7,760FB417,737473737373737373737474747473737373737373727373,,,,,0,0,0,0,0,-39.56,0.01274,-0.00637,C9C8C9C9C9C9C9C9C9C9C9C9C9CACACACACACACACACACACACACA
2026-09-03T20:59:37.390315Z,3046.599,12.8V,,,81.953,155.43,271.52,24.36,105.8,00,0.0,4.0263,4.0249,4.0296,4.7,740FB817,737473737373737373737474747473737373737373727373,,,,,0,0,0,0,0,-39.56,0.01274,-0.00637,C9C8C9C9C9C9C9C9C9C9C9C9C9CACACACACACACACACACACACACA
2026-09-03T20:59:42.741366Z,3051.95,12.8V,,,81.953,155.43,271.52,24.36,105.8,00,0.0,4.0263,4.0249,4.0296,4.7,760FB817,737473737373737373737474747473737373737373727373,,,,,0,0,0,0,0,-39.56,0.01274,-0.00637,C9C8C9C9C9C9C9C9C9C9C9C9C9CACACACACACACACACACACACACA
2026-09-03T20:59:53.459381Z,3062.668,12.8V,,,81.953,155.43,271.52,24.36,105.8,00,0.0,4.0263,4.0249,4.0296,4.7,740FB817,737473737373737373737474747473737373737373727373,,,,,,,,,0,-39.56,0.01274,-0.00637,C9C8C9C9C9C9C9C9C9C9C9C9C9CACACACACACACACACACACACACA
2026-09-03T21:00:04.235263Z,3073.444,12.8V,,,81.953,155.43,271.52,24.36,105.8,00,0.0,4.0263,4.0249,4.0296,4.7,740FB417,737473737373737373737474747473737373737373727373,,,,,0,0,0,0,0,-39.56,0.01274,-0.00637,C9C8C9C9C9C9C9C9C9C9C9C9C9CACACACACACACACACACACACACA
2026-09-03T21:00:12.536882Z,3081.745,12.8V,,,81.953,155.43,271.52,24.36,105.8,00,0.0,4.0263,4.0249,4.0296,4.7,740FB817,737473737373737373737474747473737373737373727373,,,,,0,0,0,0,0,-39.56,0.01274,-0.00637,C9C8C9C9C9C9C9C9C9C9C9C9C9CACACACACACACACACACACACACA
2026-09-03T21:00:17.889992Z,3087.098,12.8V,,,81.953,155.43,271.52,24.36,105.8,00,0.0,4.0263,4.0249,4.0296,4.7,760FB817,737473737373737373737474747473737373737373727373,,,,,0,0,0,0,0,-39.56,0.01274,-0.00637,C9C8C9C9C9C9C9C9C9C9C9C9C9CACACACACACACACACACACACACA
2026-09-03T21:00:23.373255Z,3092.582,12.8V,,,81.953,155.43,271.52,24.36,105.8,00,0.0,4.0263,4.0249,4.0296,4.7,760FB417,737473737373737373737474747473737373737373727373,,,,,0,0,0,0,0,-39.56,0.01274,-0.00637,C9C8C9C9C9C9C9C9C9C9C9C9C9CACACACACACACACACACACACACA
2026-09-03T21:00:28.908759Z,3098.117,12.8V,,,81.953,155.43,271.52,24.36,105.8,00,0.0,4.0263,4.0249,4.0296,4.7,760FB417,737473737373737373737474747473737373737373727373,,,,,0,0,0,0,0,-39.56,0.01274,-0.00637,C9C8C9C9C9C9C9C9C9C9C9C9C9CACACACACACACACACACACACACA
2026-09-03T21:00:34.265485Z,3103.474,12.8V,,,81.953,155.43,271.52,24.36,105.8,00,0.0,4.0263,4.0249,4.0296,4.7,740FB317,737473737373737373737474747473737373737373727373,,,,,0,0,0,0,0,-39.56,0.01274,-0.00637,C9C8C9C9C9C9C9C9C9C9C9C9C9CACACACACACACACACACACACACA
2026-09-03T21:00:39.606529Z,3108.815,12.8V,,,81.953,155.43,271.52,24.36,105.8,00,0.0,4.0263,4.0249,4.0296,4.7,740FB317,737473737373737373737474747473737373737373727373,,,,,0,0,0,0,0,-39.56,0.01274,-0.00637,C9C8C9C9C9C9C9C9C9C9C9C9C9CACACACACACACACACACACACACA
2026-09-03T21:00:45.412343Z,3114.621,12.8V,,,81.953,155.43,271.52,24.36,105.8,00,0.0,4.0263,4.0249,4.0296,4.7,740FB417,737473737373737373737474747473737373737373727373,,,,,0,0,0,0,0,-39.56,0.01274,-0.00637,C9C8C9C9C9C9C9C9C9C9C9C9C9CACACACACACACACACACACACACA
2026-09-03T21:00:51.041019Z,3120.249,12.8V,,,81.953,155.43,271.52,24.36,105.8,00,0.0,4.0263,4.0249,4.0296,4.7,740FB317,737473737373737373737474747473737373737373727373,,,,,0,0,0,0,0,-39.56,0.01274,-0.00637,C9C8C9C9C9C9C9C9C9C9C9C9C9CACACACACACACACACACACACACA
2026-09-03T21:00:56.426461Z,3125.635,12.8V,,,81.953,155.43,271.52,24.36,105.8,00,0.0,4.0263,4.0249,4.0296,4.7,740FB417,737473737373737373737474747473737373737373727373,,,,,0,0,0,0,0,-39.56,0.01274,-0.00637,C9C8C9C9C9C9C9C9C9C9C9C9C9CACACACACACACACACACACACACA
2026-09-03T21:01:01.781951Z,3130.99,12.7V,,,81.953,155.43,271.52,24.36,105.8,00,0.0,4.0263,4.0249,4.0296,4.7,740FB817,737473737373737373737474747473737373737373727373,,,,,0,0,0,0,0,-39.56,0.01274,-0.00637,C9C8C9C9C9C9C9C9C9C9C9C9C9CACACACACACACACACACACACACA
2026-09-03T21:01:07.259325Z,3136.468,12.8V,,,81.953,155.43,271.52,24.36,105.8,00,0.0,4.0263,4.0249,4.0296,4.7,740FB417,737473737373737373737474747473737373737373727373,,,,,0,0,0,0,0,-39.56,0.01274,-0.00637,C9C8C9C9C9C9C9C9C9C9C9C9C9CACACACACACACACACACACACACA
2026-09-03T21:01:17.373421Z,3146.582,12.8V,,,81.953,155.43,271.52,24.36,105.8,00,0.0,4.0263,4.0249,4.0296,4.7,740FB817,737473737373737373737474747473737373737373727373,,,,,0,0,0,0,0,-39.56,0.01274,-0.00637,C9C8C9C9C9C9C9C9C9C9C9C9C9CACACACACACACACACACACACACA
2026-09-03T21:01:28.406110Z,3157.615,12.8V,,,81.953,155.43,271.52,24.36,105.8,00,0.0,4.0263,4.0249,4.0296,4.7,740FB817,737473737373737373737474747473737373737373727373,,,,,0,0,0,0,0,-39.56,0.01274,-0.00637,C9C8C9C9C9C9C9C9C9C9C9C9C9CACACACACACACACACACACACACA
2026-09-03T21:01:35.436476Z,3164.645,12.8V,,,81.953,155.43,271.52,24.36,105.8,00,0.0,4.0263,4.0249,4.0296,4.7,740FB817,737473737373737373737474747473737373737373727373,,,,,0,0,0,0,0,-39.56,0.01274,-0.00637,C9C8C9C9C9C9C9C9C9C9C9C9C9CACACACACACACACACACACACACA
2026-09-03T21:01:40.799088Z,3170.008,12.7V,,,81.953,155.43,271.52,24.36,105.8,00,0.0,4.0263,4.0249,4.0296,4.7,760FB817,737473737373737373737474747473737373737373727373,,,,,0,0,0,0,0,-39.56,0.01274,-0.00637,C9C8C9C9C9C9C9C9C9C9C9C9C9CACACACACACACACACACACACACA
2026-09-03T21:01:46.156655Z,3175.365,12.8V,,,81.953,155.43,271.52,24.36,105.8,00,0.0,4.0263,4.0249,4.0296,4.7,760FB817,737473737373737373737474747473737373737373727373,,,,,0,0,0,0,0,-39.56,0.01274,-0.00637,C9C8C9C9C9C9C9C9C9C9C9C9C9CACACACACACACACACACACACACA
2026-09-03T21:01:51.536584Z,3180.745,12.8V,,,81.953,155.43,271.52,24.36,105.8,00,0.0,4.0263,4.0249,4.0297,4.8,760FB817,737473737373737373737474747473737373737373727373,,,,,0,0,0,0,0,-39.56,0.01274,-0.00637,C9C8C9C9C9C9C9C9C9C9C9C9C9CACACACACACACACACACACACACA
2026-09-03T21:01:56.909024Z,3186.117,12.7V,,,81.953,155.43,271.52,24.36,105.8,00,0.0,4.0263,4.0249,4.0296,4.7,760FB317,737473737373737373737474747473737373737373727373,,,,,0,0,0,0,0,-39.56,0.01274,-0.00637,C9C8C9C9C9C9C9C9C9C9C9C9C9CACACACACACACACACACACACACA
2026-09-03T21:02:02.268001Z,3191.476,12.8V,,,81.953,155.43,271.52,24.36,105.8,00,0.0,4.0263,4.0249,4.0296,4.7,760FB417,737473737373737373737474747473737373737373727373,,,,,0,0,0,0,0,-39.56,0.01274,-0.00637,C9C8C9C9C9C9C9C9C9C9C9C9C9CACACACACACACACACACACACACA
2026-09-03T21:02:07.619089Z,3196.827,12.8V,,,81.953,155.43,271.52,24.36,105.8,00,0.0,4.0263,4.0249,4.0296,4.7,760FB817,737473737373737373737474747473737373737373727373,,,,,0,0,0,0,0,-39.56,0.01274,-0.00637,C9C8C9C9C9C9C9C9C9C9C9C9C9CACACACACACACACACACACACACA
2026-09-03T21:02:12.991116Z,3202.2,12.8V,,,81.953,155.43,271.52,24.36,105.8,00,0.0,4.0263,4.0249,4.0296,4.7,740FB317,737473737373737373737474747473737373737373727373,,,,,0,0,0,0,0,-39.56,0.01274,-0.00637,C9C8C9C9C9C9C9C9C9C9C9C9C9CACACACACACACACACACACACACA
2026-09-03T21:02:18.525320Z,3207.734,12.7V,,,81.953,155.43,271.52,24.36,105.8,00,0.0,4.0263,4.0249,4.0296,4.7,760FB417,737473737373737373737474747473737373737373727373,,,,,0,0,0,0,0,-39.56,0.01274,-0.00637,C9C8C9C9C9C9C9C9C9C9C9C9C9CACACACACACACACACACACACACA
2026-09-03T21:02:23.860869Z,3213.069,12.7V,,,81.953,155.43,271.52,24.36,105.8,00,0.0,4.0263,4.0249,4.0296,4.7,760FB417,737473737373737373737474747473737373737373727373,,,,,0,0,0,0,0,-39.56,0.01274,-0.00637,C9C8C9C9C9C9C9C9C9C9C9C9C9CACACACACACACACACACACACACA
2026-09-03T21:02:29.215843Z,3218.424,12.7V,,,81.953,155.43,271.52,24.36,105.8,00,0.0,4.0263,4.0249,4.0296,4.7,760FB417,737473737373737373737474747473737373737373727373,,,,,0,0,0,0,0,-39.56,0.01274,-0.00637,C9C8C9C9C9C9C9C9C9C9C9C9C9CACACACACACACACACACACACACA
2026-09-03T21:02:34.585984Z,3223.794,12.7V,,,81.953,,271.52,24.36,105.8,00,,4.0263,4.0249,4.0296,4.7,760FB417,737473737373737373737474747473737373737373727373,,,,,0,0,0,0,0,-39.56,0.01274,-0.00637,C9C8C9C9C9C9C9C9C9C9C9C9C9CACACACACACACACACACACACACA
2026-09-03T21:02:40.533365Z,3229.742,12.7V,,,81.953,155.43,271.52,24.36,105.8,00,0.0,4.0263,4.0249,4.0296,4.7,760FB417,737473737373737373737474747473737373737373727373,,,,,0,0,0,0,0,-39.56,0.01274,-0.00637,C9C8C9C9C9C9C9C9C9C9C9C9C9CACACACACACACACACACACACACA
2026-09-03T21:02:47.233060Z,3236.441,12.7V,,,81.953,155.43,271.52,24.36,105.8,00,0.0,4.0263,4.0249,4.0296,4.7,760FB417,737473737373737373737474747473737373737373727373,,,,,0,0,0,0,0,-39.56,0.01274,-0.00637,C9C8C9C9C9C9C9C9C9C9C9C9C9CACACACACACACACACACACACACA
2026-09-03T21:02:58.595505Z,3247.804,12.7V,,,81.953,155.43,271.52,24.36,105.8,00,0.0,4.0263,4.0249,4.0296,4.7,760FB317,737473737373737373737474747473737373737373727373,,,,,,,,,0,-39.56,0.01274,-0.00637,C9C8C9C9C9C9C9C9C9C9C9C9C9CACACACACACACACACACACACACA
2026-09-03T21:03:09.478030Z,3258.686,12.7V,,,81.953,155.43,271.52,24.36,105.8,00,0.0,4.0263,4.0249,4.0296,4.7,740FB417,737473737373737373737474747473737373737373727373,,,,,0,0,0,0,0,-39.56,0.01274,-0.00637,C9C8C9C9C9C9C9C9C9C9C9C9C9CACACACACACACACACACACACACA
2026-09-03T21:03:14.860958Z,3264.069,12.7V,,,81.953,155.43,271.52,24.36,105.8,00,0.0,4.0263,4.0249,4.0296,4.7,740FB317,737473737373737373737474747473737373737373727373,,,,,0,0,0,0,0,-39.56,0.01274,-0.00637,C9C8C9C9C9C9C9C9C9C9C9C9C9CACACACACACACACACACACACACA
2026-09-03T21:03:20.223458Z,3269.432,12.8V,,,81.953,155.43,271.52,24.36,105.8,00,0.0,4.0263,4.0249,4.0297,4.8,760FB417,737473737373737373737474747473737373737373727373,,,,,0,0,0,0,0,-39.56,0.01274,-0.00637,C9C8C9C9C9C9C9C9C9C9C9C9C9CACACACACACACACACACACACACA
2026-09-03T21:03:25.568121Z,3274.777,12.7V,,,81.953,155.43,271.52,24.36,105.8,00,0.0,4.0263,4.025,4.0296,4.6,740FB817,737473737373737373737474747473737373737373727373,,,,,0,0,0,0,0,-39.56,0.01274,-0.00637,C9C8C9C9C9C9C9C9C9C9C9C9C9CACACACACACACACACACACACACA
2026-09-03T21:03:30.931070Z,3280.14,12.7V,,,81.953,155.43,271.52,24.36,105.8,00,0.0,4.0263,4.0249,4.0296,4.7,760FB317,737473737373737373737474747473737373737373727373,,,,,0,0,0,0,0,-39.56,0.01274,-0.00637,C9C8C9C9C9C9C9C9C9C9C9C9C9CACACACACACACACACACACACACA
2026-09-03T21:03:36.672692Z,3285.881,12.7V,,,81.953,155.43,271.52,24.36,105.8,00,0.0,4.0263,4.0249,4.0296,4.7,760FB417,737473737373737373737474747473737373737373727373,,,,,0,0,0,0,0,-39.56,0.01274,-0.00637,C9C8C9C9C9C9C9C9C9C9C9C9C9CACACACACACACACACACACACACA
2026-09-03T21:03:42.416559Z,3291.625,12.7V,,,81.953,155.43,271.52,24.36,105.8,00,0.0,4.0263,4.0249,4.0296,4.7,760FB817,737473737373737373737474747473737373737373727373,,,,,0,0,0,0,0,-39.56,0.01274,-0.00637,C9C8C9C9C9C9C9C9C9C9C9C9C9CACACACACACACACACACACACACA
2026-09-03T21:03:47.773517Z,3296.982,12.7V,,,81.953,155.43,271.52,24.36,105.8,00,0.0,4.0263,4.0249,4.0296,4.7,760FB817,737473737373737373737474747473737373737373727373,,,,,0,0,0,0,0,-39.56,0.01274,-0.00637,C9C8C9C9C9C9C9C9C9C9C9C9C9CACACACACACACACACACACACACA
2026-09-03T21:03:53.115623Z,3302.324,12.7V,,,81.953,155.43,271.52,,105.8,00,0.0,4.0263,4.0249,4.0296,4.7,760FB417,737473737373737373737474747473737373737373727373,,,,,0,0,0,0,0,-39.56,0.01274,-0.00637,C9C8C9C9C9C9C9C9C9C9C9C9C9CACACACACACACACACACACACACA
2026-09-03T21:03:59.077821Z,3308.286,12.7V,,,81.953,155.43,271.52,24.36,105.8,00,0.0,4.0263,4.0249,4.0296,4.7,760FB817,737473737373737373737474747473737373737373727373,,,,,0,0,0,0,0,-39.56,0.01274,-0.00637,C9C8C9C9C9C9C9C9C9C9C9C9C9CACACACACACACACACACACACACA
2026-09-03T21:04:04.454733Z,3313.663,12.7V,,,81.953,155.43,271.52,24.36,105.8,00,0.0,4.0263,4.0249,4.0296,4.7,760FB417,737473737373737373737474747473737373737373727373,,,,,0,0,0,0,0,-39.56,0.01274,-0.00637,C9C8C9C9C9C9C9C9C9C9C9C9C9CACACACACACACACACACACACACA
2026-09-03T21:04:11.294039Z,3320.502,12.7V,,,81.953,155.43,271.52,24.36,105.8,00,0.0,4.0263,4.0249,4.0296,4.7,760FB817,737473737373737373737474747473737373737373737373,,,,,0,0,0,0,0,-39.56,0.01274,-0.00637,C9C8C9C9C9C9C9C9C9C9C9C9C9CACACACACACACACACACACACACA
2026-09-03T21:04:22.861782Z,3332.07,12.7V,,,81.953,155.43,271.52,24.36,105.8,00,0.0,4.0263,4.0249,4.0296,4.7,760FB417,737473737373737373737474747473737373737373737373,,,,,0,0,0,0,0,-39.56,0.01274,-0.00637,C9C8C9C9C9C9C9C9C9C9C9C9C9CACACACACACACACACACACACACA
2026-09-03T21:04:33.586509Z,3342.795,12.7V,,,81.953,155.43,271.52,24.36,105.8,00,0.0,4.0263,4.0249,4.0296,4.7,740FB417,737473737373737373737474747473737373737373737373,,,,,0,0,0,0,0,-39.56,0.01274,-0.00637,C9C8C9C9C9C9C9C9C9C9C9C9C9CACACACACACACACACACACACACA
2026-09-03T21:04:38.943640Z,3348.152,12.7V,,,81.953,155.43,271.52,24.36,105.8,00,0.0,4.0263,4.0249,4.0296,4.7,760FB317,737473737373737373737474747473737373737373737373,,,,,0,0,0,0,0,-39.56,0.01274,-0.00637,C9C8C9C9C9C9C9C9C9C9C9C9C9CACACACACACACACACACACACACA
2026-09-03T21:04:44.302533Z,3353.511,12.7V,,,81.953,155.43,271.52,24.36,105.8,00,0.0,4.0264,4.0249,4.0296,4.7,760FB317,737473737373737373737474747473737373737373737373,,,,,0,0,0,0,0,-39.56,0.01274,-0.00637,C9C8C9C9C9C9C9C9C9C9C9C9C9CACACACACACACACACACACACACA
2026-09-03T21:04:49.656504Z,3358.865,12.7V,,,81.953,155.43,271.52,24.36,105.8,00,0.0,4.0263,4.025,4.0296,4.6,740FB417,737473737373737373737474747473737373737373737373,,,,,0,0,0,0,0,-39.56,0.01274,-0.00637,C9C8C9C9C9C9C9C9C9C9C9C9C9CACACACACACACACACACACACACA
2026-09-03T21:04:55.024075Z,3364.232,12.7V,,,81.953,155.43,271.52,24.36,105.8,00,0.0,4.0263,4.0249,4.0296,4.7,740FB817,737473737373737373737474747473737373737373737373,,,,,0,0,0,0,0,-39.56,0.01274,-0.00637,C9C8C9C9C9C9C9C9C9C9C9C9C9CACACACACACACACACACACACACA
2026-09-03T21:05:00.548149Z,3369.757,12.7V,,,81.953,155.43,271.52,24.36,105.8,00,0.0,4.0263,4.0249,4.0296,4.7,760FB417,737473737373737373737474747473737373737373737373,,,,,0,0,0,0,0,-39.56,0.01274,-0.00637,C9C8C9C9C9C9C9C9C9C9C9C9C9CACACACACACACACACACACACACA
2026-09-03T21:05:05.874243Z,3375.083,12.7V,,,81.953,155.43,271.52,24.36,105.8,00,0.0,4.0263,4.0249,4.0297,4.8,760FB817,737473737373737373737474747473737373737373737373,,,,,0,0,0,0,0,-39.56,0.01274,-0.00637,C9C8C9C9C9C9C9C9C9C9C9C9C9CACACACACACACACACACACACACA
2026-09-03T21:05:11.223887Z,3380.432,12.7V,,,81.953,155.43,271.52,24.36,105.8,00,0.0,4.0264,4.0249,4.0296,4.7,760FB417,737473737373737373737474747473737373737373737373,,,,,0,0,0,0,0,-39.56,,-0.00637,C9C8C9C9C9C9C9C9C9C9C9C9C9CACACACACACACACACACACACACA
2026-09-03T21:05:17.178327Z,3386.387,12.7V,,,81.953,155.43,271.52,24.36,105.8,00,0.0,4.0263,4.0249,4.0296,4.7,760FB317,737473737373737373737474747473737373737373737373,,,,,0,0,0,0,0,-39.56,0.01274,-0.00637,C9C8C9C9C9C9C9C9C9C9C9C9C9CACACACACACACACACACACACACA
2026-09-03T21:05:22.520755Z,3391.729,12.7V,,,81.953,155.43,271.52,24.36,105.8,00,0.0,4.0264,4.0249,4.0296,4.7,740FB317,737473737373737373737474747473737373737373737373,,,,,0,0,0,0,0,-39.56,0.01274,-0.00637,C9C8C9C9C9C9C9C9C9C9C9C9C9CACACACACACACACACACACACACA
2026-09-03T21:05:27.936581Z,3397.145,12.7V,,,81.953,155.43,271.52,24.36,105.8,00,0.0,4.0263,4.0249,4.0296,4.7,760FB417,737473737373737373737474747473737373737373737373,,,,,0,0,0,0,0,-39.56,0.01274,-0.00637,C9C8C9C9C9C9C9C9C9C9C9C9C9CACACACACACACACACACACACACA
2026-09-03T21:05:35.685220Z,3404.894,12.7V,,,81.953,155.43,271.52,24.36,105.8,00,0.0,4.0264,4.0249,4.0296,4.7,760FB317,737473737373737373737474747473737373737373737373,,,,,0,0,0,0,0,-39.56,0.01274,-0.00637,C9C8C9C9C9C9C9C9C9C9C9C9C9CACACACACACACACACACACACACA
2026-09-03T21:05:46.303511Z,3415.512,12.7V,,,81.953,155.43,271.52,24.36,105.8,00,0.0,4.0264,4.025,4.0296,4.6,740FB417,737473737373737373737474747473737373737373737373,,,,,0,0,0,0,0,-39.56,0.01274,-0.00637,C9C8C9C9C9C9C9C9C9C9C9C9C9CACACACACACACACACACACACACA
2026-09-03T21:05:56.538814Z,3425.747,12.7V,,,81.953,155.43,271.52,24.36,105.8,00,0.0,4.0264,4.0249,4.0296,4.7,760FB417,737473737373737373737474747473737373737373737373,,,,,0,0,0,0,0,-39.56,0.01274,-0.00637,C9C8C9C9C9C9C9C9C9C9C9C9C9CACACACACACACACACACACACACA
2026-09-03T21:06:02.631374Z,3431.84,12.7V,,,81.953,155.43,271.52,24.36,105.8,00,0.0,4.0264,4.025,4.0296,4.6,740FB317,737473737373737373737474747473737373737373737373,,,,,0,0,0,0,0,-39.56,0.01274,-0.00637,C9C8C9C9C9C9C9C9C9C9C9C9C9CACACACACACACACACACACACACA
2026-09-03T21:06:07.981264Z,3437.19,12.7V,,,81.953,155.43,271.52,24.36,105.8,00,0.0,4.0263,4.0249,4.0296,4.7,760FB417,737473737373737373737474747473737373737373737373,,,,,0,0,0,0,0,-39.56,0.01274,-0.00637,C9C8C9C9C9C9C9C9C9C9C9C9C9CACACACACACACACACACACACACA
2026-09-03T21:06:13.345939Z,3442.554,12.7V,,,81.953,155.43,271.52,24.36,105.8,00,0.0,4.0264,4.0249,4.0296,4.7,760FB317,737473737373737373737474747473737373737373737373,,,,,0,0,0,0,0,-39.56,0.01274,-0.00637,C9C8C9C9C9C9C9C9C9C9C9C9C9CACACACACACACACACACACACACA
2026-09-03T21:06:18.781873Z,3447.99,12.7V,,,81.953,155.43,271.52,24.36,105.8,00,0.0,4.0264,4.0249,4.0297,4.8,760FB417,737473737373737373737474747473737373737373737373,,,,,0,0,0,0,0,-39.56,0.01274,-0.00637,C9C8C9C9C9C9C9C9C9C9C9C9C9CACACACACACACACACACACACACA
2026-09-03T21:06:24.133877Z,3453.342,12.7V,,,81.953,155.43,271.52,24.36,105.8,00,0.0,4.0264,4.0249,4.0296,4.7,760FB317,737473737373737373737474747473737373737373737373,,,,,0,0,0,0,0,-39.56,0.01274,-0.00637,C9C8C9C9C9C9C9C9C9C9C9C9C9CACACACACACACACACACACACACA
2026-09-03T21:06:29.492048Z,3458.7,12.7V,,,81.953,155.43,271.52,24.36,105.8,00,0.0,4.0263,4.0249,4.0296,4.7,760FB317,737473737373737373737474747473737373737373737373,,,,,0,0,0,0,0,-39.56,0.01274,-0.00637,C9C8C9C9C9C9C9C9C9C9C9C9C9CACACACACACACACACACACACACA
2026-09-03T21:06:34.269942Z,3463.478,12.7V,,,81.953,155.43,271.52,24.36,105.8,00,0.0,4.0264,4.025,4.0296,4.6,740FB317,737473737373737373737474747473737373737373737373,,,,,0,0,0,0,0,-39.56,0.01274,-0.00637,C9C8C9C9C9C9C9C9C9C9C9C9C9CACACACACACACACACACACACACA
2026-09-03T21:06:39.633062Z,3468.841,12.7V,,,81.953,155.43,271.52,24.36,105.8,00,0.0,4.0264,4.025,4.0296,4.6,740FB417,737473737373737373737474747473737373737373737373,,,,,0,0,0,0,0,-39.56,0.01274,-0.00637,C9C8C9C9C9C9C9C9C9C9C9C9C9CACACACACACACACACACACACACA
2026-09-03T21:06:44.986638Z,3474.195,12.7V,,,81.953,155.43,271.52,24.36,105.8,00,0.0,4.0263,4.0249,4.0296,4.7,760FB317,737473737373737373737474747473737373737373737373,,,,,0,0,0,0,0,-39.56,0.01274,-0.00637,C9C8C9C9C9C9C9C9C9C9C9C9C9CACACACACACACACACACACACACA
2026-09-03T21:06:50.396848Z,3479.605,12.7V,,,81.953,155.43,271.52,24.36,105.8,00,0.0,4.0264,4.0249,4.0296,4.7,760FB817,737473737373737373737474747473737373737373737373,,,,,0,0,0,0,0,-39.56,0.01274,-0.00637,C9C8C9C9C9C9C9C9C9C9C9C9C9CACACACACACACACACACACACACA
2026-09-03T21:06:55.744157Z,3484.953,12.7V,,,81.953,155.43,271.52,24.36,105.8,00,0.0,4.0264,4.0249,4.0296,4.7,760FB417,737473737373737373737474747473737373737373737373,,,,,0,0,0,0,0,-39.56,0.01274,-0.00637,C9C8C9C9C9C9C9C9C9C9C9C9C9CACACACACACACACACACACACACA
2026-09-03T21:07:01.126114Z,3490.335,12.7V,,,81.953,155.43,271.52,24.36,105.8,00,0.0,4.0264,4.0249,4.0296,4.7,740FB417,737473737373737373737474747473737373737373737373,,,,,0,0,0,0,0,-39.56,0.01274,-0.00637,C9C8C9C9C9C9C9C9C9C9C9C9C9CACACACACACACACACACACACACA
2026-09-03T21:07:06.635262Z,3495.844,12.7V,,,81.953,155.43,271.52,24.36,105.8,00,0.0,4.0263,4.0249,4.0296,4.7,760FB417,737473737373737373737474747473737373737373737373,,,,,0,0,0,0,0,-39.56,0.01274,-0.00637,C9C8C9C9C9C9C9C9C9C9C9C9C9CACACACACACACACACACACACACA
2026-09-03T21:07:17.525033Z,3506.733,12.7V,,,81.953,155.43,271.52,24.36,105.8,00,0.0,4.0264,4.0249,4.0296,4.7,760FB317,737473737373737373737474747473737373737373737373,,,,,0,0,0,0,0,-39.56,0.01274,-0.00637,C9C8C9C9C9C9C9C9C9C9C9C9C9CACACACACACACACACACACACACA
2026-09-03T21:07:27.965038Z,3517.173,12.7V,,,81.953,155.43,271.52,24.36,105.8,00,0.0,4.0264,4.0249,4.0296,4.7,760FB417,737473737373737373737474747473737373737373737373,,,,,0,0,0,0,0,-39.56,0.01274,-0.00637,C9C8C9C9C9C9C9C9C9C9C9C9C9CACACACACACACACACACACACACA
2026-09-03T21:07:35.025060Z,3524.233,12.7V,,,81.953,155.43,271.52,24.36,105.8,00,0.0,4.0264,4.0249,4.0296,4.7,760FB417,737473737373737373737474747473737373737373737373,,,,,0,0,0,0,0,-39.56,0.01274,-0.00637,C9C8C9C9C9C9C9C9C9C9C9C9C9CACACACACACACACACACACACACA
2026-09-03T21:07:40.749814Z,3529.958,12.7V,,,81.953,155.43,271.52,24.36,105.8,00,0.0,4.0264,4.0249,4.0296,4.7,760FB317,737473737373737373737474747473737373737373737373,,,,,0,0,0,0,0,-39.56,0.01274,-0.00637,C9C8C9C9C9C9C9C9C9C9C9C9C9CACACACACACACACACACACACACA
2026-09-03T21:07:46.087528Z,3535.296,12.7V,,,81.953,155.43,271.52,24.36,105.8,00,0.0,4.0264,4.025,4.0296,4.6,740FB317,737473737373737373737474747473737373737373737373,,,,,0,0,0,0,0,-39.56,0.01274,-0.00637,C9C8C9C9C9C9C9C9C9C9C9C9C9CACACACACACACACACACACACACA
2026-09-03T21:07:51.482623Z,3540.691,12.7V,,,81.953,155.43,271.52,24.36,105.8,00,0.0,4.0264,4.0249,4.0296,4.7,760FB417,737473737373737373737474747473737373737373737373,,,,,0,0,0,0,0,-39.56,0.01274,-0.00637,C9C8C9C9C9C9C9C9C9C9C9C9C9CACACACACACACACACACACACACA
2026-09-03T21:07:56.826108Z,3546.035,12.7V,,,81.953,155.43,271.52,24.36,105.8,00,0.0,4.0264,4.0249,4.0296,4.7,760FB417,737473737373737373737474747473737373737373737373,,,,,0,0,0,0,0,-39.56,0.01274,-0.00637,C9C8C9C9C9C9C9C9C9C9C9C9C9CACACACACACACACACACACACACA
2026-09-03T21:08:02.184705Z,3551.393,12.7V,,,81.953,155.43,271.52,24.36,105.8,00,0.0,4.0264,4.025,4.0296,4.6,740FB317,737473737373737373737474747473737373737373737373,,,,,0,0,0,0,0,-39.56,0.01274,-0.00637,C9C8C9C9C9C9C9C9C9C9C9C9C9CACACACACACACACACACACACACA
2026-09-03T21:08:07.531192Z,3556.74,12.7V,,,81.953,155.43,271.52,24.36,105.8,00,0.0,4.0264,4.025,4.0296,4.6,740FB317,737473737373737373737474747473737373737373737373,,,,,0,0,0,0,0,-39.56,0.01274,-0.00637,C9C8C9C9C9C9C9C9C9C9C9C9C9CACACACACACACACACACACACACA
2026-09-03T21:08:13.451020Z,3562.659,12.7V,,,81.953,155.43,271.52,24.36,105.8,00,0.0,4.0264,4.0249,4.0296,4.7,740FB417,737473737373737373737474747473737373737373737373,,,,,0,0,0,0,0,-39.56,0.01274,-0.00637,C9C8C9C9C9C9C9C9C9C9C9C9C9CACACACACACACACACACACACACA
2026-09-03T21:08:18.981030Z,3568.189,12.7V,,,81.953,155.43,271.52,24.36,105.8,00,0.0,4.0264,4.0249,4.0296,4.7,740FB317,737473737373737373737474747473737373737373737373,,,,,0,0,0,0,0,-39.56,0.01274,-0.00637,C9C8C9C9C9C9C9C9C9C9C9C9C9CACACACACACACACACACACACACA
2026-09-03T21:08:24.727010Z,3573.935,12.7V,,,81.953,155.43,271.52,24.36,105.8,00,0.0,4.0264,4.0249,4.0297,4.8,760FB817,737473737373737373737474747473737373737373737373,,,,,0,0,0,0,0,-39.56,0.01274,-0.00637,C9C8C9C9C9C9C9C9C9C9C9C9C9CACACACACACACACACACACACACA
2026-09-03T21:08:35.024497Z,3584.233,12.7V,,,81.953,155.43,271.52,24.36,105.8,00,0.0,4.0264,4.0249,4.0296,4.7,740FB417,737473737373737373737474747473737373737373737373,,,,,0,0,0,0,0,-39.56,0.01274,-0.00637,C9C8C9C9C9C9C9C9C9C9C9C9C9CACACACACACACACACACACACACA
2026-09-03T21:08:45.655072Z,3594.863,12.7V,,,81.953,155.43,271.52,24.36,105.8,00,0.0,4.0264,4.025,4.0296,4.6,740FB317,737473737373737373737474747473737373737373737373,,,,,0,0,0,0,0,-39.56,0.01274,-0.00637,C9C8C9C9C9C9C9C9C9C9C9C9C9CACACACACACACACACACACACACA
2026-09-03T21:08:52.565468Z,3601.774,12.7V,,,81.953,155.43,271.52,24.36,105.8,00,0.0,4.0264,4.025,4.0296,4.6,740FB317,737473737373737373737474747473737373737373737373,,,,,0,0,0,0,0,-39.56,0.01274,-0.00637,C9C8C9C9C9C9C9C9C9C9C9C9C9CACACACACACACACACACACACACA
2026-09-03T21:08:57.910530Z,3607.119,12.7V,,,81.953,155.43,271.52,24.36,105.8,00,0.0,4.0264,4.025,4.0297,4.7,740FB817,737473737373737373737474747473737373737373737373,,,,,0,0,0,0,0,-39.56,0.01274,-0.00637,C9C8C9C9C9C9C9C9C9C9C9C9C9CACACACACACACACACACACACACA
2026-09-03T21:09:03.246214Z,3612.455,12.7V,,,81.953,155.43,271.52,24.36,105.8,00,0.0,4.0263,4.0249,4.0296,4.7,760FB817,737473737373737373737474747473737373737373737373,,,,,0,0,0,0,0,-39.56,0.01274,-0.00637,C9C8C9C9C9C9C9C9C9C9C9C9C9CACACACACACACACACACACACACA
2026-09-03T21:09:09.146405Z,3618.355,12.7V,,,,,271.52,24.36,105.8,00,,4.0264,4.0249,4.0296,4.7,760FB317,737473737373737373737474747473737373737373737373,,,,,0,0,0,0,0,-39.56,0.01274,-0.00637,C9C8C9C9C9C9C9C9C9C9C9C9C9CACACACACACACACACACACACACA
2026-09-03T21:09:15.244618Z,3624.453,12.7V,,,81.953,155.43,271.52,24.36,105.8,00,0.0,4.0264,4.025,4.0296,4.6,740FB317,737473737373737373737474747473737373737373737373,,,,,0,0,0,0,0,-39.56,0.01274,-0.00637,C9C8C9C9C9C9C9C9C9C9C9C9C9CACACACACACACACACACACACACA
2026-09-03T21:09:20.655455Z,3629.864,12.7V,,,81.953,155.43,271.52,24.36,105.8,00,0.0,4.0264,4.0249,4.0297,4.8,760FB817,737473737373737373737474747473737373737373737373,,,,,0,0,0,0,0,-39.56,0.01274,-0.00637,C9C8C9C9C9C9C9C9C9C9C9C9C9CACACACACACACACACACACACACA
2026-09-03T21:09:26.002349Z,3635.211,12.7V,,,81.953,155.43,271.52,24.36,105.8,00,0.0,4.0264,4.025,4.0296,4.6,740FB417,737473737373737373737474747473737373737373737373,,,,,0,0,0,0,0,-39.56,0.01274,-0.00637,C9C8C9C9C9C9C9C9C9C9C9C9C9CACACACACACACACACACACACACA
2026-09-03T21:09:31.324691Z,3640.533,12.7V,,,81.953,155.43,271.52,24.36,105.8,00,0.0,4.0264,4.0249,4.0296,4.7,760FB317,737473737373737373737474747473737373737373737373,,,,,0,0,0,0,0,-39.56,0.01274,-0.00637,C9C8C9C9C9C9C9C9C9C9C9C9C9CACACACACACACACACACACACACA
2026-09-03T21:09:36.670356Z,3645.879,12.7V,,,81.953,155.43,271.52,24.36,105.8,00,0.0,4.0264,4.025,4.0296,4.6,740FB817,737473737373737373737474747473737373737373737373,,,,,0,0,0,0,0,-39.56,0.01274,-0.00637,C9C8C9C9C9C9C9C9C9C9C9C9C9CACACACACACACACACACACACACA
2026-09-03T21:09:42.692833Z,3651.901,12.7V,,,81.953,155.43,271.52,24.36,105.8,00,0.0,4.0264,4.0249,4.0297,4.8,760FB817,737473737373737373737474747473737373737373737373,,,,,0,0,0,0,0,-39.56,0.01274,-0.00637,C9C8C9C9C9C9C9C9C9C9C9C9C9CACACACACACACACACACACACACA
2026-09-03T21:09:49.303623Z,3658.512,12.7V,,,81.953,155.43,271.52,24.36,105.8,00,0.0,4.0264,4.025,4.0297,4.7,740FB817,737473737373737373737474747473737373737373737373,,,,,0,0,0,0,0,-39.56,0.01274,-0.00637,C9C8C9C9C9C9C9C9C9C9C9C9C9CACACACACACACACACACACACACA
2026-09-03T21:10:00.289737Z,3669.498,12.7V,,,81.953,155.43,271.52,24.36,105.8,00,0.0,4.0264,4.025,4.0296,4.6,740FB317,737473737373737373737474747473737373737373737373,,,,,0,0,0,0,0,-39.56,0.01274,-0.00637,C9C8C9C9C9C9C9C9C9C9C9C9C9CACACACACACACACACACACACACA
2026-09-03T21:10:11.030084Z,3680.238,12.7V,,,81.953,155.43,271.52,24.36,105.8,00,0.0,4.0264,4.0249,4.0296,4.7,760FB417,737473737373737373737474747473737373737373737373,,,,,0,0,0,0,0,-39.56,0.01274,-0.00637,C9C8C9C9C9C9C9C9C9C9C9C9C9CACACACACACACACACACACACACA
2026-09-03T21:10:16.383763Z,3685.592,12.7V,,,81.953,155.43,271.52,24.36,105.8,00,0.0,4.0264,4.0249,4.0296,4.7,760FB317,737473737373737373737474747473737373737373737373,,,,,0,0,0,0,0,-39.56,0.01274,-0.00637,C9C8C9C9C9C9C9C9C9C9C9C9C9CACACACACACACACACACACACACA
2026-09-03T21:10:21.921101Z,3691.13,12.7V,,,81.953,155.43,271.52,24.36,105.8,00,0.0,4.0264,4.025,4.0296,4.6,740FB817,737473737373737373737474747473737373737373737373,,,,,0,0,0,0,0,-39.56,0.01274,-0.00637,C9C8C9C9C9C9C9C9C9C9C9C9C9CACACACACACACACACACACACACA
2026-09-03T21:10:27.843977Z,3697.052,12.7V,,,,,271.52,24.36,105.8,00,,4.0264,4.025,4.0297,4.7,740FB817,737473737373737373737474747473737373737373737373,,,,,0,0,0,0,0,-39.56,0.01274,-0.00637,C9C8C9C9C9C9C9C9C9C9C9C9C9CACACACACACACACACACACACACA
2026-09-03T21:10:33.956508Z,3703.165,12.7V,,,81.953,155.43,271.52,24.36,105.8,00,0.0,4.0264,4.025,4.0296,4.6,740FB417,737473737373737373737474747473737373737373737373,,,,,0,0,0,0,0,-39.56,0.01274,-0.00637,C9C8C9C9C9C9C9C9C9C9C9C9C9CACACACACACACACACACACACACA
2026-09-03T21:10:39.304206Z,3708.513,12.7V,,,81.953,155.43,271.52,24.36,105.8,00,0.0,4.0264,4.0249,4.0296,4.7,760FB417,737473737373737373737474747473737373737373737373,,,,,0,0,0,0,0,-39.56,0.01274,-0.00637,C9C8C9C9C9C9C9C9C9C9C9C9C9CACACACACACACACACACACACACA
2026-09-03T21:10:44.642934Z,3713.851,12.7V,,,81.953,155.43,271.52,24.36,105.8,00,0.0,4.0264,4.025,4.0297,4.7,740FB417,737473737373737373737474747473737373737373737373,,,,,0,0,0,0,0,-39.56,0.01274,-0.00637,C9C8C9C9C9C9C9C9C9C9C9C9C9CACACACACACACACACACACACACA
2026-09-03T21:10:49.987027Z,3719.195,12.7V,,,81.953,155.43,271.52,24.36,105.8,00,0.0,4.0264,4.025,4.0296,4.6,740FB317,737473737373737373737474747473737373737373737373,,,,,0,0,0,0,0,-39.56,0.01274,-0.00637,C9C8C9C9C9C9C9C9C9C9C9C9C9CACACACACACACACACACACACACA
2026-09-03T21:10:55.330228Z,3724.539,12.7V,,,81.953,155.43,271.52,24.36,105.8,00,0.0,4.0264,4.025,4.0296,4.6,740FB317,737473737373737373737474747473737373737373737373,,,,,0,0,0,0,0,-39.56,0.01274,-0.00637,C9C8C9C9C9C9C9C9C9C9C9C9C9CACACACACACACACACACACACACA
2026-09-03T21:11:01.411653Z,3730.62,12.7V,,,81.953,155.43,271.52,24.36,105.8,00,0.0,4.0264,4.025,4.0296,4.6,740FB417,737473737373737373737474747473737373737373737373,,,,,0,0,0,0,0,-39.56,0.01274,-0.00637,C9C8C9C9C9C9C9C9C9C9C9C9C9CACACACACACACACACACACACACA
2026-09-03T21:11:08.203645Z,3737.412,12.7V,,,81.953,155.43,271.52,24.36,105.8,00,0.0,4.0264,4.0249,4.0297,4.8,760FB417,737473737373737373737474747473737373737373737373,,,,,0,0,0,0,0,-39.56,0.01274,-0.00637,C9C8C9C9C9C9C9C9C9C9C9C9C9CACACACACACACACACACACACACA
2026-09-03T21:11:19.243708Z,3748.452,12.7V,,,81.953,155.43,271.52,24.36,105.8,00,0.0,4.0264,4.025,4.0297,4.7,740FB817,737473737373737373737474747473737373737373737373,,,,,0,0,0,0,0,-39.56,0.01274,-0.00637,C9C8C9C9C9C9C9C9C9C9C9C9C9CACACACACACACACACACACACACA
2026-09-03T21:11:29.887648Z,3759.096,12.7V,,,81.953,155.43,271.52,24.36,105.8,00,0.0,4.0264,4.025,4.0297,4.7,740FB417,737473737373737373737474747473737373737373737373,,,,,0,0,0,0,0,-39.56,0.01274,-0.00637,C9C8C9C9C9C9C9C9C9C9C9C9C9CACACACACACACACACACACACACA
2026-09-03T21:11:35.282045Z,3764.49,12.7V,,,81.953,155.43,271.52,24.36,105.8,00,0.0,4.0264,4.0249,4.0296,4.7,760FB317,737473737373737373737474747473737373737373737373,,,,,0,0,0,0,0,-39.56,0.01274,-0.00637,C9C8C9C9C9C9C9C9C9C9C9C9C9CACACACACACACACACACACACACA
2026-09-03T21:11:40.640916Z,3769.849,12.7V,,,81.953,155.43,271.52,24.36,105.8,00,0.0,4.0264,4.0249,4.0296,4.7,760FB417,737473737373737373737474747473737373737373737373,,,,,0,0,0,0,0,-39.56,0.01274,-0.00637,C9C8C9C9C9C9C9C9C9C9C9C9C9CACACACACACACACACACACACACA
2026-09-03T21:11:46.062304Z,3775.271,12.7V,,,81.953,155.43,271.52,24.36,105.8,00,0.0,4.0264,4.025,4.0296,4.6,740FB417,737473737373737373737474747473737373737373737373,,,,,,,,,,-39.56,0.01274,-0.00637,C9C8C9C9C9C9C9C9C9C9C9C9C9CACACACACACACACACACACACACA
2026-09-03T21:11:51.979861Z,3781.188,12.7V,,,81.953,155.43,271.52,24.36,105.8,00,0.0,4.0264,4.025,4.0296,4.6,740FB417,737473737373737373737474747473737373737373737373,,,,,0,0,0,0,0,-39.56,0.01274,-0.00637,C9C8C9C9C9C9C9C9C9C9C9C9C9CACACACACACACACACACACACACA
2026-09-03T21:11:57.391078Z,3786.6,12.7V,,,81.953,155.43,271.52,24.36,105.8,00,0.0,4.0264,4.025,4.0297,4.7,740FB417,737473737373737373737474747473737373737373737373,,,,,0,0,0,0,0,-39.56,0.01274,-0.00637,C9C8C9C9C9C9C9C9C9C9C9C9C9CACACACACACACACACACACACACA
2026-09-03T21:12:02.758893Z,3791.967,12.7V,,,81.953,155.43,271.52,24.36,105.8,00,0.0,4.0264,4.025,4.0296,4.6,740FB317,737473737373737373737474747473737373737373737373,,,,,0,0,0,0,0,-39.56,0.01274,-0.00637,C9C8C9C9C9C9C9C9C9C9C9C9C9CACACACACACACACACACACACACA
2026-09-03T21:12:08.146302Z,3797.355,12.7V,,,81.953,155.43,271.52,24.36,105.8,00,0.0,4.0264,4.0249,4.0296,4.7,760FB317,737473737373737373737474747473737373737373737373,,,,,0,0,0,0,0,-39.56,0.01274,-0.00637,C9C8C9C9C9C9C9C9C9C9C9C9C9CACACACACACACACACACACACACA
2026-09-03T21:12:13.555871Z,3802.764,12.7V,,,81.953,155.43,271.52,24.36,104.0,00,0.0,4.0264,4.0249,4.0297,4.8,760FB417,737473737373737373737474747473737373737373737373,,,,,0,0,0,0,0,-39.56,0.01274,-0.00637,C9C8C9C9C9C9C9C9C9C9C9C9C9CACACACACACACACACACACACACA
2026-09-03T21:12:19.106186Z,3808.315,12.7V,,,81.953,155.43,271.52,24.36,104.0,00,0.0,4.0264,4.025,4.0297,4.7,740FB817,737473737373737373737474747473737373737373737373,,,,,0,0,0,0,0,-39.56,0.01274,-0.00637,C9C8C9C9C9C9C9C9C9C9C9C9C9CACACACACACACACACACACACACA
2026-09-03T21:12:29.910236Z,3819.119,12.7V,,,81.953,155.43,271.52,24.36,104.0,00,0.0,4.0264,4.0249,4.0296,4.7,760FB317,737473737373737373737474747473737373737373737373,,,,,0,0,0,0,0,-39.56,0.01274,-0.00637,C9C8C9C9C9C9C9C9C9C9C9C9C9CACACACACACACACACACACACACA
2026-09-03T21:12:40.732588Z,3829.941,12.7V,,,81.953,155.43,271.52,24.36,104.0,00,0.0,4.0264,4.025,4.0297,4.7,740FB817,737473737373737373737474747473737373737373737373,,,,,0,0,0,0,0,-39.56,0.01274,-0.00637,C9C8C9C9C9C9C9C9C9C9C9C9C9CACACACACACACACACACACACACA
2026-09-03T21:12:48.711200Z,3837.92,12.7V,,,81.953,155.43,271.52,24.36,104.0,00,0.0,4.0264,4.025,4.0296,4.6,740FB817,737473737373737373737474747473737373737373737373,,,,,0,0,0,0,0,-39.56,0.01274,-0.00637,C9C8C9C9C9C9C9C9C9C9C9C9C9CACACACACACACACACACACACACA
2026-09-03T21:12:54.059258Z,3843.268,12.7V,,,81.953,155.43,271.52,24.36,104.0,00,0.0,4.0264,4.025,4.0297,4.7,740FB817,737473737373737373737474747473737373737373737373,,,,,0,0,0,0,0,-39.56,0.01274,-0.00637,C9C8C9C9C9C9C9C9C9C9C9C9C9CACACACACACACACACACACACACA
2026-09-03T21:12:59.435639Z,3848.644,12.7V,,,81.953,155.43,271.52,24.36,104.0,00,0.0,4.0264,4.0249,4.0296,4.7,760FB417,737473737373737373737474747473737373737373737373,,,,,0,0,0,0,0,-39.56,0.01274,-0.00637,C9C8C9C9C9C9C9C9C9C9C9C9C9CACACACACACACACACACACACACA
2026-09-03T21:13:04.800520Z,3854.009,12.7V,,,81.953,155.43,271.52,24.36,104.0,00,0.0,4.0264,4.0249,4.0296,4.7,760FB317,,,,,,0,0,0,0,0,-39.56,0.01274,-0.00637,C9C8C9C9C9C9C9C9C9C9C9C9C9CACACACACACACACACACACACACA
2026-09-03T21:13:10.764505Z,3859.973,12.7V,,,81.953,155.43,271.52,24.36,104.0,00,0.0,4.0264,4.0249,4.0296,4.7,760FB317,737473737373737373737474747473737373737373737373,,,,,0,0,0,0,0,-39.56,0.01274,-0.00637,C9C8C9C9C9C9C9C9C9C9C9C9C9CACACACACACACACACACACACACA
2026-09-03T21:13:16.130096Z,3865.339,12.7V,,,81.953,155.43,271.52,24.36,104.0,00,0.0,4.0264,4.025,4.0296,4.6,740FB317,737473737373737373737474747473737373737373737373,,,,,0,0,0,0,0,-39.56,0.01274,-0.00637,C9C8C9C9C9C9C9C9C9C9C9C9C9CACACACACACACACACACACACACA
2026-09-03T21:13:21.529379Z,3870.738,12.7V,,,81.953,155.43,271.52,24.36,104.0,00,0.0,4.0264,4.0249,4.0297,4.8,760FB817,737473737373737373737474747473737373737373737373,,,,,0,0,0,0,0,-39.56,0.01274,-0.00637,C9C8C9C9C9C9C9C9C9C9C9C9C9CACACACACACACACACACACACACA
2026-09-03T21:13:26.873456Z,3876.082,12.7V,,,81.953,155.43,271.52,24.36,104.0,00,0.0,4.0264,4.0249,4.0296,4.7,760FB317,737473737373737373737474747473737373737373737373,,,,,0,0,0,0,0,-39.56,0.01274,-0.00637,C9C8C9C9C9C9C9C9C9C9C9C9C9CACACACACACACACACACACACACA
2026-09-03T21:13:32.231048Z,3881.44,12.7V,,,81.953,155.43,271.52,24.36,104.0,00,0.0,4.0264,4.025,4.0296,4.6,740FB317,737473737373737373737474747473737373737373737373,,,,,0,0,0,0,0,-39.56,0.01274,-0.00637,C9C8C9C9C9C9C9C9C9C9C9C9C9CACACACACACACACACACACACACA
2026-09-03T21:13:37.657812Z,3886.866,12.7V,,,81.953,155.43,271.52,24.36,104.0,00,0.0,4.0264,4.025,4.0296,4.6,740FB317,737473737373737373737474747473737373737373737373,,,,,0,0,0,0,0,-39.56,0.01274,-0.00637,C9C8C9C9C9C9C9C9C9C9C9C9C9CACACACACACACACACACACACACA
2026-09-03T21:13:43.136988Z,3892.345,12.7V,,,81.953,155.43,271.52,24.36,104.0,00,0.0,4.0264,4.025,4.0297,4.7,740FB417,737473737373737373737474747473737373737373737373,,,,,0,0,0,0,0,-39.56,0.01274,-0.00637,C9C8C9C9C9C9C9C9C9C9C9C9C9CACACACACACACACACACACACACA
2026-09-03T21:13:48.492280Z,3897.701,12.7V,,,81.953,155.43,271.52,24.36,104.0,00,0.0,4.0264,4.0249,4.0296,4.7,760FB317,737473737373737373737474747473737373737373737373,,,,,0,0,0,0,0,-39.56,0.01274,-0.00637,C9C8C9C9C9C9C9C9C9C9C9C9C9CACACACACACACACACACACACACA
2026-09-03T21:13:53.824704Z,3903.033,12.7V,,,81.953,155.43,271.52,24.36,104.0,00,0.0,4.0264,4.025,4.0297,4.7,760FB817,737473737373737373737474747473737373737373737373,,,,,0,0,0,0,0,-39.56,0.01274,-0.00637,C9C8C9C9C9C9C9C9C9C9C9C9C9CACACACACACACACACACACACACA
2026-09-03T21:14:00.783469Z,3909.992,12.7V,,,81.953,155.43,271.52,24.36,104.0,00,0.0,4.0264,4.025,4.0296,4.6,740FB417,737473737373737373737474747473737373737373737373,,,,,0,0,0,0,0,-39.56,0.01274,-0.00637,C9C8C9C9C9C9C9C9C9C9C9C9C9CACACACACACACACACACACACACA
2026-09-03T21:14:11.520647Z,3920.729,12.7V,,,81.953,155.43,271.52,24.36,104.0,00,0.0,4.0264,4.025,4.0297,4.7,740FB817,737473737373737373737474747473737373737373737373,,,,,0,0,0,0,0,-39.56,0.01274,-0.00637,C9C8C9C9C9C9C9C9C9C9C9C9C9CACACACACACACACACACACACACA
2026-09-03T21:14:22.186858Z,3931.395,12.7V,,,81.953,155.43,271.52,24.36,104.0,00,0.0,4.0264,4.025,4.0296,4.6,740FB317,737473737373737373737474747473737373737373737373,,,,,0,0,0,0,0,-39.56,0.01274,-0.00637,C9C8C9C9C9C9C9C9C9C9C9C9C9CACACACACACACACACACACACACA
2026-09-03T21:14:27.348976Z,3936.557,12.7V,,,81.953,155.43,271.52,24.36,104.0,00,0.0,4.0264,4.025,4.0296,4.6,740FB317,737473737373737373737474747473737373737373737373,,,,,0,0,0,0,0,-39.56,0.01274,-0.00637,C9C8C9C9C9C9C9C9C9C9C9C9C9CACACACACACACACACACACACACA
2026-09-03T21:14:32.709430Z,3941.918,12.7V,,,81.953,155.43,271.52,24.36,104.0,00,0.0,4.0264,4.025,4.0296,4.6,740FB317,737473737373737373737474747473737373737373737373,,,,,0,0,0,0,0,-39.56,0.01274,-0.00637,C9C8C9C9C9C9C9C9C9C9C9C9C9CACACACACACACACACACACACACA
2026-09-03T21:14:38.081133Z,3947.29,12.7V,,,81.953,155.43,271.52,24.36,104.0,00,0.0,4.0264,4.025,4.0297,4.7,740FB817,737473737373737373737474747473737373737373737373,,,,,0,0,0,0,0,-39.56,0.01274,-0.00637,C9C8C9C9C9C9C9C9C9C9C9C9C9CACACACACACACACACACACACACA
2026-09-03T21:14:44.118078Z,3953.327,12.7V,,,81.953,155.43,271.52,24.36,104.0,00,0.0,4.0264,4.025,4.0297,4.7,740FB817,737473737373737373737474747473737373737373737373,,,,,0,0,0,0,0,-39.56,0.01274,-0.00637,C9C8C9C9C9C9C9C9C9C9C9C9C9CACACACACACACACACACACACACA
2026-09-03T21:14:49.494147Z,3958.703,12.7V,,,81.953,155.43,271.52,24.36,104.0,00,0.0,4.0264,4.025,4.0296,4.6,740FB317,737473737373737373737474747473737373737373737373,,,,,0,0,0,0,0,-39.56,0.01274,-0.00637,C9C8C9C9C9C9C9C9C9C9C9C9C9CACACACACACACACACACACACACA
2026-09-03T21:14:54.854330Z,3964.063,12.7V,,,81.953,155.43,271.52,24.36,104.0,00,0.0,4.0264,4.025,4.0296,4.6,740FB317,737473737373737373737474747473737373737373737373,,,,,0,0,0,0,0,-39.56,0.01274,-0.00637,C9C8C9C9C9C9C9C9C9C9C9C9C9CACACACACACACACACACACACACA
2026-09-03T21:15:00.185482Z,3969.394,12.7V,,,81.953,155.43,271.52,24.36,104.0,00,0.0,4.0264,4.025,4.0297,4.7,740FB817,737473737373737373737474747473737373737373737373,,,,,0,0,0,0,0,-39.56,0.01274,-0.00637,C9C8C9C9C9C9C9C9C9C9C9C9C9CACACACACACACACACACACACACA
2026-09-03T21:15:05.553890Z,3974.762,12.7V,,,81.953,155.43,271.52,24.36,104.0,00,0.0,4.0264,4.0249,4.0297,4.8,760FB817,737473737373737373737474747473737373737373737373,,,,,0,0,0,0,0,-39.56,0.01274,-0.00637,C9C8C9C9C9C9C9C9C9C9C9C9C9CACACACACACACACACACACACACA
2026-09-03T21:15:10.916724Z,3980.125,12.7V,,,81.953,155.43,271.52,24.36,104.0,00,0.0,4.0264,4.025,4.0297,4.7,760FB817,737473737373737373737474747473737373737373737373,,,,,0,0,0,0,0,-39.56,0.01274,-0.00637,C9C8C9C9C9C9C9C9C9C9C9C9C9CACACACACACACACACACACACACA
2026-09-03T21:15:16.450936Z,3985.659,12.7V,,,81.953,155.43,271.52,24.36,104.0,00,0.0,4.0264,4.025,4.0297,4.7,760FB817,737473737373737373737474747473737373737373737373,,,,,0,0,0,0,0,-39.56,0.01274,-0.00637,C9C8C9C9C9C9C9C9C9C9C9C9C9CACACACACACACACACACACACACA
2026-09-03T21:15:21.811081Z,3991.019,12.7V,,,81.953,155.43,271.52,24.36,104.0,00,0.0,4.0264,4.025,4.0297,4.7,760FB817,737473737373737373737474747473737373737373737373,,,,,0,0,0,0,0,-39.56,0.01274,-0.00637,C9C8C9C9C9C9C9C9C9C9C9C9C9CACACACACACACACACACACACACA
2026-09-03T21:15:27.462300Z,3996.671,12.7V,,,81.953,155.43,271.52,24.36,104.0,00,0.0,4.0264,4.025,4.0297,4.7,740FB417,737473737373737373737474747473737373737373737373,,,,,0,0,0,0,0,-39.56,0.01274,-0.00637,C9C8C9C9C9C9C9C9C9C9C9C9C9CACACACACACACACACACACACACA
2026-09-03T21:15:38.270753Z,4007.479,12.7V,,,81.953,155.43,271.52,24.36,104.0,00,0.0,4.0264,4.025,4.0296,4.6,740FB317,737473737373737373737474747473737373737373737373,,,,,0,0,0,0,0,-39.56,0.01274,-0.00637,C9C8C9C9C9C9C9C9C9C9C9C9C9CACACACACACACACACACACACACA
2026-09-03T21:15:48.880960Z,4018.089,12.7V,,,81.953,155.43,271.52,24.36,104.0,00,0.0,4.0264,4.025,4.0296,4.6,740FB317,737473737373737373737474747473737373737373737373,,,,,0,0,0,0,0,-39.56,0.01274,-0.00637,C9C8C9C9C9C9C9C9C9C9C9C9C9CACACACACACACACACACACACACA
2026-09-03T21:15:55.450052Z,4024.658,12.7V,,,81.953,155.43,271.52,24.36,104.0,00,0.0,4.0264,4.025,4.0297,4.7,740FB817,737473737373737373737474747473737373737373737373,,,,,0,0,0,0,0,-39.56,0.01274,-0.00637,C9C8C9C9C9C9C9C9C9C9C9C9C9CACACACACACACACACACACACACA
2026-09-03T21:16:01.118732Z,4030.327,12.7V,,,81.953,155.43,271.52,24.36,104.0,00,0.0,4.0264,4.025,4.0297,4.7,760FB317,737473737373737373737474747473737373737373737373,,,,,0,0,0,0,0,-39.56,0.01274,-0.00637,C9C8C9C9C9C9C9C9C9C9C9C9C9CACACACACACACACACACACACACA
2026-09-03T21:16:06.490743Z,4035.699,12.7V,,,81.953,155.43,271.52,24.36,104.0,00,0.0,4.0264,4.025,4.0297,4.7,760FB817,737473737373737373737474747473737373737373737373,,,,,0,0,0,0,0,-39.56,0.01274,-0.00637,C9C8C9C9C9C9C9C9C9C9C9C9C9CACACACACACACACACACACACACA
2026-09-03T21:16:11.878863Z,4041.087,12.7V,,,81.953,155.43,271.52,24.36,104.0,00,0.0,4.0264,4.025,4.0296,4.6,740FB417,737473737373737373737474747473737373737373737373,,,,,0,0,0,0,0,-39.56,0.01274,-0.00637,C9C8C9C9C9C9C9C9C9C9C9C9C9CACACACACACACACACACACACACA
2026-09-03T21:16:18.350644Z,4047.559,12.7V,,,81.953,155.43,271.52,24.36,104.0,00,0.0,4.0264,4.025,4.0297,4.7,740FB817,737473737373737373737474747473737373737373737373,,,,,0,0,0,0,0,-39.56,0.01274,-0.00637,C9C8C9C9C9C9C9C9C9C9C9C9C9CACACACACACACACACACACACACA
2026-09-03T21:16:23.708636Z,4052.917,12.7V,,,81.953,155.43,271.52,24.36,104.0,00,0.0,4.0264,4.025,4.0297,4.7,740FB817,737473737373737373737474747473737373737373737373,,,,,0,0,0,0,0,-39.56,0.01274,-0.00637,C9C8C9C9C9C9C9C9C9C9C9C9C9CACACACACACACACACACACACACA
2026-09-03T21:16:29.055541Z,4058.264,12.7V,,,81.953,155.43,271.52,24.36,104.0,00,0.0,4.0264,4.025,4.0296,4.6,740FB317,737473737373737373737474747473737373737373737373,,,,,0,0,0,0,0,-39.56,0.01274,-0.00637,C9C8C9C9C9C9C9C9C9C9C9C9C9CACACACACACACACACACACACACA
2026-09-03T21:16:34.438462Z,4063.647,12.7V,,,81.953,155.43,271.52,24.36,104.0,00,0.0,4.0264,4.025,4.0296,4.6,760FB317,737473737373737373737474747473737373737373737373,,,,,0,0,0,0,0,-39.56,0.01274,-0.00637,C9C8C9C9C9C9C9C9C9C9C9C9C9CACACACACACACACACACACACACA
2026-09-03T21:16:39.805434Z,4069.014,12.7V,,,81.953,155.43,271.52,24.36,104.0,00,0.0,4.0264,4.025,4.0296,4.6,740FB317,737473737373737373737474747473737373737373737373,,,,,0,0,0,0,0,-39.56,0.01274,-0.00637,C9C8C9C9C9C9C9C9C9C9C9C9C9CACACACACACACACACACACACACA
2026-09-03T21:16:45.146525Z,4074.355,12.7V,,,81.953,155.43,271.52,24.36,104.0,00,0.0,4.0264,4.025,4.0297,4.7,740FB817,737473737373737373737474747473737373737373737373,,,,,0,0,0,0,0,-39.56,0.01274,-0.00637,C9C8C9C9C9C9C9C9C9C9C9C9C9CACACACACACACACACACACACACA
2026-09-03T21:16:52.720549Z,4081.929,12.7V,,,81.953,155.43,271.52,24.36,104.0,00,0.0,4.0264,4.025,4.0297,4.7,740FB817,737473737373737373737474747473737373737373737373,,,,,0,0,0,0,0,-39.56,0.01274,-0.00637,C9C8C9C9C9C9C9C9C9C9C9C9C9CACACACACACACACACACACACACA
2026-09-03T21:17:03.263875Z,4092.472,12.7V,,,,155.43,271.52,24.36,104.0,00,0.0,4.0264,4.025,4.0296,4.6,740FB317,737473737373737373737474747473737373737373737373,,,,,0,0,0,0,0,-39.56,0.01274,-0.00637,C9C8C9C9C9C9C9C9C9C9C9C9C9CACACACACACACACACACACACACA
2026-09-03T21:17:13.694078Z,4102.902,12.7V,,,81.953,155.43,271.52,24.36,104.0,00,0.0,4.0264,4.025,4.0296,4.6,740FB317,737473737373737373737474747473737373737373737373,,,,,0,0,0,0,0,-39.56,0.01274,-0.00637,C9C8C9C9C9C9C9C9C9C9C9C9C9CACACACACACACACACACACACACA
2026-09-03T21:17:19.122665Z,4108.331,12.7V,,,81.953,155.43,271.52,24.36,104.0,00,0.0,4.0264,4.025,4.0296,4.6,740FB417,737473737373737373737474747473737373737373737373,,,,,0,0,0,0,0,-39.56,0.01274,-0.00637,C9C8C9C9C9C9C9C9C9C9C9C9C9CACACACACACACACACACACACACA
2026-09-03T21:17:24.597569Z,4113.806,12.7V,,,81.953,155.43,271.52,24.36,104.0,00,0.0,4.0264,4.025,4.0297,4.7,740FB817,737473737373737373737474747473737373737373737373,,,,,0,0,0,0,0,-39.56,0.01274,-0.00637,C9C8C9C9C9C9C9C9C9C9C9C9C9CACACACACACACACACACACACACA
2026-09-03T21:17:29.968503Z,4119.177,12.7V,,,81.953,155.43,271.52,24.36,104.0,00,0.0,4.0264,4.0249,4.0297,4.8,760FB417,737473737373737373737474747473737373737373737373,,,,,0,0,0,0,0,-39.56,0.01274,-0.00637,C9C8C9C9C9C9C9C9C9C9C9C9C9CACACACACACACACACACACACACA
2026-09-03T21:17:35.297348Z,4124.506,12.7V,,,81.953,155.43,271.52,24.36,104.0,00,0.0,4.0264,4.025,4.0297,4.7,740FB817,737473737373737373737474747473737373737373737373,,,,,0,0,0,0,0,-39.56,0.01274,-0.00637,C9C8C9C9C9C9C9C9C9C9C9C9C9CACACACACACACACACACACACACA
2026-09-03T21:17:40.663502Z,4129.872,12.7V,,,81.953,155.43,271.52,24.36,105.8,00,0.0,4.0264,4.0249,4.0297,4.8,760FB817,737473737373737373737474747473737373737373737373,,,,,0,0,0,0,0,-39.56,0.01274,-0.00637,C9C8C9C9C9C9C9C9C9C9C9C9C9CACACACACACACACACACACACACA
2026-09-03T21:17:46.006731Z,4135.215,12.7V,,,81.953,155.43,271.52,24.36,104.0,00,0.0,4.0264,4.025,4.0297,4.7,740FB817,737473737373737373737474747473737373737373737373,,,,,0,0,0,0,0,-39.56,0.01274,-0.00637,C9C8C9C9C9C9C9C9C9C9C9C9C9CACACACACACACACACACACACACA
2026-09-03T21:17:51.397672Z,4140.606,12.7V,,,81.953,155.43,271.52,24.36,105.8,00,0.0,4.0264,4.025,4.0297,4.7,740FB417,737473737373737373737474747473737373737373737373,,,,,0,0,0,0,0,-39.56,0.01274,-0.00637,C9C8C9C9C9C9C9C9C9C9C9C9C9CACACACACACACACACACACACACA
2026-09-03T21:17:56.773532Z,4145.982,12.7V,,,81.953,155.43,271.52,24.36,105.8,00,0.0,4.0264,4.025,4.0297,4.7,740FB417,737473737373737373737474747473737373737373737373,,,,,0,0,0,0,0,-39.56,0.01274,-0.00637,C9C8C9C9C9C9C9C9C9C9C9C9C9CACACACACACACACACACACACACA
2026-09-03T21:18:02.129832Z,4151.338,12.7V,,,81.953,155.43,271.52,24.36,105.8,00,0.0,4.0264,4.025,4.0297,4.7,740FB817,737473737373737373737474747473737373737373737373,,,,,0,0,0,0,0,-39.56,0.01274,-0.00637,C9C8C9C9C9C9C9C9C9C9C9C9C9CACACACACACACACACACACACACA
2026-09-03T21:18:07.608745Z,4156.817,12.7V,,,81.953,155.43,271.52,24.36,105.8,00,0.0,4.0264,4.0249,4.0297,4.8,760FB817,737473737373737373737474747473737373737373737373,,,,,0,0,0,0,0,-39.56,0.01274,-0.00637,C9C8C9C9C9C9C9C9C9C9C9C9C9CACACACACACACACACACACACACA
2026-09-03T21:18:13.171863Z,4162.38,12.7V,,,81.953,155.43,271.52,24.36,105.8,00,0.0,4.0264,4.025,4.0296,4.6,740FB417,737473737373737373737474747473737373737373737373,,,,,0,0,0,0,0,-39.56,0.01274,-0.00637,C9C8C9C9C9C9C9C9C9C9C9C9C9CACACACACACACACACACACACACA
2026-09-03T21:18:21.832013Z,4171.04,12.7V,,,81.953,155.43,,24.36,105.8,00,0.0,4.0264,4.025,4.0296,4.6,740FB317,737473737373737373737474747473737373737373737373,,,,,0,0,0,0,0,-39.56,0.01274,-0.00637,C9C8C9C9C9C9C9C9C9C9C9C9C9CACACACACACACACACACACACACA
2026-09-03T21:18:32.135560Z,4181.344,12.7V,,,81.953,155.43,271.52,24.36,105.8,00,0.0,4.0264,4.025,4.0297,4.7,760FB817,737473737373737373737474747473737373737373737373,,,,,0,0,0,0,0,-39.56,0.01274,-0.00637,C9C8C9C9C9C9C9C9C9C9C9C9C9CACACACACACACACACACACACACA
2026-09-03T21:18:42.035535Z,4191.244,12.7V,,,81.953,155.43,271.52,24.36,105.8,00,0.0,4.0264,4.025,4.0297,4.7,740FB317,737473737373737373737474747473737373737373737373,,,,,0,0,0,0,0,-39.56,0.01274,-0.00637,C9C8C9C9C9C9C9C9C9C9C9C9C9CACACACACACACACACACACACACA
2026-09-03T21:18:47.397497Z,4196.606,12.7V,,,81.953,155.43,271.52,24.36,105.8,00,0.0,4.0264,4.025,4.0297,4.7,760FB817,737473737373737373737474747473737373737373737373,,,,,0,0,0,0,0,-39.56,0.01274,-0.00637,C9C8C9C9C9C9C9C9C9C9C9C9C9CACACACACACACACACACACACACA
2026-09-03T21:18:52.780501Z,4201.989,12.7V,,,81.953,155.43,271.52,24.36,105.8,00,0.0,4.0264,4.025,4.0297,4.7,760FB817,737473737373737373737474747473737373737373737373,,,,,0,0,0,0,0,-39.56,0.01274,-0.00637,C9C8C9C9C9C9C9C9C9C9C9C9C9CACACACACACACACACACACACACA
2026-09-03T21:18:58.142900Z,4207.351,12.7V,,,81.953,155.43,271.52,24.36,104.0,00,0.0,4.0264,4.025,4.0296,4.6,740FB317,737473737373737373737474747473737373737373737373,,,,,0,0,0,0,0,-39.56,0.01274,-0.00637,C9C8C9C9C9C9C9C9C9C9C9C9C9CACACACACACACACACACACACACA
2026-09-03T21:19:03.497562Z,4212.706,12.7V,,,81.953,155.43,271.52,24.36,104.0,00,0.0,4.0264,4.025,4.0296,4.6,740FB417,737473737373737373737474747473737373737373737373,,,,,0,0,0,0,0,-39.56,0.01274,-0.00637,C9C8C9C9C9C9C9C9C9C9C9C9C9CACACACACACACACACACACACACA
2026-09-03T21:19:08.874982Z,4218.083,12.7V,,,81.953,155.43,271.52,24.36,105.8,00,0.0,4.0264,4.025,4.0297,4.7,760FB417,737473737373737373737474747473737373737373737373,,,,,0,0,0,0,0,-39.56,0.01274,-0.00637,C9C8C9C9C9C9C9C9C9C9C9C9C9CACACACACACACACACACACACACA
2026-09-03T21:19:14.393768Z,4223.602,12.7V,,,81.953,155.43,271.52,24.36,105.8,00,0.0,4.0264,4.025,4.0297,4.7,740FB817,737473737373737373737474747473737373737373737373,,,,,0,0,0,0,0,-39.56,0.01274,-0.00637,C9C8C9C9C9C9C9C9C9C9C9C9C9CACACACACACACACACACACACACA
2026-09-03T21:19:19.725337Z,4228.934,12.7V,,,81.953,155.43,271.52,24.36,105.8,00,0.0,4.0264,4.025,4.0297,4.7,760FB817,737473737373737373737474747473737373737373737373,,,,,0,0,0,0,0,-39.56,0.01274,-0.00637,C9C8C9C9C9C9C9C9C9C9C9C9C9CACACACACACACACACACACACACA
2026-09-03T21:19:25.157914Z,4234.366,12.7V,,,81.953,155.43,271.52,24.36,105.8,00,0.0,4.0264,4.0249,4.0296,4.7,760FB317,737473737373737373737474747473737373737373737373,,,,,0,0,0,0,0,-39.56,0.01274,-0.00637,C9C8C9C9C9C9C9C9C9C9C9C9C9CACACACACACACACACACACACACA
2026-09-03T21:19:30.518012Z,4239.726,12.7V,,,81.953,155.43,271.52,24.36,105.8,00,0.0,4.0264,4.025,4.0297,4.7,740FB317,737473737373737373737474747473737373737373737373,,,,,0,0,0,0,0,-39.56,0.01274,-0.00637,C9C8C9C9C9C9C9C9C9C9C9C9C9CACACACACACACACACACACACACA
2026-09-03T21:19:35.855583Z,4245.064,12.7V,,,81.953,155.43,271.52,24.36,105.8,00,0.0,4.0264,4.0249,4.0297,4.8,760FB817,737473737373737373737474747473737373737373737373,,,,,0,0,0,0,0,-39.56,0.01274,-0.00637,C9C8C9C9C9C9C9C9C9C9C9C9C9CACACACACACACACACACACACACA
2026-09-03T21:19:41.210687Z,4250.419,12.7V,,,81.953,155.43,271.52,,105.8,00,0.0,4.0264,4.025,4.0297,4.7,740FB817,737473737373737373737474747473737373737373737373,,,,,0,0,0,0,0,-39.56,0.01274,-0.00637,C9C8C9C9C9C9C9C9C9C9C9C9C9CACACACACACACACACACACACACA
2026-09-03T21:19:47.340550Z,4256.549,12.7V,,,81.953,155.43,271.52,24.36,105.8,00,0.0,4.0264,4.025,4.0297,4.7,760FB817,737473737373737373737474747473737373737373737373,,,,,0,0,0,0,0,-39.56,0.01274,-0.00637,C9C8C9C9C9C9C9C9C9C9C9C9C9CACACACACACACACACACACACACA
2026-09-03T21:19:58.301317Z,4267.51,12.7V,,,81.953,155.43,271.52,24.36,105.8,00,0.0,4.0264,4.025,4.0297,4.7,740FB817,737473737373737373737474747473737373737373737373,,,,,0,0,0,0,0,-39.56,0.01274,-0.00637,C9C8C9C9C9C9C9C9C9C9C9C9C9CACACACACACACACACACACACACA
2026-09-03T21:20:09.103171Z,4278.312,12.7V,,,81.953,155.43,271.52,24.36,105.8,00,0.0,4.0264,4.025,4.0297,4.7,740FB417,737473737373737373737474747473737373737373737373,,,,,0,0,0,0,0,-39.56,0.01274,-0.00637,C9C8C9C9C9C9C9C9C9C9C9C9C9CACACACACACACACACACACACACA
2026-09-03T21:20:16.216620Z,4285.425,12.7V,,,81.953,155.43,271.52,24.36,105.8,00,0.0,4.0264,4.025,4.0297,4.7,740FB417,737473737373737373737474747473737373737373737373,,,,,0,0,0,0,0,-39.56,0.01274,-0.00637,C9C8C9C9C9C9C9C9C9C9C9C9C9CACACACACACACACACACACACACA
2026-09-03T21:20:21.779705Z,4290.988,12.7V,,,81.953,155.43,271.52,24.36,105.8,00,0.0,4.0264,4.025,4.0297,4.7,740FB417,737473737373737373737474747473737373737373737373,,,,,0,0,0,0,0,-39.56,0.01274,-0.00637,C9C8C9C9C9C9C9C9C9C9C9C9C9CACACACACACACACACACACACACA
2026-09-03T21:20:27.140602Z,4296.349,12.7V,,,81.953,155.43,271.52,24.36,105.8,00,0.0,4.0264,4.025,4.0297,4.7,760FB417,737473737373737373737474747473737373737373737373,,,,,0,0,0,0,0,-39.56,0.01274,-0.00637,C9C8C9C9C9C9C9C9C9C9C9C9C9CACACACACACACACACACACACACA
2026-09-03T21:20:32.514484Z,4301.723,12.7V,,,81.953,155.43,271.52,24.36,105.8,00,0.0,4.0264,4.025,4.0297,4.7,760FB817,737473737373737373737474747473737373737373737373,,,,,0,0,0,0,0,-39.56,0.01274,-0.00637,C9C8C9C9C9C9C9C9C9C9C9C9C9CACACACACACACACACACACACACA
2026-09-03T21:20:37.859297Z,4307.068,12.7V,,,81.953,155.43,271.52,24.36,105.8,00,0.0,4.0264,4.025,4.0297,4.7,760FB817,737473737373737373737474747473737373737373737373,,,,,0,0,0,0,0,-39.56,0.01274,-0.00637,C9C8C9C9C9C9C9C9C9C9C9C9C9CACACACACACACACACACACACACA
2026-09-03T21:20:43.220693Z,4312.429,12.7V,,,81.953,155.43,271.52,24.36,105.8,00,0.0,4.0264,4.025,4.0297,4.7,760FB817,737473737373737373737474747473737373737373737373,,,,,0,0,0,0,0,-39.56,0.01274,-0.00637,C9C8C9C9C9C9C9C9C9C9C9C9C9CACACACACACACACACACACACACA
2026-09-03T21:20:48.579939Z,4317.788,12.7V,,,81.953,155.43,271.52,24.36,105.8,00,0.0,4.0264,4.025,4.0297,4.7,740FB817,737473737373737373737474747473737373737373737373,,,,,0,0,0,0,0,-39.56,0.01274,-0.00637,C9C8C9C9C9C9C9C9C9C9C9C9C9CACACACACACACACACACACACACA
2026-09-03T21:20:54.375388Z,4323.584,12.7V,,,81.953,155.43,271.52,24.36,105.8,00,0.0,4.0264,4.025,4.0297,4.7,740FB417,737473737373737373737474747473737373737373737373,,,,,0,0,0,0,0,-39.56,0.01274,-0.00637,C9C8C9C9C9C9C9C9C9C9C9C9C9CACACACACACACACACACACACACA
2026-09-03T21:20:59.709679Z,4328.918,12.7V,,,81.953,155.43,271.52,24.36,105.8,00,0.0,,,,,,737473737373737373737474747473737373737373737373,,,,,0,0,0,0,0,-39.56,0.01274,-0.00637,C9C8C9C9C9C9C9C9C9C9C9C9C9CACACACACACACACACACACACACA
2026-09-03T21:21:05.203705Z,4334.412,12.7V,,,81.953,155.43,271.52,24.36,105.8,00,0.0,4.0264,4.025,4.0296,4.6,760FB317,737473737373737373737474747473737373737373737373,,,,,0,0,0,0,0,-39.56,0.01274,-0.00637,C9C8C9C9C9C9C9C9C9C9C9C9C9CACACACACACACACACACACACACA
2026-09-03T21:21:10.595869Z,4339.804,12.7V,,,81.953,155.43,271.52,24.36,105.8,00,0.0,4.0264,4.025,4.0297,4.7,740FB417,737473737373737373737474747473737373737373737373,,,,,0,0,0,0,0,-39.56,0.01274,-0.00637,C9C8C9C9C9C9C9C9C9C9C9C9C9CACACACACACACACACACACACACA
2026-09-03T21:21:15.947264Z,4345.156,12.7V,,,81.953,155.43,271.52,24.36,105.8,00,0.0,4.0264,4.025,4.0297,4.7,740FB817,737473737373737373737474747473737373737373737373,,,,,0,0,0,0,0,-39.56,0.01274,-0.00637,C9C8C9C9C9C9C9C9C9C9C9C9C9CACACACACACACACACACACACACA
2026-09-03T21:21:26.146470Z,4355.355,12.7V,,,81.953,155.43,271.52,24.36,105.8,00,0.0,4.0264,4.025,4.0297,4.7,740FB817,737473737373737373737474747473737373737373737373,,,,,0,0,0,0,0,-39.56,0.01274,-0.00637,C9C8C9C9C9C9C9C9C9C9C9C9C9CACACACACACACACACACACACACA
2026-09-03T21:21:36.820692Z,4366.029,12.7V,,,81.953,155.43,271.52,24.36,105.8,00,0.0,4.0264,4.025,4.0297,4.7,740FB417,737473737373737373737474747473737373737373737373,,,,,0,0,0,0,0,-39.56,0.01274,-0.00637,C9C8C9C9C9C9C9C9C9C9C9C9C9CACACACACACACACACACACACACA
2026-09-03T21:21:45.074157Z,4374.283,12.7V,,,81.953,155.43,271.52,24.36,105.8,00,0.0,4.0264,4.025,4.0297,4.7,760FB417,737473737373737373737474747473737373737373737373,,,,,0,0,0,0,0,-39.56,0.01274,-0.00637,C9C8C9C9C9C9C9C9C9C9C9C9C9CACACACACACACACACACACACACA
2026-09-03T21:21:50.472563Z,4379.681,12.7V,,,81.953,155.43,271.52,24.36,105.8,00,0.0,4.0264,4.025,4.0297,4.7,740FB817,737473737373737373737474747473737373737373737373,,,,,0,0,0,0,0,-39.56,0.01274,-0.00637,C9C8C9C9C9C9C9C9C9C9C9C9C9CACACACACACACACACACACACACA
2026-09-03T21:21:55.872654Z,4385.081,12.7V,,,81.953,155.43,271.52,24.36,105.8,00,0.0,4.0264,4.025,4.0297,4.7,740FB417,737473737373737373737474747473737373737373737373,,,,,0,0,0,0,0,-39.56,0.01274,-0.00637,C9C8C9C9C9C9C9C9C9C9C9C9C9CACACACACACACACACACACACACA
2026-09-03T21:22:01.265646Z,4390.474,12.7V,,,81.953,155.43,271.52,24.36,105.8,00,0.0,4.0264,4.0249,4.0297,4.8,760FB317,737473737373737373737474747473737373737373737373,,,,,0,0,0,0,0,-39.56,0.01274,-0.00637,C9C8C9C9C9C9C9C9C9C9C9C9C9CACACACACACACACACACACACACA
2026-09-03T21:22:06.792881Z,4396.001,12.7V,,,81.953,155.43,271.52,24.36,105.8,00,0.0,4.0264,4.025,4.0297,4.7,740FB717,737473737373737373737474747473737373737373737373,,,,,0,0,0,0,0,-39.56,0.01274,-0.00637,C9C8C9C9C9C9C9C9C9C9C9C9C9CACACACACACACACACACACACACA
2026-09-03T21:22:13.197106Z,4402.406,12.7V,,,81.953,155.43,271.52,24.36,105.8,00,0.0,4.0264,4.025,4.0297,4.7,740FB817,737473737373737373737474747473737373737373737373,,,,,0,0,0,0,0,-39.56,0.01274,-0.00637,C9C8C9C9C9C9C9C9C9C9C9C9C9CACACACACACACACACACACACACA
2026-09-03T21:22:18.980641Z,4408.189,12.7V,,,,,271.52,24.36,105.8,00,,4.0264,4.025,4.0297,4.7,760FB417,737473737373737373737474747473737373737373737373,,,,,0,0,0,0,0,-39.56,0.01274,-0.00637,C9C8C9C9C9C9C9C9C9C9C9C9C9CACACACACACACACACACACACACA
2026-09-03T21:22:24.902603Z,4414.111,12.7V,,,81.953,155.43,271.52,24.36,105.8,00,0.0,4.0264,4.025,4.0297,4.7,740FB417,737473737373737373737474747473737373737373737373,,,,,0,0,0,0,0,-39.56,0.01274,-0.00637,C9C8C9C9C9C9C9C9C9C9C9C9C9CACACACACACACACACACACACACA
2026-09-03T21:22:30.244233Z,4419.453,12.7V,,,81.953,155.43,271.52,24.36,105.8,00,0.0,4.0264,4.025,4.0297,4.7,740FB317,737473737373737373737474747473737373737373737373,,,,,0,0,0,0,0,-39.56,0.01274,-0.00637,C9C8C9C9C9C9C9C9C9C9C9C9C9CACACACACACACACACACACACACA
2026-09-03T21:22:39.257365Z,4428.466,12.7V,,,81.953,155.43,271.52,24.36,105.8,00,0.0,4.0264,4.025,4.0297,4.7,760FB417,737473737373737373737474747473737373737373737373,,,,,0,0,0,0,0,-39.56,0.01274,-0.00637,C9C8C9C9C9C9C9C9C9C9C9C9C9CACACACACACACACACACACACACA
2026-09-03T21:22:50.197804Z,4439.406,12.7V,,,81.953,155.43,271.52,24.36,105.8,00,0.0,4.0264,4.025,4.0297,4.7,760FB817,737473737373737373737474747473737373737373737373,,,,,0,0,0,0,0,-39.56,0.01274,-0.00637,C9C8C9C9C9C9C9C9C9C9C9C9C9CACACACACACACACACACACACACA
2026-09-03T21:22:59.451570Z,4448.66,12.7V,,,81.953,155.43,271.52,24.36,105.8,00,0.0,4.0264,4.025,4.0297,4.7,760FB417,737473737373737373737474747473737373737373737373,,,,,0,0,0,0,0,-39.56,0.01274,-0.00637,C9C8C9C9C9C9C9C9C9C9C9C9C9CACACACACACACACACACACACACA
2026-09-03T21:23:04.831106Z,4454.04,12.7V,,,81.953,155.43,271.52,24.36,105.8,00,0.0,4.0264,4.025,4.0297,4.7,760FB817,737473737373737373737474747473737373737373737373,,,,,0,0,0,0,0,-39.56,0.01274,-0.00637,C9C8C9C9C9C9C9C9C9C9C9C9C9CACACACACACACACACACACACACA
2026-09-03T21:23:10.194803Z,4459.403,12.7V,,,81.953,155.43,271.52,24.36,105.8,00,0.0,4.0264,4.025,4.0297,4.7,740FB817,737473737373737373737474747473737373737373737373,,,,,0,0,0,0,0,-39.56,0.01274,-0.00637,C9C8C9C9C9C9C9C9C9C9C9C9C9CACACACACACACACACACACACACA
2026-09-03T21:23:15.548973Z,4464.757,12.7V,,,81.953,155.43,271.52,24.36,105.8,00,0.0,4.0264,4.025,4.0297,4.7,740FB817,737473737373737373737474747473737373737373737373,,,,,0,0,0,0,0,-39.56,0.01274,-0.00637,C9C8C9C9C9C9C9C9C9C9C9C9C9CACACACACACACACACACACACACA
2026-09-03T21:23:20.910064Z,4470.118,12.7V,,,81.953,155.43,271.52,24.36,105.8,00,0.0,4.0264,4.025,4.0297,4.7,740FB817,737473737373737373737474747473737373737373737373,,,,,0,0,0,0,0,-39.56,0.01274,-0.00637,C9C8C9C9C9C9C9C9C9C9C9C9C9CACACACACACACACACACACACACA
2026-09-03T21:23:26.281293Z,4475.49,12.7V,,,81.953,155.43,271.52,24.36,105.8,00,0.0,4.0264,4.025,4.0297,4.7,740FB317,737473737373737373737474747473737373737373737373,,,,,0,0,0,0,0,-39.56,0.01274,-0.00637,C9C8C9C9C9C9C9C9C9C9C9C9C9CACACACACACACACACACACACACA
2026-09-03T21:23:31.910523Z,4481.119,12.7V,,,81.953,155.43,271.52,24.36,105.8,00,0.0,4.0264,4.025,4.0297,4.7,760FB817,737473737373737373737474747473737373737373737373,,,,,0,0,0,0,0,-39.56,0.01274,-0.00637,C9C8C9C9C9C9C9C9C9C9C9C9C9CACACACACACACACACACACACACA
2026-09-03T21:23:37.333499Z,4486.542,12.7V,,,81.953,155.43,271.52,24.36,105.8,00,0.0,,,,,,737473737373737373737474747473737373737373737373,,,,,0,0,0,0,0,-39.56,0.01274,-0.00637,C9C8C9C9C9C9C9C9C9C9C9C9C9CACACACACACACACACACACACACA
2026-09-03T21:23:43.252560Z,4492.461,12.7V,,,81.953,155.43,271.52,24.36,105.8,00,0.0,4.0264,4.025,4.0297,4.7,740FB317,737473737373737373737474747473737373737373737373,,,,,0,0,0,0,0,-39.56,0.01274,-0.00637,C9C8C9C9C9C9C9C9C9C9C9C9C9CACACACACACACACACACACACACA
2026-09-03T21:23:48.648272Z,4497.857,12.7V,,,81.953,155.43,271.52,24.36,105.8,00,0.0,4.0264,4.025,4.0297,4.7,740FB817,737473737373737373737474747473737373737373737373,,,,,0,0,0,0,0,-39.56,0.01274,-0.00637,C9C8C9C9C9C9C9C9C9C9C9C9C9CACACACACACACACACACACACACA
2026-09-03T21:23:53.988277Z,4503.197,12.7V,,,81.953,155.43,271.52,24.36,105.8,00,0.0,4.0264,4.025,4.0297,4.7,760FB717,737473737373737373737474747473737373737373737373,,,,,0,0,0,0,0,-39.56,0.01274,-0.00637,C9C8C9C9C9C9C9C9C9C9C9C9C9CACACACACACACACACACACACACA
2026-09-03T21:23:59.519822Z,4508.728,12.7V,,,81.953,155.43,271.52,24.36,105.8,00,0.0,4.0264,4.025,4.0297,4.7,760FB417,737473737373737373737474747473737373737373737373,,,,,0,0,0,0,0,-39.56,0.01274,-0.00637,C9C8C9C9C9C9C9C9C9C9C9C9C9CACACACACACACACACACACACACA
2026-09-03T21:24:10.341546Z,4519.55,12.7V,,,81.953,155.43,271.52,24.36,105.8,00,0.0,4.0264,4.025,4.0296,4.6,760FB317,737473737373737373737474747473737373737373737373,,,,,0,0,0,0,0,-39.56,0.01274,-0.00637,C9C8C9C9C9C9C9C9C9C9C9C9C9CACACACACACACACACACACACACA
2026-09-03T21:24:21.062510Z,4530.271,12.7V,,,81.953,155.43,271.52,24.36,105.8,00,0.0,4.0264,4.025,4.0297,4.7,760FB417,737473737373737373737474747473737373737373737373,,,,,0,0,0,0,0,-39.56,0.01274,-0.00637,C9C8C9C9C9C9C9C9C9C9C9C9C9CACACACACACACACACACACACACA
2026-09-03T21:24:28.022256Z,4537.231,12.7V,,,81.953,155.43,271.52,24.36,105.8,00,0.0,4.0264,4.025,4.0297,4.7,760FB417,737473737373737373737474747473737373737373737373,,,,,0,0,0,0,0,-39.56,0.01274,-0.00637,C9C8C9C9C9C9C9C9C9C9C9C9C9CACACACACACACACACACACACACA
2026-09-03T21:24:33.385755Z,4542.594,12.7V,,,81.953,155.43,271.52,24.36,105.8,00,0.0,4.0264,4.025,4.0297,4.7,740FB817,737473737373737373737474747473737373737373737373,,,,,0,0,0,0,0,-39.56,0.01274,-0.00637,C9C8C9C9C9C9C9C9C9C9C9C9C9CACACACACACACACACACACACACA
2026-09-03T21:24:39.032727Z,4548.241,12.7V,,,81.953,155.43,271.52,24.36,105.8,00,0.0,4.0264,4.025,4.0297,4.7,760FB817,737473737373737373737474747473737373737373737373,,,,,0,0,0,0,0,-39.56,0.01274,-0.00637,C9C8C9C9C9C9C9C9C9C9C9C9C9CACACACACACACACACACACACACA
2026-09-03T21:24:44.420357Z,4553.629,12.7V,,,81.953,155.43,271.52,24.36,105.8,00,0.0,4.0264,4.025,4.0297,4.7,740FB417,737473737373737373737474747473737373737373737373,,,,,0,0,0,0,0,-39.56,0.01274,-0.00637,C9C8C9C9C9C9C9C9C9C9C9C9C9CACACACACACACACACACACACACA
2026-09-03T21:24:49.803408Z,4559.012,12.7V,,,81.953,155.43,271.52,24.36,105.8,00,0.0,4.0264,4.0251,4.0297,4.6,740FB417,737473737373737373737474747473737373737373737373,,,,,0,0,0,0,0,-39.56,0.01274,-0.00637,C9C8C9C9C9C9C9C9C9C9C9C9C9CACACACACACACACACACACACACA
2026-09-03T21:24:55.205837Z,4564.414,12.7V,,,81.953,155.43,271.52,24.36,105.8,00,0.0,4.0264,4.025,4.0297,4.7,740FB417,737473737373737373737474747473737373737373737373,,,,,0,0,0,0,0,-39.56,0.01274,-0.00637,C9C8C9C9C9C9C9C9C9C9C9C9C9CACACACACACACACACACACACACA
2026-09-03T21:24:59.983604Z,4569.192,12.7V,,,81.953,155.43,271.52,24.36,105.8,00,0.0,4.0264,4.025,4.0297,4.7,740FB817,737473737373737373737474747473737373737373737373,,,,,0,0,0,0,0,-39.56,0.01274,-0.00637,C9C8C9C9C9C9C9C9C9C9C9C9C9CACACACACACACACACACACACACA
2026-09-03T21:25:05.325169Z,4574.534,12.7V,,,81.953,155.43,271.52,24.36,105.8,00,0.0,4.0264,4.025,4.0297,4.7,760FB417,737473737373737373737474747473737373737373737373,,,,,0,0,0,0,0,-39.56,0.01274,-0.00637,C9C8C9C9C9C9C9C9C9C9C9C9C9CACACACACACACACACACACACACA
2026-09-03T21:25:10.673898Z,4579.882,12.7V,,,81.953,155.43,271.52,24.36,105.8,00,0.0,4.0264,4.025,4.0297,4.7,740FB317,737473737373737373737474747473737373737373737373,,,,,0,0,0,0,0,-39.56,0.01274,-0.00637,C9C8C9C9C9C9C9C9C9C9C9C9C9CACACACACACACACACACACACACA
2026-09-03T21:25:16.043635Z,4585.252,12.7V,,,81.953,155.43,271.52,24.36,105.8,00,0.0,4.0264,4.025,4.0297,4.7,760FB817,737473737373737373737474747473737373737373737373,,,,,0,0,0,0,0,-39.56,0.01274,-0.00637,C9C8C9C9C9C9C9C9C9C9C9C9C9CACACACACACACACACACACACACA
2026-09-03T21:25:21.435142Z,4590.644,12.7V,,,81.953,155.43,271.52,24.36,105.8,00,0.0,4.0264,4.025,4.0297,4.7,740FB817,737473737373737373737474747473737373737373737373,,,,,0,0,0,0,0,-39.56,0.01274,-0.00637,C9C8C9C9C9C9C9C9C9C9C9C9C9CACACACACACACACACACACACACA
2026-09-03T21:25:27.762376Z,4596.971,12.7V,,,81.953,155.43,271.52,24.36,105.8,00,0.0,4.0264,4.025,4.0297,4.7,760FB417,737473737373737373737474747473737373737373737373,,,,,0,0,0,0,0,-39.56,0.01274,-0.00637,C9C8C9C9C9C9C9C9C9C9C9C9C9CACACACACACACACACACACACACA
2026-09-03T21:25:33.259751Z,4602.468,12.7V,,,81.953,155.43,271.52,24.36,105.8,00,0.0,4.0264,4.025,4.0296,4.6,760FB317,737473737373737373737474747473737373737373737373,,,,,0,0,0,0,0,-39.56,0.01274,-0.00637,C9C8C9C9C9C9C9C9C9C9C9C9C9CACACACACACACACACACACACACA
2026-09-03T21:25:44.190664Z,4613.399,12.7V,,,,155.43,270.9,24.36,105.8,00,0.0,4.0264,4.025,4.0297,4.7,760FB817,737473737373737373737474747473737373737373737373,386.66,0.9,0.35,11.9,0,0,0,0,0,-39.56,0.01274,-0.01274,C9C8C9C9C9C9C9C9C9C9C9C9C9CACACACACACACACACACACACACA
2026-09-03T21:25:54.135354Z,4623.344,12.7V,,,81.953,155.68,270.9,24.36,105.8,00,15.27,4.0262,4.0248,4.0294,4.6,740FB717,737473737373737373737474747473737373737373737373,386.66,2.1,0.81,11.9,0,0,0,0,0,-39.56,0.01274,-0.01274,C9C9CACACACACACACACACACACACACACACACACACACACACACACACA
2026-09-03T21:26:00.455745Z,4629.664,12.7V,0,2236.8,81.953,155.69,270.9,24.36,105.8,00,16.98,4.0257,4.0243,4.029,4.7,740FB817,737473737373737373737474747473737373737373737373,386.48,3.9,1.51,11.8,0,0,0,0,0,-40.0,0.00637,-0.01274,C9C9CACACACACACACACACACACACACACACACACACACACACACACACA
2026-09-03T21:26:03.087251Z,4632.296,12.6V,0,2236.8,81.953,155.69,270.9,24.36,105.8,00,16.2,4.0255,4.0241,4.0287,4.6,740FB717,737473737373737373737474747473737373737373737373,386.82,4.2,1.62,11.8,0,0,0,0,3100,-39.86,0.00637,-0.01274,C9C9CACACACACACACACACACACACACACACACACACACACACACACACA
2026-09-03T21:26:05.635037Z,4634.843,12.5V,0,2236.8,81.953,155.69,270.9,24.36,105.8,00,17.03,4.0254,4.024,4.0287,4.7,740FB817,737473737373737373737474747473737373737373737373,386.66,5.7,2.2,11.7,0,0,0,0,3200,-39.86,0.01274,-0.01274,C9C9CACACACACACACACACACACACACACACACACACACACACACACACA
2026-09-03T21:26:08.171429Z,4637.38,12.5V,0,2236.8,81.953,155.69,270.9,24.36,105.8,00,16.28,4.0253,4.0239,4.0285,4.6,740FB417,737473737373737373737474747473737373737373737373,386.66,5.4,2.09,11.7,0,0,0,0,3200,-39.86,0.01274,-0.01274,C9C9CACACACACACACACACACACACACACACACACACACACACACACACA
2026-09-03T21:26:10.703003Z,4639.911,12.5V,0,2236.8,81.953,155.68,270.9,24.36,105.8,00,16.47,4.0252,4.0237,4.0285,4.8,760FB417,737473737373737373737474747473737373737373737373,386.66,6.0,2.32,11.7,0,0,0,0,3000,-39.86,0.01274,-0.01274,C9C9CACACACACACACACACACACACACACACACACACACACACACACACA
2026-09-03T21:26:13.251724Z,4642.46,12.4V,0,2236.8,81.953,155.68,270.9,24.36,105.8,00,15.73,4.025,4.0235,4.0282,4.7,760FB417,737473737373737373737474747473737373737373737373,386.48,6.6,2.55,11.7,0,0,0,0,3000,-39.86,0.01274,-0.01274,C9C9CACACACACACACACACACACACACACACACACACACACACACACACA
2026-09-03T21:26:15.745567Z,4644.954,12.5V,0,2236.8,81.953,155.68,270.9,24.36,105.8,00,15.07,4.0249,4.0234,4.0282,4.8,760FB317,737473737373737373737474747473737373737373737373,386.32,6.3,2.43,11.7,0,0,0,0,3000,-39.8,0.01274,-0.00637,C9C9CACACACACACACACACACACACACACACACACACACACACACACACA
2026-09-03T21:26:18.295619Z,4647.504,12.5V,0,2236.8,81.953,155.68,270.9,24.36,105.8,00,15.83,4.0249,4.0234,4.0281,4.7,740FB317,737473737373737373737474747473737373737373737373,386.48,6.9,2.67,11.7,0,0,0,0,3000,-39.8,0.01274,-0.01274,C9C9CACACACACACACACACACACACACACACACACACACACACACACACA
2026-09-03T21:26:20.827887Z,4650.036,12.5V,0,2236.8,81.953,155.68,270.9,24.36,105.8,00,15.15,4.0247,4.0233,4.0279,4.6,760FB317,737473737373737373737474747473737373737373737373,386.48,7.5,2.9,11.8,0,0,0,0,3000,-39.8,0.01274,-0.00637,C9C9CACACACACACACACACACACACACACACACACACACACACACACACA
2026-09-03T21:26:23.407126Z,4652.616,12.5V,0,2236.8,81.953,155.67,270.9,24.36,105.8,00,15.53,4.0246,4.0233,4.0279,4.6,740FB417,737473737373737373737474747473737373737373737373,386.48,7.5,2.9,11.8,0,0,0,0,3000,-39.8,0.01274,-0.01274,C9C9CACACACACACACACACACACACACACACACACACACACACACACACA
2026-09-03T21:26:25.921483Z,4655.13,12.5V,0,2236.8,81.953,155.67,270.9,24.36,105.8,00,14.86,4.0245,4.0231,4.0277,4.6,740FB317,737473737373737373737474747473737373737373737373,386.48,8.1,3.13,11.8,0,0,0,0,3000,-39.8,0.01274,-0.01274,C9C9CACACACACACACACACACACACACACACACACACACACACACACACA
2026-09-03T21:26:28.458529Z,4657.667,12.6V,0,2236.8,81.953,155.67,270.9,24.36,105.8,00,15.65,4.0245,4.0231,4.0277,4.6,740FB417,737473737373737373737474747473737373737373737373,386.48,8.4,3.25,11.8,0,0,0,0,3000,-39.8,0.01274,-0.01274,C9C9CACACACACACACACACACACACACACAC9CACACACACACACACACA
2026-09-03T21:26:31.000853Z,4660.209,12.6V,0,2236.8,81.953,155.67,270.9,24.36,104.0,00,14.96,4.0244,4.023,4.0276,4.6,740FB717,737473737373737373737474747473737373737373737373,386.66,8.4,3.25,11.8,0,0,0,0,3000,-39.8,0.01274,-0.01274,C9C9CACACACACACACACACACACACACACAC9CACACACACACACACACA
2026-09-03T21:26:33.906884Z,4663.115,13.0V,0,2236.8,81.953,155.66,270.9,24.36,104.0,00,16.65,4.0242,4.0227,4.0275,4.8,740FB817,737473737373737373737474747473737373737373737373,386.32,9.3,3.59,12.3,0,0,0,0,3000,-39.8,0.01274,-0.01274,C9C9CACACACACACACACACACACACACACAC9CACACACACACACACACA
2026-09-03T21:26:36.428236Z,4665.637,13.1V,0,2236.8,81.953,155.66,270.9,24.36,104.0,00,15.85,4.0241,4.0226,4.0274,4.8,760FB717,737473737373737373737474747473737373737373737373,386.32,9.3,3.59,12.4,0,0,0,0,3000,-39.8,0.01274,-0.01274,C9C9CACACACACACACACACACACACACACAC9CACACACACACACACACA
2026-09-03T21:26:38.958105Z,4668.167,13.2V,0,2236.8,81.953,155.66,270.9,24.36,104.0,00,15.12,4.0241,4.0227,4.0274,4.7,760FB417,737473737373737373737474747473737373737373737373,386.66,8.7,3.36,12.4,0,0,0,0,3000,-39.8,0.01274,-0.01274,C9C9CACACACACACACACACACACACACACAC9CACACACACACACACACA
2026-09-03T21:26:41.509963Z,4670.718,13.2V,0,2236.8,81.953,155.65,270.9,24.36,104.0,00,13.82,4.0242,4.0227,4.0274,4.7,760FB417,737473737373737373737474747473737373737373737373,386.32,8.7,3.36,12.4,0,0,0,0,3000,-39.8,0.01274,-0.01274,C9C9CACACACACACACACACACACACACACAC9CACACACACACACACACA
2026-09-03T21:26:44.077325Z,4673.286,13.1V,0,2236.8,81.953,155.65,270.9,24.36,104.0,00,13.22,4.0242,4.0227,4.0274,4.7,760FB717,737473737373737373737474747473737373737373737373,386.32,8.4,3.25,12.4,0,0,0,0,2900,-39.8,0.01274,-0.01274,C9C9CACACACACACACACACACACACACACAC9CACACACACACACACACA
2026-09-03T21:26:46.628921Z,4675.837,13.1V,0,2236.8,81.953,155.65,270.9,24.36,104.0,00,-2.06,4.0241,4.0228,4.0275,4.7,710FB417,737473737373737373737474747473737373737373737373,386.32,8.1,3.13,12.4,0,0,0,0,3100,-39.8,0.01274,-0.00637,C9C9CACACACACACACACACACACACACACAC9CACACACACACACACACA
2026-09-03T21:26:49.515396Z,4678.724,13.1V,0,2236.8,81.953,155.65,270.9,24.36,104.0,00,-1.95,4.0241,4.0226,4.0273,4.7,760FB317,737473737373737373737474747473737373737373737373,386.48,8.4,3.25,12.4,0,0,0,0,3000,-39.8,0.01274,-0.00637,C9C9CACACACACACACACACACACACACACAC9CACACACACACACACACA
2026-09-03T21:26:52.569224Z,4681.778,13.2V,0,2236.8,81.953,155.64,270.9,24.36,104.0,00,-2.46,4.024,4.0226,4.0273,4.7,760FB317,737473737373737373737474747473737373737373737373,386.32,8.7,3.36,12.4,0,0,0,0,3000,-39.8,0.01274,-0.01274,C9C9CACACACACACACACACACACACACACAC9CACACACACACACACACA
2026-09-03T21:26:55.082714Z,4684.291,13.1V,0,2236.8,81.953,155.64,270.9,24.36,104.0,00,-3.3,4.0239,4.0225,4.0272,4.7,740FB817,737473737373737373737474747473737373737373737373,386.66,8.4,3.25,12.4,0,0,0,0,3000,-39.8,0.01274,-0.00637,C9C9CACACACACACACACACACACACACACAC9CACACACACACACACACA
2026-09-03T21:26:57.652281Z,4686.861,13.1V,0,2236.8,81.953,155.64,270.9,24.36,104.0,00,-3.15,4.0239,4.0224,4.0271,4.7,760FB417,737473737373737373737474747473737373737373737373,386.51,8.7,3.36,12.4,0,0,0,0,3000,-39.8,0.01274,-0.00637,C9C9CACACACACACACACACACACACACACAC9CACACACACACACACACA
2026-09-03T21:27:00.187322Z,4689.396,13.1V,0,2236.8,81.953,155.64,270.9,24.36,104.0,00,-3.01,4.0238,4.0224,4.0271,4.7,740FB717,737473737373737373737474747473737373737373737373,386.32,8.7,3.36,12.4,0,0,0,0,2900,-39.8,0.01274,-0.01274,C9C9CACACACACACACACACACACACACACAC9CACACACACACACACACA
2026-09-03T21:27:02.732300Z,4691.941,13.1V,0,2236.8,81.953,155.63,270.9,24.36,104.0,00,-3.62,4.0238,4.0223,4.027,4.7,740FB317,737473737373737373737474747473737373737373737373,386.66,9.0,3.48,12.4,0,0,0,0,3000,-39.8,0.01274,-0.01274,C9C9CACACACACACACACACACACACACACAC9CACACACACACACACACA
2026-09-03T21:27:05.529475Z,4694.738,13.1V,0,2236.8,81.953,155.63,270.9,24.36,104.0,00,-3.61,4.0237,4.0223,4.027,4.7,740FB317,737473737373737373737474747473737373737373737373,386.48,9.3,3.59,12.4,0,0,0,0,2900,-39.8,0.01274,-0.01274,C9C9CACACACACACACACACACACACACACAC9CACACACACACACACACA
2026-09-03T21:27:08.151096Z,4697.36,13.1V,0,2236.8,81.953,155.63,270.9,24.36,104.0,00,-3.6,4.0237,4.0223,4.027,4.7,740FB417,737473737373737373737474747473737373737373737373,386.82,9.0,3.48,12.4,0,0,0,0,2900,-39.8,0.01274,-0.01274,C9C9CACACACACACACACACACACACACACAC9CACACACACACACACACA
2026-09-03T21:27:10.719809Z,4699.928,13.1V,0,2236.8,81.953,155.62,270.9,24.36,104.0,00,-3.76,4.0237,4.0222,4.0269,4.7,760FB317,737473737373737373737474747473737373737373737373,386.48,9.0,3.48,12.4,0,0,0,0,2900,-39.8,0.01274,-0.00637,C9C9CACACACACACACACACACACACACACAC9CACACACACACACACACA
2026-09-03T21:27:13.273365Z,4702.482,13.2V,0,2236.8,81.953,155.62,270.9,24.36,104.0,00,-3.75,4.0236,4.0221,4.0269,4.8,760FB417,737473737373737373737474747473737373737373737373,386.14,9.6,3.71,12.4,0,0,0,0,2900,-39.8,0.01274,-0.00637,C9C9CACACACACACACACACACACACACACAC9CACACACACACACACACA
2026-09-03T21:27:15.877144Z,4705.086,13.1V,0,2236.8,81.953,155.62,270.9,24.36,104.0,00,-3.75,4.0237,4.0223,4.0269,4.6,740FB317,737473737373737373737474747473737373737373737373,386.48,8.1,3.13,12.4,0,0,0,0,2900,-39.8,0.01274,-0.00637,C9C9CACACACACACACACACACACACACACAC9CACACACACACACACACA
2026-09-03T21:27:18.445507Z,4707.654,13.2V,0,2236.8,81.953,155.62,270.9,24.36,104.0,00,-3.75,4.0238,4.0222,4.027,4.8,760FB417,737473737373737373737474747473737373737373737373,386.17,8.7,3.36,12.4,0,0,0,0,2900,-39.8,0.01274,-0.00637,C9C9CACACACACACACACACACACACACACAC9CACACACACACACACACA
2026-09-03T21:27:21.497783Z,4710.706,13.2V,0,2236.8,81.953,155.61,270.9,24.36,104.0,00,-3.72,4.0237,4.0223,4.027,4.7,740FB417,737473737373737373737474747473737373737373737373,386.48,8.4,3.25,12.4,0,0,0,0,2900,-39.8,0.01274,-0.01274,C9C9CACACACACACACACACACACACACACAC9CACACACACACACACACA
2026-09-03T21:27:24.577961Z,4713.786,13.2V,0,2236.8,81.953,155.61,270.9,24.36,104.0,00,-3.68,4.0236,4.0222,4.0269,4.7,740FB717,737473737373737373737474747473737373737373737373,386.48,7.8,3.01,12.5,0,0,0,0,2900,-39.73,0.01274,-0.01274,C9C9CACACACACACACACACACACACACACAC9CACACACACACACACACA
2026-09-03T21:27:27.145980Z,4716.354,13.2V,0,2236.8,81.953,155.61,270.9,24.36,104.0,00,-3.68,4.0236,4.0221,4.0269,4.8,740FB717,737473737373737373737474747473737373737373737373,386.66,8.1,3.13,12.5,0,0,0,0,2900,-39.73,0.01274,-0.01274,C9C9CACACACACACACACACACACACACACAC9CACACACACACACACACA
2026-09-03T21:27:29.723751Z,4718.932,13.2V,0,2236.8,81.953,155.6,270.9,24.36,104.0,00,-4.29,4.0236,4.0221,4.0268,4.7,740FB317,737473737373737373737474747473737373737373737373,386.66,8.7,3.36,12.5,0,0,0,0,2900,-39.73,0.01274,-0.00637,C9C9CACACACACACACACACACACACACACAC9CACACACACACACACACA
2026-09-03T21:27:32.262127Z,4721.471,13.3V,0,2236.8,81.953,155.6,270.9,24.36,104.0,00,-3.7,4.0236,4.0221,4.0268,4.7,740FB317,737473737373737373737474747473737373737373737373,386.63,8.4,3.25,12.5,0,0,0,0,3000,-39.73,0.01911,-0.01274,C9C9CACACACACACACACACACACACACACAC9CACACACACACACACACA
2026-09-03T21:27:34.767083Z,4723.976,13.3V,0,2236.8,81.953,155.6,270.9,24.36,104.0,00,-3.7,4.0236,4.022,4.0269,4.9,760FB317,737473737373737373737474747473737373737373737373,386.29,9.0,3.48,12.6,0,0,0,0,3000,-39.73,0.01274,-0.01274,C9C9CACACACACACACACACACACACACACAC9CACACACACACACACACA
2026-09-03T21:27:37.496910Z,4726.705,13.3V,0,2236.8,81.953,155.6,270.9,24.36,104.0,00,-3.69,4.0235,4.0221,4.0267,4.6,740FB417,737473737373737373737474747473737373737373737373,386.14,9.0,3.48,12.6,0,0,0,0,3000,-39.73,0.01274,-0.01274,C9C9CACACACACACACACACACACACACACAC9CACACACACACACACACA
2026-09-03T21:27:40.418215Z,4729.627,13.4V,0,2236.8,81.953,155.59,270.9,24.36,104.0,00,-3.67,4.0234,4.0219,4.0267,4.8,760FB417,737473737373737373737474747473737373737373737373,386.51,8.7,3.36,12.6,0,0,0,0,3100,-39.73,0.01274,-0.01274,C9C9CACACACACACACACACACACACACACAC9CACACACACACACACACA
2026-09-03T21:27:42.971532Z,4732.18,13.4V,0,2236.8,81.953,155.59,270.9,24.36,104.0,00,-3.67,4.0234,4.022,4.0267,4.7,760FB317,737473737373737373737474747473737373737373737373,386.66,9.0,3.48,12.6,0,0,0,0,2800,-39.73,0.01274,-0.01274,C9C9CACACACACACACACACACACACACACAC9CACACACACACACACACA
2026-09-03T21:27:45.538070Z,4734.746,13.4V,0,2236.8,81.953,155.59,270.9,24.36,104.0,00,-3.67,4.0234,4.022,4.0267,4.7,710FB417,737473737373737373737474747473737373737373737373,386.66,9.0,3.48,12.6,0,0,0,0,2900,-39.73,0.01274,-0.01274,C9C9CACACACACACACACACACACACACACAC9CACACACACACACACACA
2026-09-03T21:27:48.050506Z,4737.259,13.4V,0,2236.8,81.953,155.59,270.9,24.36,104.0,00,-3.69,4.0233,4.0219,4.0266,4.7,740FB417,737473737373737373737474747473737373737373737373,386.14,9.0,3.48,12.7,0,0,0,0,2900,-39.73,0.01274,-0.00637,C9C9CACACACACACACACACACACACACACAC9CACACACACACACACACA
2026-09-03T21:27:50.610625Z,4739.819,13.4V,0,2236.8,81.953,155.58,270.9,24.36,104.0,00,-3.72,4.0233,4.0219,4.0267,4.8,740FB417,737473737373737373737474747473737373737373737373,386.51,9.0,3.48,12.7,0,0,0,0,2900,-39.73,0.01274,-0.01274,C9C9CACACACACACACACACACACACACACAC9CACACACACACACACACA
2026-09-03T21:27:53.158485Z,4742.367,13.5V,0,2236.8,81.953,155.58,270.9,24.36,104.0,00,-3.72,4.0233,4.0218,4.0266,4.8,740FB417,737473737373737373737474747473737373737373737373,386.48,9.0,3.48,12.7,0,0,0,0,2900,-39.73,0.01274,-0.01274,C9C9CACACACACACACACACACACACACACAC9CACACACACACACACACA
2026-09-03T21:27:56.407422Z,4745.616,13.5V,0,2236.8,81.953,155.58,270.9,24.36,104.0,00,-3.68,4.0233,4.0218,4.0266,4.8,740FB817,737473737373737373737474747473737373737373737373,386.48,8.7,3.36,12.7,0,0,0,0,2900,-39.73,0.01274,-0.01274,C9C9CACACACACACACACACACACACACACAC9CACACACACACACACACA
2026-09-03T21:27:58.983178Z,4748.192,13.5V,0,2236.8,81.953,155.57,270.9,24.36,104.0,00,-4.29,4.0232,4.0216,4.0266,5.0,760FB317,737473737373737373737474747473737373737373737373,386.29,9.0,3.48,12.8,0,0,0,0,3000,-39.73,0.01274,-0.01274,C9C9CACACACACACACACACACACACACACAC9CACACACACACACACACA
2026-09-03T21:28:01.550394Z,4750.759,13.5V,0,2236.8,81.953,155.57,270.9,24.36,104.0,00,-3.67,4.0232,4.0217,4.0266,4.9,760FB817,737473737373737373737474747473737373737373737373,386.32,9.0,3.48,12.8,0,0,0,0,3100,-39.73,0.01274,-0.01274,C9C9CACACACACACACACACACACACACACAC9CACACACACACACACACA
2026-09-03T21:28:04.087895Z,4753.296,13.6V,0,2236.8,81.953,155.57,270.9,24.36,104.0,00,-3.69,4.0231,4.0217,4.0265,4.8,740FB817,737473737373737373737474747473737373737373737373,386.29,9.0,3.48,12.8,0,0,0,0,3100,-39.73,0.01274,-0.01274,C9C9CACACACACACACACACACACACACACAC9CACACACACACACACACA
2026-09-03T21:28:06.642098Z,4755.851,13.6V,0,2236.8,81.953,155.57,270.9,24.36,104.0,00,-3.69,4.0231,4.0216,4.0264,4.8,760FB417,737473737373737373737474747473737373737373737373,386.32,8.7,3.36,12.9,0,0,0,0,3100,-39.73,0.01274,-0.00637,C9C9CACACACACACACACACACACACACACAC9CACACACACACACACACA
2026-09-03T21:28:09.258370Z,4758.467,13.6V,0,2236.8,81.953,155.56,270.9,24.36,104.0,00,-3.69,4.0231,4.0216,4.0264,4.8,760FB717,737473737373737373737474747473737373737373737373,386.48,9.0,3.48,12.9,0,0,0,0,3100,-39.73,0.01274,-0.01274,C9C9CACACACACACACACACACACACACACAC9CACACACACACACACACA
2026-09-03T21:28:12.656519Z,4761.865,13.7V,0,2236.8,81.953,155.56,270.9,24.36,104.0,00,-3.64,4.023,4.0216,4.0263,4.7,740FB317,737473737373737373737474747473737373737373737373,386.48,9.3,3.59,12.9,0,0,0,0,2800,-39.73,0.01274,-0.00637,C9C9CACACACACACACACACACACACACACAC9CACACACACACACACACA
2026-09-03T21:28:15.242993Z,4764.451,13.7V,0,2236.8,81.953,155.56,270.9,24.36,104.0,00,-3.64,4.023,4.0216,4.0263,4.7,710FB417,737473737373737373737474747473737373737373737473,386.14,9.3,3.59,12.9,0,0,0,0,2700,-39.73,0.00637,-0.00637,C9C9CACACACACACACACACACACACACACAC9CACACACACACACACACA
2026-09-03T21:28:17.880723Z,4767.089,13.7V,0,2236.8,81.953,155.55,270.9,24.36,104.0,00,-4.24,4.0233,4.0218,4.0266,4.8,760FB417,737473737373737373737474747473737373737373737473,386.32,8.1,3.13,12.9,0,0,0,0,2800,-39.73,0.01274,-0.00637,C9C9CACACACACACACACACACACACACACAC9CACACACACACACACACA
2026-09-03T21:28:20.432695Z,4769.641,13.7V,0,2236.8,81.953,155.55,270.9,24.36,104.0,00,-3.67,4.0233,4.0219,4.0266,4.7,710FB417,737473737373737373737474747473737373737373737373,386.44,7.8,3.01,13.0,0,0,0,0,2900,-39.73,0.01274,-0.00637,C9C9CACACACACACACACACACACACACACAC9CACACACACACACACACA
2026-09-03T21:28:23.004378Z,4772.213,13.7V,0,2236.8,81.953,155.55,270.9,24.36,104.0,00,-3.7,4.0232,4.0217,4.0265,4.8,760FB317,737473737373737373737474747473737373737373737473,386.48,7.8,3.01,13.0,0,0,0,0,2900,-39.73,0.01274,-0.01274,C9C9CACACACACACACACACACACACACACAC9CACACACACACACACACA
2026-09-03T21:28:25.574746Z,4774.783,13.7V,0,2236.8,81.953,155.55,270.9,24.36,104.0,00,-3.7,4.0232,4.0217,4.0265,4.8,760FB417,737473737373737373737474747473737373737373737373,386.32,8.4,3.25,13.0,0,0,0,0,2900,-39.73,0.01274,-0.01274,C9C9CACACACACACACACACACACACACACAC9CACACACACACACACACA
2026-09-03T21:28:28.176135Z,4777.385,13.8V,0,2236.8,81.953,155.54,270.9,24.36,104.0,00,-3.7,4.0231,4.0217,4.0265,4.8,740FB317,737473737373737373737474747473737373737373737473,386.32,8.1,3.13,13.0,0,0,0,0,2900,-39.73,0.01274,-0.01274,C9C9CACACACACACACACACACACACACACAC9CACACACACACACACACA
2026-09-03T21:28:30.730208Z,4779.939,13.8V,0,2236.8,81.953,155.54,270.9,24.36,104.0,00,-3.69,4.0231,4.0217,4.0264,4.7,740FB317,737473737373737373737474747473737373737373737473,386.29,8.4,3.24,13.1,0,0,0,0,2900,-39.73,0.01274,-0.01274,C9C9CACACACACACACACACACACACACACAC9CACACACACACACACACA
2026-09-03T21:28:33.311815Z,4782.52,13.7V,0,2236.8,81.953,155.54,270.9,24.36,104.0,00,-3.69,4.0231,4.0217,4.0264,4.7,740FB317,737473737373737373737474747473737373737373737473,386.29,8.1,3.13,13.1,0,0,0,0,2800,-39.73,0.00637,-0.00637,C9C9CACACACACACACACACACACACACACAC9CACACACACACACACACA
2026-09-03T21:28:36.328041Z,4785.536,13.8V,0,2236.8,81.953,155.54,270.9,24.36,104.0,00,-3.67,4.0232,4.0217,4.0265,4.8,760FB317,737473737373737373737474747473737373737373737473,386.29,8.4,3.24,13.1,0,0,0,0,2800,-39.73,0.01274,-0.01274,C9C9CACACACACACACACACACACACACACAC9CACACACACACACACAC9
2026-09-03T21:28:38.888486Z,4788.097,13.8V,0,2236.8,81.953,155.53,270.9,24.36,104.0,00,-3.69,4.0231,4.0217,4.0264,4.7,710FB417,737473737373737373737474747473737373737373737473,386.48,8.7,3.36,13.1,0,0,0,0,2700,-39.73,0.01274,-0.00637,C9C9CACACACACACACACACACACACACACAC9CACACACACACACACAC9
2026-09-03T21:28:41.488406Z,4790.697,13.8V,0,2236.8,81.953,155.53,270.9,24.36,104.0,00,-3.69,4.023,4.0216,4.0263,4.7,740FB417,737473737373737373737474747473737373737373737473,386.14,7.8,3.01,13.1,0,0,0,0,2700,-39.73,0.01274,-0.01274,C9C9CACACACACACACACACACACACACACAC9C9CACACACACACACAC9
2026-09-03T21:28:44.040531Z,4793.249,13.8V,0,2236.8,81.953,155.53,270.9,24.36,104.0,00,-3.69,4.0231,4.0217,4.0264,4.7,710FB417,737473737373737373737474747473737373737373737473,386.32,8.7,3.36,13.1,0,0,0,0,2700,-39.73,0.01274,-0.01274,C9C9CACACACACACACACACACACACACACAC9C9CACACACACACACAC9
2026-09-03T21:28:46.626239Z,4795.835,13.8V,0,2236.8,81.953,155.53,270.9,24.36,104.0,00,-3.69,4.0231,4.0217,4.0264,4.7,760FB317,737473737373737373737474747473737373737373737473,386.32,8.4,3.25,13.1,0,0,0,0,2700,-39.73,0.01274,-0.01274,C9C9CACACACACACACACACACACACACACAC9C9CACACACACACACAC9
2026-09-03T21:28:49.056210Z,4798.265,13.8V,0,2236.8,81.953,155.52,270.9,24.36,104.0,00,-3.7,4.023,4.0217,4.0263,4.6,710FB317,737473737373737373737474747473737373737373737473,386.32,8.7,3.36,13.1,0,0,0,0,2800,-39.73,0.01274,-0.01274,C9C9CACACACACACACACACACACACACACAC9C9CACACACACACACAC9
2026-09-03T21:28:51.538502Z,4800.747,13.8V,0,2236.8,81.953,155.52,270.9,24.36,104.0,00,-3.7,4.023,4.0216,4.0263,4.7,710FB317,737473737373737373737474747473737373737373737473,386.48,8.4,3.25,13.1,0,0,0,0,2800,-39.73,0.01274,-0.01274,C9C9CACACACACACACACACACACACACACAC9C9CACACACACACACAC9
2026-09-03T21:28:54.105252Z,4803.314,13.8V,0,2236.8,81.953,155.52,270.9,24.36,104.0,00,-3.74,4.023,4.0215,4.0263,4.8,760FB317,737473737373737373737474747473737373737373737473,386.32,8.1,3.13,13.1,0,0,0,0,2700,-39.73,0.01274,-0.00637,C9C9CACACACACACACACACACACACACACAC9C9CACACACACACACAC9
2026-09-03T21:28:56.675020Z,4805.883,13.8V,0,2236.8,81.953,155.52,270.9,24.36,104.0,00,-3.12,4.0229,4.0215,4.0262,4.7,740FB317,737473737373737373737474747473737373737373737473,386.32,8.7,3.36,13.1,0,0,0,0,2800,-39.73,0.01274,-0.00637,C9C9CACACACACACACACACACACACACACAC9C9CACACACACACACAC9
2026-09-03T21:28:59.229861Z,4808.438,13.8V,0,2236.8,81.953,155.51,270.9,24.36,104.0,00,-3.74,4.023,4.0216,4.0263,4.7,740FB317,737473737373737373737474747473737373737373737473,386.48,8.1,3.13,13.1,0,0,0,0,2800,-39.73,0.01274,-0.00637,C9C9CACACACACACACACACACACACACACAC9C9CACACACACACACAC9
2026-09-03T21:29:01.780018Z,4810.988,13.8V,0,2236.8,81.953,155.51,270.9,24.36,104.0,00,-3.74,4.023,4.0216,4.0263,4.7,710FB317,737473737373737373737474747473737373737373737473,386.29,8.4,3.24,13.1,0,0,0,0,2800,-39.73,0.01274,-0.00637,C9C9CACACACACACACACACACACACACACAC9C9CACACACACACACAC9
2026-09-03T21:29:04.307038Z,4813.515,13.7V,0,2236.8,81.953,155.51,270.9,24.36,105.8,00,-3.75,4.0229,4.0215,4.0262,4.7,740FB317,737473737373737373737474747473737373737373737473,386.48,8.4,3.25,13.1,0,0,0,0,2800,-39.73,0.01274,-0.01274,C9C9CACACACACACACACACACACACACACAC9C9CACACACACACACAC9
2026-09-03T21:29:06.840013Z,4816.048,13.8V,0,2236.8,81.953,155.51,270.9,24.36,105.8,00,-3.13,4.0229,4.0214,4.0263,4.9,760FB817,737473737373737373737474747473737373737373737473,386.29,8.1,3.13,13.1,0,0,0,0,2800,-39.73,0.01274,-0.00637,C9C9CACACACACACACACACACACACACACAC9C9CACACACACACACAC9
2026-09-03T21:29:09.444239Z,4818.653,13.8V,0,2236.8,81.953,155.5,270.9,24.36,105.8,00,-3.8,4.0229,4.0215,4.0261,4.6,710FB317,737473737373737373737474747473737373737373737473,386.48,8.7,3.36,13.1,0,0,0,0,2800,-39.73,0.01274,-0.01274,C9C9CACACACACACACACACACACACACACAC9C9CACACACAC9CACAC9
2026-09-03T21:29:12.031914Z,4821.24,13.8V,0,2236.8,81.953,155.5,270.9,24.36,105.8,00,-3.64,4.0229,4.0215,4.0262,4.7,710FB417,737473737373737373737474747473737373737373737473,386.29,8.7,3.36,13.1,0,0,0,0,2800,-39.73,0.01274,-0.00637,C9C9CACACACACACACACACACACACACACAC9C9CACACACAC9CACAC9
2026-09-03T21:29:15.579714Z,4824.788,13.8V,0,2236.8,81.953,155.5,270.9,24.36,105.8,00,-3.12,4.0228,4.0214,4.0261,4.7,740FB817,737473737373737373737474747473737373737373737473,386.14,8.4,3.24,13.1,0,0,0,0,2800,-39.73,0.01274,-0.01274,C9C9CACACACACACACAC9CACACACACACAC9C9CACACACAC9CACAC9
2026-09-03T21:29:18.576531Z,4827.785,13.8V,0,2236.8,81.953,155.49,270.9,24.36,105.8,00,-3.71,4.0229,4.0215,4.0261,4.6,710FB317,737473737373737373737474747473737373737373737473,386.1,8.7,3.36,13.1,0,0,0,0,2800,-39.73,0.00637,-0.01274,C9C9CACACACACACACAC9CACACACACACAC9C9CACACACAC9CACAC9
2026-09-03T21:29:21.122911Z,4830.331,13.8V,0,2236.8,81.953,155.49,270.9,24.36,105.8,00,-3.72,4.0228,4.0213,4.0261,4.8,760FB317,737473737373737373737474747473737373737373737473,386.32,8.4,3.25,13.1,0,0,0,0,2500,-39.73,0.01274,-0.01274,C9C9CACACACACACACAC9CACACACACACAC9C9CACACACAC9CACAC9
2026-09-03T21:29:23.692443Z,4832.901,13.8V,0,2236.8,81.953,155.49,270.9,24.36,105.8,00,-3.72,4.0228,4.0213,4.0261,4.8,760FB317,737473737373737373737474747473737373737373737473,386.48,9.0,3.48,13.1,0,0,0,0,2500,-39.73,0.01274,-0.01274,C9C9CACACACACACACAC9CACACACACACAC9C9CACACACAC9CACAC9
2026-09-03T21:29:26.262895Z,4835.471,13.8V,0,2236.8,81.953,155.49,270.9,24.36,105.8,00,-3.1,4.0227,4.0213,4.026,4.7,740FB317,737473737373737373737474747473737373737373737473,386.66,8.7,3.36,13.1,0,0,0,0,2500,-39.73,0.01274,-0.00637,C9C9CACACACACACACAC9CACACACACACAC9C9CACACACAC9CACAC9
2026-09-03T21:29:28.806011Z,4838.014,13.8V,0,2236.8,81.953,155.48,270.9,24.36,105.8,00,-3.72,4.0227,4.0213,4.026,4.7,740FB317,737473737373737373737474747473737373737373737473,386.32,8.4,3.25,13.0,0,0,0,0,3000,-39.73,0.01274,-0.00637,C9C9CACACACACAC9CAC9CACACACACACAC9C9CACACAC9C9CACAC9
2026-09-03T21:29:31.588127Z,4840.797,13.8V,0,2236.8,81.953,155.48,270.9,24.36,105.8,00,-3.71,4.0227,4.0214,4.026,4.6,710FB317,737473737373737373737474747473737373737373737473,386.32,8.7,3.36,13.0,0,0,0,0,1400,-40.81,0.01274,-0.01274,C9C9CACACACACAC9CAC9CACACACACACAC9C9CACACAC9C9CACAC9
2026-09-03T21:29:34.158430Z,4843.367,13.8V,0,2236.8,81.953,155.48,270.9,24.36,105.8,00,-3.74,4.0226,4.0212,4.026,4.8,710FB317,737473737373737373737474747473737373737373737373,386.48,9.0,3.48,13.1,0,0,0,0,500,-40.99,0.00637,-0.00637,C9C9CACACACACAC9CAC9CACACACACACAC9C9CACACAC9C9CACAC9
2026-09-03T21:29:36.691554Z,4845.9,13.8V,0,2236.8,81.953,155.48,270.9,24.36,105.8,00,-3.11,4.0223,4.0207,4.0258,5.1,710FB817,747473737373737373737474747473737373737373737473,386.48,10.2,3.94,13.1,0,0,0,0,0,-41.05,0.01274,-0.01911,C9C9CACACACACAC9CAC9CACACACACACAC9C9CACACAC9C9CACAC9
2026-09-03T21:29:39.276852Z,4848.485,13.8V,3,2236.8,81.953,155.47,270.9,24.36,105.8,00,-3.74,4.0212,4.0196,4.0245,4.9,740FB717,747473737373737373737474747473737373737373737473,386.14,16.8,6.49,13.0,2,2,2,2,0,-42.37,0.01911,-0.0446,C9C9CACAC9CACAC9CAC9CACACACACACAC9C9CACACAC9C9CACAC9
2026-09-03T21:29:41.848142Z,4851.057,13.8V,6,2236.8,81.953,155.47,270.9,24.36,105.8,00,-3.74,4.0197,4.0184,4.023,4.6,730FB317,737473737373737373737474747473737373737373737373,385.98,25.2,9.73,13.0,6,5,6,4,0,-359.88,0.0,-0.0446,C9C9CACAC9CACAC9CAC9CACACACACACAC9C9CACACAC9C9CACAC9
2026-09-03T21:29:44.428790Z,4853.637,13.8V,1,2236.8,81.953,155.46,270.9,24.36,105.8,00,-4.36,4.0221,4.0207,4.0253,4.6,740FB317,747473737373737373737474747473737373737373737473,386.32,9.6,3.71,13.0,3,2,3,2,900,-291.5,-0.00637,0.05734,C9C9C9C9C9CACAC9CAC9CACACACACACAC9C9C9CACAC9C9CACAC9
2026-09-03T21:29:47.031031Z,4856.239,13.7V,6,2236.8,81.953,155.46,270.9,24.36,105.8,00,-3.73,4.0198,4.0182,4.0234,5.2,760FB317,737473737373737373737474747473737373737373737473,385.83,39.6,15.28,13.0,3,3,3,3,0,166.67,0.03823,0.10831,C9C9C9C9C9CACAC9CAC9CAC9CACACACAC9C9C9CACAC9C9CACAC9
2026-09-03T21:29:49.436705Z,4858.645,13.8V,12,2236.8,81.953,155.45,270.9,24.36,105.8,00,-4.35,4.0159,4.0144,4.0193,4.9,710FB317,737473737373737373737474747473737373737373737473,385.83,36.3,14.01,13.0,12,12,12,12,0,61.93,0.03823,0.0446,C9C9C9C9C9CACAC9C9C9CAC9CACACACAC9C9C9CACAC9C9CACAC9
2026-09-03T21:29:51.871635Z,4861.08,13.8V,10,2236.8,81.953,155.44,270.9,24.36,105.8,00,-4.99,4.0227,4.0213,4.026,4.7,740FB817,747473737373737373737474747473737373737373737473,386.29,6.6,2.55,13.0,11,10,11,10,0,-229.88,-0.07008,-0.05097,C9C9C9C9C9CACAC9C9C9CAC9CACACACAC9C9C9CACAC9C9CACAC9
2026-09-03T21:29:54.444058Z,4863.652,13.8V,11,2236.9,81.953,155.44,270.9,24.36,104.0,00,-4.99,4.0183,4.0168,4.0215,4.7,760FB317,737473737373737373737474747473737373737373737373,385.68,51.0,19.67,13.0,11,9,11,8,0,-358.82,-0.09557,0.05097,C9C9C9C9C9CACAC9C9C9CAC9CACACACAC9C9C9CACAC9C9CACAC9
2026-09-03T21:29:57.010913Z,4866.219,13.8V,19,2236.9,81.453,155.42,270.9,24.36,104.0,00,-5.61,4.0096,4.008,4.0131,5.1,760FB717,737473737373737373737474747473737373737373737473,385.19,60.6,23.34,13.0,18,17,18,18,0,-20.68,0.03823,0.09557,C9C9C9C9C9CACAC9C9C9C9C9CACAC9CAC9C9C9CACAC9C9CACAC9
2026-09-03T21:29:59.641056Z,4868.849,13.8V,20,2236.9,81.453,155.41,270.9,24.36,104.0,00,-6.22,4.0211,4.0197,4.0244,4.7,720FB317,747473737373737373737474747473737373737373737473,385.68,33.9,13.07,13.1,19,19,19,19,0,3.54,0.03823,0.02548,C9C9C9C9C9CACAC9C9C9C9C9CACAC9CAC9C9C9CACAC9C9CACAC9
2026-09-03T21:30:02.849688Z,4872.058,13.8V,24,2236.9,81.453,155.4,270.9,24.36,104.0,00,-6.76,4.0117,4.0098,4.0155,5.7,710FB317,747473737373737373737474747473737373737373737473,385.19,68.4,26.35,13.1,22,22,22,22,0,5.3,0.01911,0.05097,C9C9C9C9C9CACAC9C9C9C9C9CACAC9C9C9C9C9CAC9C9C9CACAC9
2026-09-03T21:30:05.958105Z,4875.167,13.8V,25,2236.9,81.453,155.38,270.9,24.36,104.0,00,-7.92,4.0205,4.0189,4.0238,4.9,760FB317,747473737373737373737474747473737373737373737473,386.14,12.6,4.87,13.1,25,25,25,25,0,0.86,0.01911,0.00637,C9C9C9C9C9C9CAC9C9C9C9C9CACAC9C9C9C9C9C9C9C9C9C9CAC9
2026-09-03T21:30:08.591710Z,4877.8,13.8V,24,2236.9,81.453,155.38,270.9,24.42,104.0,00,-7.3,4.0198,4.0183,4.0231,4.8,760FB317,747473737373737373737474747473737373737373737473,386.17,17.4,6.72,13.1,24,24,24,24,0,-0.04,0.01274,-0.00637,C9C9C9C9C9C9CAC9C9C9C9C9CACAC9C9C9C9C9C9C9C9C9C9CAC9
2026-09-03T21:30:11.141427Z,4880.35,13.8V,26,2237.0,81.453,155.37,270.9,24.42,104.0,00,-7.92,4.0163,4.0147,4.0198,5.1,730FB817,747473737373737373737474747473737373737373737473,385.64,37.2,14.35,13.1,25,25,25,25,0,1.23,0.01274,0.01274,C9C9C9C9C9C9CAC9C9C9C9C9CACAC9C9C9C9C9C9C9C9C9C9CAC9
2026-09-03T21:30:13.709835Z,4882.918,13.8V,25,2237.0,81.453,155.36,270.9,24.42,104.0,00,-8.67,4.018,4.0164,4.0214,5.0,740FB317,747473737373737373737474747473737373737373737473,386.63,-3.85,-1.49,13.1,26,26,26,26,0,1.56,0.02548,-0.01274,C8C9C9C9C9C9CAC9C9C9C9C9C9CAC9C9C9C9C9C9C9C9C9C9CAC9
2026-09-03T21:30:16.242297Z,4885.451,13.8V,20,2237.0,81.453,155.36,270.9,24.42,104.0,00,-8.12,4.0247,4.0232,4.028,4.8,720FB717,737473737373737373737474747473737373737373737473,386.63,-11.95,-4.62,13.1,22,22,22,22,0,-4.31,0.01911,-0.0446,C9C9C9C9C9C9CAC9C9C9C9C9C9CAC9C9C9C9C9C9C9C9C9C9CAC9
2026-09-03T21:30:19.227961Z,4888.436,13.8V,20,2237.0,81.453,155.36,270.9,24.42,104.0,00,-8.05,4.0198,4.0183,4.0232,4.9,760FB717,737473737373737373737474747473737373737373737373,386.44,0.3,0.12,13.0,20,20,20,21,0,4.31,0.02548,-0.00637,C8C9C9C9C9C9CAC9C9C9C9C9C9CAC9C9C9C9C9C9C9C9C9C9CAC9
2026-09-03T21:30:21.861660Z,4891.07,13.8V,14,2237.0,81.453,155.36,270.9,24.42,104.0,00,-8.05,4.0236,4.0221,4.0268,4.7,740FB317,747473737373737373737474747473737373737373737473,386.78,-18.55,-7.17,13.0,16,16,16,16,100,-0.75,0.02548,-0.06371,C8C9C9C9C9C9CAC9C9C9C9C9C9CAC9C9C9C9C9C9C9C9C9C9CAC9
2026-09-03T21:30:24.459477Z,4893.668,13.8V,7,2237.0,81.453,155.36,270.9,24.48,102.2,00,-8.04,4.0237,4.0221,4.0271,5.0,760FB817,737473737373737373737474747473737373737373737473,386.44,0.3,0.12,13.1,9,9,9,9,100,-0.37,0.0,-0.07008,C9C9C9C9C9C9CAC9C9C9C9C9C9CAC9C9C9C9C9C9C9C9C9C9CAC9
2026-09-03T21:30:27.049001Z,4896.257,13.8V,6,2237.0,81.453,155.36,270.9,24.48,102.2,00,-7.42,4.021,4.0196,4.0244,4.8,740FB717,747473737373737373737474747473737373737373737473,386.32,11.1,4.29,13.1,6,6,7,6,0,-11.79,0.0,0.0,C9C9C9C9C9C9CAC9C9C9C9C9C9CAC9C9C9C9C9C9C9C9C9C9CAC9
2026-09-03T21:30:29.620080Z,4898.828,13.8V,4,2237.0,81.453,155.36,270.9,24.48,102.2,00,-7.44,4.0221,4.0206,4.0253,4.7,760FB317,747473737373737373737474747473737373737373737473,386.29,7.2,2.78,13.1,5,5,5,5,100,-11.79,0.0,-0.0446,C8C9C9C9C9C9C9C9C9C9C9C9C9CAC9C9C9C9C9C9C9C9C9C9CAC9
2026-09-03T21:30:32.174168Z,4901.383,13.8V,3,2237.0,81.453,155.36,270.9,24.48,102.2,00,-7.45,4.021,4.0194,4.0242,4.8,760FB317,747473737373737373737474747473737373737373737473,386.32,7.8,3.01,13.1,3,3,3,3,100,-10.67,0.01274,0.01274,C8C9C9C9C9C9C9C9C9C9C9C9C9CAC9C9C9C9C9C9C9C9C9C9CAC9
2026-09-03T21:30:34.778346Z,4903.987,13.8V,4,2237.0,81.453,155.35,270.9,24.48,102.2,00,-8.06,4.0203,4.0187,4.0236,4.9,760FB317,747473737373737373737474747473737373737373737473,386.63,7.2,2.78,13.0,4,4,4,4,100,-105.05,0.01274,-0.02548,C8C9C9C9C9C9C9C9C9C9C9C9C9CAC9C9C9C9C9C9C9C9C9C9CAC9
2026-09-03T21:30:37.347769Z,4906.556,13.8V,2,2237.0,81.453,155.35,270.9,24.48,102.2,00,-7.44,4.0217,4.0203,4.0251,4.8,720FB417,747473737373737373737474747473737373737373737473,386.32,9.0,3.48,13.0,3,2,3,2,400,-236.24,-0.01274,-0.07645,C8C9C9C9C9C9C9C9C9C9C9C9C9CAC9C9C9C9C9C9C9C9C9C9CAC9
2026-09-03T21:30:39.906472Z,4909.115,13.8V,0,2237.0,81.453,155.34,270.9,24.48,102.2,00,-8.06,4.0214,4.0199,4.0247,4.8,740FB717,747473737373737373737474747473737373737373737473,386.36,10.5,4.06,13.1,0,0,0,0,400,-444.82,-0.01274,-0.01911,C8C9C9C9C9C9C9C9C9C9C9C9C9CAC9C9C9C9C9C9C9C9C9C9CAC9
2026-09-03T21:30:42.462304Z,4911.671,13.8V,0,2237.0,81.453,155.34,270.9,24.48,102.2,00,-7.44,4.0215,4.0198,4.0251,5.3,750FB817,747473737373737373737474747473737373737373737473,386.32,9.3,3.59,13.1,0,0,0,0,500,-482.81,-0.00637,-0.07008,C8C9C9C9C9C9C9C9C9C9C9C9C9CAC9C9C9C9C9C9C9C9C9C9CAC9
2026-09-03T21:30:45.056337Z,4914.265,13.8V,0,2237.0,81.453,155.33,270.9,24.48,102.2,00,-8.07,4.0214,4.0198,4.0246,4.8,780FB317,747473737373737373737474747473737373737373737473,386.17,9.9,3.82,13.1,0,0,0,0,200,-474.25,-0.00637,-0.02548,C8C9C9C9C9C9C9C9C9C9C9C9C9CAC9C9C9C9C9C9C9C9C9C9CAC9
2026-09-03T21:30:47.610667Z,4916.819,13.8V,0,2237.0,81.453,155.33,270.9,24.48,104.0,00,-7.43,4.0214,4.0199,4.0247,4.8,730FB417,737473737373737373737474747473737373737373737473,386.32,9.0,3.48,13.1,0,0,0,0,500,-478.32,0.0,-0.03823,C8C9C9C9C9C9C9C9C9C9C9C9C9CAC9C9C9C9C9C9C9C9C9C9CAC9
2026-09-03T21:30:51.393104Z,4920.602,13.8V,0,2237.0,81.453,155.32,270.9,24.48,104.0,00,-7.26,4.0214,4.02,4.0248,4.8,740FB717,747473737373737373737474747473737373737373737473,386.14,9.0,3.48,13.1,0,0,0,0,1100,-481.07,0.0,-0.03186,C8C9C9C9C9C9C9C9C9C9C9C9C9CAC9C9C9C9C9C9C9C9C9C9CAC9
2026-09-03T21:30:54.553808Z,4923.762,13.8V,0,2237.0,81.453,155.32,270.9,24.48,104.0,00,-6.26,4.0215,4.02,4.0248,4.8,760FB817,747473737373737373737474747473737373737373737473,386.14,9.3,3.59,13.1,0,0,0,0,500,-482.5,0.0,-0.02548,C8C9C9C9C9C9C9C9C9C9C9C9C9CAC9C9C9C9C9C9C9C9C9C9CAC9
2026-09-03T21:30:57.164084Z,4926.373,13.8V,0,2237.0,81.453,155.31,270.9,24.48,104.0,00,-6.26,4.0213,4.0198,4.0246,4.8,780FB417,747473737373737373737474747473737373737373737473,386.48,9.3,3.59,13.1,0,0,0,0,400,-485.43,0.0,-0.03186,C8C9C9C9C9C9C9C9C9C9C9C9C9CAC9C9C9C9C9C9C9C9C9C9CAC9
2026-09-03T21:30:59.713497Z,4928.922,13.8V,1,2237.0,81.453,155.31,270.9,24.48,104.0,00,-5.7,4.0211,4.0196,4.0246,5.0,710FB417,747473737373737373737474747473737373737373737473,386.32,12.3,4.75,13.0,0,0,0,0,0,-494.69,0.0,0.01274,C8C9C9C9C9C9C9C9C9C9C9C9C9CAC9C9C9C9C9C9C9C9C9C9CAC9
2026-09-03T21:31:02.310032Z,4931.518,13.7V,8,2237.0,81.453,155.3,270.9,24.48,104.0,00,-6.05,4.0181,4.0166,4.0214,4.8,740FB417,747473737373737373737474747473737373737373737473,385.64,40.2,15.5,13.0,7,5,6,4,0,-487.32,-0.07008,0.10194,C8C9C9C9C9C9C9C9C9C9C9C9C9CAC9C9C9C9C9C9C9C9C9C9CAC9
2026-09-03T21:31:04.883832Z,4934.092,13.8V,22,2237.1,81.453,155.29,270.9,24.48,104.0,00,-5.5,4.001,3.9994,4.0046,5.2,760FB717,737473737373737373737474747473737373737373737473,384.24,132.9,51.07,13.0,18,18,18,18,0,-13.86,0.0446,0.19751,C8C9C9C9C9C9C9C9C9C9C9C9C9CAC9C9C9C9C9C9C9C9C9C9CAC9
2026-09-03T21:31:07.438096Z,4936.647,13.8V,28,2237.1,81.453,155.26,270.9,24.48,104.0,00,-7.34,4.0137,4.0121,4.0171,5.0,760FB717,747473737373737373737474747473737373737373737473,383.63,122.7,47.07,13.0,26,26,27,26,0,-6.49,0.01274,0.11468,C8C9C9C9C9C9C9C9C9C9C9C9C9C9C9C9C9C9C9C9C9C9C9C9CAC9
2026-09-03T21:31:10.039177Z,4939.248,13.8V,30,2237.1,81.453,155.24,270.9,24.48,104.0,00,-7.95,4.0216,4.02,4.025,5.0,740FB717,747473737373737373737474747473737373737373737473,385.22,53.4,20.57,13.1,29,29,29,29,0,-7.06,0.0,0.0446,C8C9C9C9C9C9C9C9C9C9C9C9C9C9C9C9C9C9C9C9C9C9C9C9CAC9
2026-09-03T21:31:12.608809Z,4941.817,13.8V,30,2237.1,81.453,155.23,270.9,24.48,104.0,00,-7.95,4.0215,4.0199,4.0249,5.0,730FB717,737473737373737373737474747473737373737373737473,386.17,3.6,1.39,13.1,30,30,30,30,0,8.62,0.03823,-0.03186,C8C9C9C9C9C9C9C9C9C9C9C9C9C9C9C9C9C9C9C9C9C9C9C9CAC9
2026-09-03T21:31:15.197274Z,4944.406,13.8V,33,2237.1,81.453,155.22,270.9,24.48,104.0,00,-8.55,4.0099,4.0084,4.0133,4.9,720FB317,747473737373737373737474747473737373737373737473,384.88,63.6,24.48,13.1,32,32,32,32,0,-7.99,0.02548,0.03186,C8C9C9C9C9C9C9C9C9C9C9C9C9C9C9C9C9C9C9C9C9C9C9C9CAC9
2026-09-03T21:31:17.807199Z,4947.016,13.8V,38,2237.2,81.453,155.2,270.9,24.54,104.0,00,-9.83,4.0051,4.0034,4.0087,5.3,730FB817,747473737373737373737474747473737373737373737473,384.46,93.9,36.1,13.1,36,36,36,36,0,-9.31,-0.01274,0.05097,C8C9C9C9C9C9C9C9C9C9C9C9C9C9C9C9C9C9C9C9C9C9C9C9CAC9
2026-09-03T21:31:20.374108Z,4949.583,13.8V,44,2237.2,81.453,155.16,270.9,24.54,104.0,00,-12.3,3.9995,3.996,4.0037,7.7,780FB417,747473737373737373737474747473737373737373737473,383.93,96.0,36.86,13.1,42,42,42,42,0,1.5,0.01911,0.05097,C8C9C9C9C9C9C9C9C9C9C9C9C9C9C9C9C9C9C9C9C9C9C9C9CAC9
2026-09-03T21:31:22.928258Z,4952.137,13.8V,48,2237.2,81.453,155.13,270.9,24.54,104.0,00,-14.16,4.0011,3.9989,4.0051,6.2,710FB417,747473737373737373737474747473737373737373737473,384.31,90.9,34.93,13.1,47,47,47,47,0,4.55,0.01911,0.0446,C8C9C9C9C9C9C9C9C9C9C9C9C9C9C9C9C9C9C9C9C9C9C9C9CAC9
2026-09-03T21:31:25.511104Z,4954.72,13.8V,51,2237.2,81.453,155.11,270.9,24.61,104.0,00,-15.39,4.0012,3.9988,4.0049,6.1,780FB717,747473737373737373737474747473737373737373737473,384.88,55.8,21.48,13.1,50,51,51,51,0,1.8,0.0446,0.01274,C8C9C9C9C9C9C9C9C9C9C9C9C9C9C9C9C9C9C9C9C9C9C9C9CAC9
2026-09-03T21:31:28.166395Z,4957.375,13.8V,53,2237.3,81.453,155.09,270.9,24.61,104.0,00,-16.6,4.0074,4.0047,4.0111,6.4,780FB317,747473737373737373737474747473737373737373737473,383.48,123.9,47.51,13.1,52,52,52,52,0,-0.99,0.00637,0.0446,C8C9C9C9C9C9C9C9C9C9C9C9C9C9C9C9C9C9C9C9C9C9C9C9CAC9
2026-09-03T21:31:30.707015Z,4959.915,13.8V,53,2237.3,81.453,155.08,270.9,24.67,104.0,00,-17.22,4.0119,4.0101,4.0153,5.2,760FB717,747473737373737373737474747473737373737373737473,384.88,54.3,20.9,13.1,52,52,52,52,0,0.24,0.01911,0.0,C8C9C9C9C9C9C9C9C9C9C9C9C9C9C9C9C9C9C9C9C9C9C9C9CAC9
2026-09-03T21:31:33.272869Z,4962.481,13.8V,50,2237.4,81.453,155.07,270.9,24.67,104.0,00,-17.23,4.0243,4.0227,4.0277,5.0,750FB817,747473737373737373737474747473737373737373737473,386.48,-21.85,-8.44,13.1,50,50,50,50,0,0.55,0.02548,-0.03823,C8C9C9C9C9C9C9C9C9C9C9C9C9C9C9C9C9C9C9C9C9C9C9C9CAC9
2026-09-03T21:31:35.872633Z,4965.081,13.8V,48,2237.4,81.453,155.07,270.9,24.67,104.0,00,-17.22,4.0235,4.0216,4.027,5.4,760FB817,747473737373737373737474747473737373737373737473,386.78,-29.65,-11.47,13.1,49,49,49,49,0,-0.24,0.01911,-0.0446,C8C9C9C9C9C9C9C9C9C9C9C9C9C9C9C9C9C9C9C9C9C9C9C9CAC9
2026-09-03T21:31:38.465729Z,4967.674,13.8V,44,2237.4,81.453,155.07,270.9,24.67,104.0,00,-16.6,4.0246,4.0229,4.0281,5.2,710FB417,747473737373737373737474747473737373737373737473,386.74,-28.15,-10.89,13.1,45,45,45,45,0,1.43,0.02548,-0.03823,C8C9C9C9C9C9C9C9C9C9C9C9C9C9C9C9C9C9C9C9C9C9C9C9CAC9
2026-09-03T21:31:41.018344Z,4970.227,13.8V,37,2237.5,81.453,155.08,270.9,24.73,104.0,00,-15.98,4.038,4.0361,4.0416,5.5,730FB617,737473737373737373737474747473737373737373737473,388.03,-111.55,-43.28,13.0,40,40,40,40,0,0.04,0.01911,-0.12742,C8C9C9C9C9C9C9C9C9C9C9C9C9C9C9C9C9C9C9C9C9C9C9C9CAC9
2026-09-03T21:31:43.558651Z,4972.767,13.8V,26,2237.5,81.453,155.11,270.9,24.73,104.0,00,-13.54,4.0373,4.0357,4.0408,5.1,740FB117,737473737373737373737474747473737373737373737373,387.88,-101.65,-39.43,13.0,29,29,29,29,0,1.98,0.01911,-0.15291,C8C9C9C9C9C9C9C9C9C9C9C9C9C9C9C9C9C9C9C9C9C9C9C9CAC9
2026-09-03T21:31:46.101279Z,4975.31,13.8V,15,2237.5,81.453,155.13,270.9,24.73,104.0,00,-12.31,4.0332,4.0315,4.0372,5.7,760FB817,747473737373737373737474747473737373737373737473,386.78,-13.15,-5.09,13.0,16,16,16,16,0,-0.11,0.02548,-0.08283,C8C9C9C9C9C9C9C9C9C9C9C9C9C9C9C9C9C9C9C9C9C9C9C9CAC9
2026-09-03T21:31:48.645048Z,4977.853,13.8V,7,2237.5,81.453,155.13,270.9,24.79,104.0,00,-11.95,4.0258,4.0243,4.0292,4.9,740FB817,747473737373737373737474747473737373737373737473,386.82,-2.95,-1.14,13.0,9,9,9,9,200,1.17,0.02548,-0.10831,C8C9C9C9C9C9C9C9C9C9C9C9C9C9C9C9C9C9C9C9C9C9C9C9CAC9
2026-09-03T21:31:51.187370Z,4980.396,13.8V,0,2237.5,81.453,155.13,270.9,24.79,104.0,00,-11.44,4.0212,4.0197,4.0246,4.9,760FB817,747473737373737373737474747473737373737373737473,385.98,9.0,3.47,13.1,2,2,2,2,700,0.11,0.01911,-0.07008,C8C9C9C9C9C9C9C9C9C9C9C9C9C9C9C9C9C9C9C9C9C9C9C9CAC9
2026-09-03T21:31:54.417019Z,4983.625,13.8V,0,2237.5,81.453,155.13,270.9,24.79,104.0,00,-11.43,4.0208,4.0193,4.0241,4.8,740FB417,747473737373737373737474747473737373737373737473,386.14,8.7,3.36,13.1,0,0,0,0,1000,0.11,0.01911,-0.00637,C8C9C9C9C9C9C9C9C9C9C9C9C9C9C9C9C9C9C9C9C9C9C9C9CAC9
2026-09-03T21:31:57.256689Z,4986.465,13.8V,0,2237.5,81.453,155.13,270.9,24.79,104.0,00,-11.26,4.0207,4.0192,4.024,4.8,740FB317,747473737373737373737474747473737373737373737473,386.17,9.0,3.48,13.1,0,0,0,0,1000,0.11,0.01911,-0.00637,C8C9C9C9C9C9C9C9C9C9C9C9C9C9C9C9C9C9C9C9C9C9C9C9CAC9
2026-09-03T21:31:59.842410Z,4989.051,13.8V,0,2237.5,81.453,155.12,270.9,24.79,104.0,00,-11.26,4.0206,4.0192,4.0239,4.7,740FB317,737473737373737373737474747473737373737373737473,386.48,8.4,3.25,13.1,0,0,0,0,1000,0.11,0.01911,0.0,C8C9C9C9C9C9C9C9C9C9C9C9C9C9C9C9C9C9C9C9C9C9C9C9CAC9
2026-09-03T21:32:02.411624Z,4991.62,13.8V,0,2237.5,81.453,155.12,270.9,24.79,104.0,00,-10.64,4.0207,4.0192,4.024,4.8,710FB417,747473737373737373737474747473737373737373737473,386.17,8.7,3.36,13.1,0,0,0,0,1000,0.11,0.01911,-0.00637,C8C9C9C9C9C9C9C9C9C9C9C9C9C9C9C9C9C9C9C9C9C9C9C9CAC9
2026-09-03T21:32:04.923354Z,4994.132,13.8V,0,2237.5,81.453,155.12,270.9,24.79,104.0,00,-8.77,4.0206,4.0191,4.024,4.9,760FB317,747473737373737373737474747473737373737373737473,386.32,8.7,3.36,13.1,0,0,0,0,1000,0.11,0.01911,-0.00637,C8C9C9C9C9C9C9C9C9C9C9C9C9C9C9C9C9C9C9C9C9C9C9C9CAC9
2026-09-03T21:32:07.474181Z,4996.683,13.8V,0,2237.5,81.453,155.11,270.9,24.79,104.0,00,-8.15,4.0206,4.019,4.0239,4.9,710FB317,747473737373737373737474747473737373737373737473,386.14,8.7,3.36,13.1,0,0,0,0,1000,0.18,0.01911,0.0,C8C9C9C9C9C9C9C9C9C9C9C9C9C9C9C9C9C9C9C9C9C9C9C9CAC9
2026-09-03T21:32:10.100618Z,4999.309,13.8V,1,2237.5,81.453,155.11,270.9,24.79,104.0,00,-7.51,4.0205,4.019,4.0239,4.9,760FB317,747473737373737373737474747473737373737373737473,385.98,12.0,4.63,13.0,0,0,0,0,0,-0.42,0.01911,0.03823,C8C9C9C9C9C9C9C9C9C9C9C9C9C9C9C9C9C9C9C9C9C9C9C9CAC9
2026-09-03T21:32:12.652816Z,5001.861,13.8V,13,2237.5,81.453,155.1,270.9,24.79,104.0,00,-7.52,4.0116,4.0101,4.0149,4.8,730FB417,747473737373737373737474747473737373737373737473,384.92,73.5,28.29,13.0,10,10,10,10,0,-12.06,0.02548,0.15291,C8C9C9C9C9C9C9C9C9C9C9C9C9C9C9C9C9C9C9C9C9C9C9C9CAC9
2026-09-03T21:32:15.253063Z,5004.461,13.8V,24,2237.5,81.453,155.08,270.9,24.79,104.0,00,-7.52,4.0029,4.0011,4.0064,5.3,760FB317,747473737373737373737474747473737373737373737473,384.12,120.3,46.21,13.0,21,21,21,21,0,15.18,0.02548,0.12105,C8C9C9C9C9C9C9C9C9C9C9C9C9C9C9C9C9C9C9C9C9C9C9C9CAC9
2026-09-03T21:32:17.825917Z,5007.034,13.8V,32,2237.6,81.453,155.05,270.9,24.79,104.0,00,-6.89,4.0009,3.9989,4.0044,5.5,780FB317,747473737373737373737474747473737373737373737473,383.78,107.1,41.1,13.0,30,30,30,31,0,-5.5,0.0,0.07645,C8C9C9C9C9C9C9C9C9C9C9C9C9C9C9C9C9C9C9C9C9C9C9C9CAC9
2026-09-03T21:32:20.412595Z,5009.621,13.8V,41,2237.6,81.453,155.02,270.9,24.79,104.0,00,-6.89,3.9951,3.9928,3.999,6.2,710FB817,747473737373737373737474747473737373737373737473,383.02,177.6,68.02,13.0,37,38,37,38,0,-7.37,0.00637,0.09557,C8C8C9C9C9C9C9C9C9C9C9C9C9C9C9C9C9C9C9C9C9C9C9C9CAC9
2026-09-03T21:32:23.351487Z,5012.56,13.8V,48,2237.6,81.453,154.97,270.9,24.79,104.0,00,-8.71,3.9911,3.9885,3.9954,6.9,780FB417,747473737373737373737474747473737373737373737473,384.12,88.2,33.88,13.0,46,46,46,46,0,-8.93,-0.01274,0.05097,C8C8C9C9C9C9C9C9C9C9C9C9C9C9C9C9C9C9C9C9C9C9C9C9CAC9
2026-09-03T21:32:26.385038Z,5015.593,13.8V,49,2237.7,81.453,154.94,270.9,24.85,104.0,00,-9.28,4.0088,4.0069,4.0122,5.3,780FB317,747473737373737373737474747473737373737373737473,384.88,45.6,17.55,13.1,49,49,49,49,0,0.37,0.01911,0.00637,C8C8C9C9C9C9C9C9C9C9C9C9C9C9C9C9C9C9C9C9C9C9C9C9CAC9
2026-09-03T21:32:28.896716Z,5018.105,13.8V,50,2237.7,81.453,154.93,270.9,24.85,104.0,00,-9.28,4.0096,4.0079,4.0132,5.3,720FB317,747473737373737373737474747473737373737373737473,384.92,49.5,19.05,13.1,50,50,50,50,0,0.31,0.00637,0.0,C8C8C9C9C9C9C9C9C9C9C9C9C9C9C9C9C9C9C9C9C9C9C9C9CAC9
2026-09-03T21:32:31.455356Z,5020.664,13.8V,51,2237.7,81.453,154.91,270.9,24.85,104.0,00,-9.9,4.0095,4.0078,4.013,5.2,710FB417,747473737373737373737474747473737373737373737473,384.88,47.1,18.13,13.1,51,50,51,51,0,0.79,0.00637,0.0,C8C8C9C9C9C9C9C9C9C9C9C9C9C9C9C9C9C9C9C9C9C9C9C9CAC9
2026-09-03T21:32:34.003916Z,5023.212,13.8V,48,2237.8,81.453,154.91,270.9,24.92,104.0,00,-9.91,4.0224,4.0208,4.0259,5.1,750FB317,747473737373737373737474747473737373737373737473,386.29,-30.25,-11.69,13.1,49,49,49,49,0,-0.55,0.01274,-0.03823,C8C8C9C9C9C9C9C9C9C9C9C9C9C9C9C9C9C9C9C9C9C9C9C9CAC9
2026-09-03T21:32:36.591228Z,5025.8,13.8V,44,2237.8,81.453,154.91,270.9,24.92,104.0,00,-9.91,4.0239,4.0225,4.0274,4.9,710FB317,747473737373737373737474747473737373737373737473,386.29,-26.65,-10.29,13.1,44,45,45,45,0,11.48,0.07008,-0.03186,C8C8C9C9C9C9C9C9C9C9C9C9C9C9C9C9C9C9C9C9C9C9C9C9CAC9
2026-09-03T21:32:39.153164Z,5028.362,13.8V,38,2237.8,81.453,154.92,270.9,24.98,104.0,00,-9.91,4.0236,4.022,4.027,5.0,760FB317,747473737373737373737474747473737373737373737473,386.9,-45.55,-17.62,13.0,40,40,40,40,0,-6.67,0.00637,-0.06371,C8C8C9C9C9C9C9C9C9C9C9C9C9C9C9C9C9C9C9C9C9C9C9C9CAC9
2026-09-03T21:32:41.748818Z,5030.957,13.8V,27,2237.9,81.453,154.93,270.9,24.98,104.0,00,-11.14,4.0307,4.029,4.0344,5.4,740FB817,747473737373737373737474747473737373737373737473,387.54,-71.95,-27.88,13.0,30,30,30,30,0,-2.05,0.02548,-0.10831,C8C8C9C9C9C9C9C9C9C9C9C9C9C9C9C9C9C9C9C9C9C9C9C9CAC9
2026-09-03T21:32:44.324755Z,5033.533,13.8V,12,2237.9,81.453,154.95,270.9,24.98,104.0,00,-11.13,4.0326,4.0311,4.0364,5.3,710FB817,747473737373737373737474747473737373737373737473,386.74,-25.45,-9.84,13.0,16,16,16,16,0,0.75,0.02548,-0.12742,C8C8C9C9C9C9C9C9C9C9C9C9C9C9C9C9C9C9C9C9C9C9C9C9CAC9
2026-09-03T21:32:47.107131Z,5036.315,13.8V,4,2237.9,81.453,154.96,270.9,24.98,104.0,00,-10.47,4.0215,4.02,4.0248,4.8,730FB417,747473737373737373737474747473737373737373737473,385.98,3.9,1.51,13.0,6,6,6,6,100,-0.68,0.03186,-0.06371,C8C8C9C9C9C9C9C9C9C9C9C9C9C9C9C9C9C9C9C9C9C9C9C9CAC9
2026-09-03T21:32:49.564398Z,5038.773,13.8V,0,2237.9,81.453,154.96,270.9,24.98,104.0,00,-10.48,4.0195,4.018,4.0228,4.8,710FB317,747473737373737373737474747473737373737373737473,385.98,8.7,3.36,13.0,0,0,0,0,700,-1.23,0.03823,0.05097,C8C8C9C9C9C9C9C9C9C9C9C9C9C9C9C9C9C9C9C9C9C9C9C9CAC9
2026-09-03T21:32:52.076322Z,5041.285,13.8V,10,2237.9,81.453,154.96,270.9,24.98,104.0,00,-10.61,4.0135,4.012,4.017,5.0,740FB717,747473737373737373737474747473737373737373737473,384.77,80.7,31.05,13.0,6,6,6,6,0,-3.3,0.03186,0.21025,C8C8C9C9C9C9C9C9C9C9C9C9C9C9C9C9C9C9C9C9C9C9C9C9CAC9
2026-09-03T21:32:54.632137Z,5043.841,13.8V,33,2237.9,81.453,154.92,270.9,24.98,102.2,00,-13.18,3.9768,3.9741,3.9805,6.4,780FB417,747473737373737373737474747473737373737373737473,380.33,308.4,117.29,13.0,26,26,26,26,0,-1.17,0.0446,0.28033,C8C8C9C9C9C9C9C9C9C9C9C9C9C9C9C9C9C9C9C9C9C9C9C9CAC9
2026-09-03T21:32:57.358792Z,5046.567,13.8V,52,2237.9,81.453,154.83,270.9,24.98,102.2,00,-18.15,3.9428,3.9365,3.9505,14.0,7910B317,747473737373737373737474747473737373737373737473,378.8,381.0,144.32,13.0,49,49,49,49,0,2.99,0.03186,0.21025,C8C8C9C9C9C9C9C9C9C9C9C9C9C9C9C9C9C9C9C9C9C9C9C9CAC9
2026-09-03T21:32:59.902836Z,5049.111,13.8V,54,2238.0,81.453,154.75,270.9,25.04,102.2,00,-23.17,4.0117,4.0096,4.0155,5.9,730FB817,747473737373737373737474747473737373737373737473,386.48,-32.05,-12.39,13.1,54,55,54,55,0,6.49,0.05097,-0.0446,C8C8C9C9C9C9C9C9C9C9C9C9C9C9C9C9C8C9C9C9C9C9C9C9C9C9
2026-09-03T21:33:02.446702Z,5051.655,13.8V,54,2238.0,81.453,154.75,270.9,25.04,102.2,00,-23.16,4.0022,3.9998,4.0061,6.3,760FB317,747473737373737373737474747473737373737373737473,383.82,93.0,35.7,13.1,53,53,53,53,0,0.55,0.00637,0.02548,C8C8C9C9C9C9C9C9C9C9C9C9C9C9C9C9C9C9C9C9C9C9C9C9C9C9
2026-09-03T21:33:04.992280Z,5054.201,13.8V,62,2238.0,81.453,154.71,270.28,25.1,102.2,00,-25.04,3.9817,3.9798,3.9856,5.8,740FB717,747473737373737373737474747473737373737373737473,381.31,188.1,71.72,13.1,60,60,60,60,0,-0.79,0.01911,0.05734,C8C8C9C9C9C9C9C9C9C9C9C9C9C9C9C9C8C9C9C9C9C9C9C9C9C9
2026-09-03T21:33:07.580259Z,5056.789,13.8V,67,2238.1,81.453,154.66,270.28,25.1,102.2,00,-28.18,3.9996,3.9974,4.0036,6.2,710FB817,747473737373737373737474747473737373737373737473,383.82,78.6,30.17,13.1,66,66,66,66,0,-2.18,0.00637,0.01274,C8C8C9C9C9C9C9C9C9C9C9C9C9C9C9C9C8C9C9C9C9C9C9C9C9C9
2026-09-03T21:33:10.149067Z,5059.357,13.8V,66,2238.1,81.453,154.64,270.28,25.1,102.2,00,-28.8,4.0199,4.018,4.0236,5.6,710FB417,747473737373737373737474747473737373737373737473,386.63,-38.65,-14.94,13.1,66,66,66,66,0,-0.55,0.01911,-0.0446,C8C8C9C9C9C9C9C9C9C9C9C9C9C9C9C9C8C9C9C9C9C9C9C9C9C9
2026-09-03T21:33:12.684120Z,5061.893,13.8V,62,2238.2,81.453,154.66,270.28,25.17,102.2,00,-26.33,4.0217,4.0201,4.0253,5.2,750FB317,747473737373737373737474747473737373737373737473,385.49,11.1,4.28,13.1,62,62,62,63,0,-0.92,-0.00637,-0.02548,C8C8C9C9C9C9C9C9C9C9C9C9C9C9C9C9C8C9C9C9C9C9C9C9C9C9
2026-09-03T21:33:16.148287Z,5065.357,13.8V,61,2238.2,81.453,154.65,270.28,25.23,102.2,00,-24.69,4.0074,4.0057,4.0109,5.2,760FB317,747473737373737373737474747473737373737373737473,386.29,-38.95,-15.05,13.1,62,62,62,62,0,-0.62,0.0,-0.03823,C8C8C9C9C9C9C9C9C9C9C9C9C9C9C9C9C8C9C9C9C9C9C9C9C9C9
2026-09-03T21:33:18.835942Z,5068.044,13.8V,58,2238.3,81.453,154.65,270.28,25.23,102.2,00,-22.8,4.0225,4.0208,4.026,5.2,710FB417,747473737373737373737474747473737373737373737473,386.97,-49.15,-19.02,13.0,59,59,59,59,0,-0.18,0.01274,-0.05097,C8C8C9C9C9C9C9C9C9C9C9C9C9C9C9C9C8C9C9C9C9C9C9C9C9C9
2026-09-03T21:33:21.402636Z,5070.611,13.8V,55,2238.3,81.453,154.66,270.28,25.23,102.2,00,-19.22,4.0228,4.021,4.0261,5.1,730FB817,747473737373737373737474747473737373737373737473,384.09,75.3,28.92,13.1,55,55,55,55,0,0.0,-0.00637,0.0,C8C8C9C9C9C9C9C9C9C9C9C9C9C9C9C9C8C9C9C9C9C9C9C9C9C9
2026-09-03T21:33:23.967167Z,5073.176,13.8V,60,2238.4,81.453,154.64,270.28,25.29,102.2,00,-18.76,3.9906,3.9881,3.9955,7.4,710FB317,747473737373737373737474747473737373737373737473,382.87,147.6,56.51,13.1,59,59,58,58,0,0.0,0.01911,0.05734,C8C8C9C9C9C9C9C9C9C9C9C9C9C9C9C9C8C9C9C9C9C9C9C9C9C9
2026-09-03T21:33:26.728350Z,5075.937,13.8V,62,2238.4,81.453,154.6,270.28,25.29,102.2,00,-20.54,4.0015,3.9994,4.0054,6.0,710FB317,747473737373737373737474747473737373737373737473,386.44,-37.45,-14.47,13.1,62,62,62,62,0,2.79,0.03186,-0.03823,C8C8C9C9C9C9C9C9C9C8C9C9C9C9C9C9C8C8C9C9C9C9C9C9C9C8
2026-09-03T21:33:29.447049Z,5078.655,13.8V,58,2238.5,81.453,154.6,270.28,25.35,102.2,00,-19.24,4.0217,4.0199,4.025,5.1,710FB417,747473737373737373737474747473737373737373737473,386.63,-40.45,-15.64,13.1,59,59,59,59,0,0.86,0.01274,-0.03823,C8C8C9C9C9C9C9C9C9C8C9C9C9C9C9C9C8C9C9C9C9C9C9C9C9C8
2026-09-03T21:33:31.962386Z,5081.171,13.8V,44,2238.5,81.453,154.62,270.28,25.35,102.2,00,-18.01,4.059,4.056,4.0646,8.6,750FB117,747473737373737373737474747473737373737373737473,389.7,-201.25,-78.43,13.0,48,48,48,48,0,27.43,0.12105,-0.18476,C8C8C9C9C9C9C9C9C9C9C9C9C9C9C9C9C8C9C9C9C9C9C9C9C9C9
2026-09-03T21:33:34.533849Z,5083.742,13.8V,30,2238.5,81.453,154.68,270.28,25.41,102.2,00,-14.29,4.0423,4.0395,4.0468,7.3,730FB617,747473737373737373737474747473737373737373737473,388.0,-126.55,-49.1,12.9,33,33,33,33,0,-12.5,-0.00637,-0.16565,C8C8C9C9C9C9C9C9C9C9C9C9C9C9C9C9C8C9C9C9C9C9C9C9C9C9
2026-09-03T21:33:37.061333Z,5086.27,13.8V,15,2238.6,81.453,154.71,270.28,25.41,102.2,00,-13.06,4.0338,4.0321,4.0373,5.2,750FB317,747473737373737373737474747473737373737373737473,387.2,-60.25,-23.33,12.9,19,19,19,19,100,-0.86,0.01274,-0.18476,C8C8C9C9C9C9C9C9C9C9C9C9C9C9C9C9C8C9C9C9C9C9C9C9C9C9
2026-09-03T21:33:39.584226Z,5088.793,13.8V,3,2238.6,81.453,154.72,270.28,25.41,102.2,00,-13.07,4.0211,4.0196,4.0245,4.9,740FB717,747473737373737373737474747473737373737373737473,386.14,5.4,2.09,13.0,5,5,5,5,700,-2.49,0.02548,-0.10831,C8C8C9C9C9C9C9C9C9C9C9C9C9C9C9C9C8C9C9C9C9C9C9C9C9C9
2026-09-03T21:33:42.124182Z,5091.333,13.8V,0,2238.6,81.453,154.71,270.28,25.41,102.2,00,-14.95,4.0187,4.0173,4.0221,4.8,740FB417,747473737373737373737474747473737373737373737473,385.79,8.7,3.36,13.1,0,0,0,0,500,-2.79,0.03186,-0.03186,C8C8C9C9C9C9C9C9C9C9C9C9C9C9C9C9C8C9C9C9C9C9C9C9C9C9
2026-09-03T21:33:45.046654Z,5094.255,13.8V,0,2238.6,81.453,154.71,270.28,25.41,102.2,00,-15.53,4.0184,4.0168,4.0218,5.0,760FB717,747473737373737373737474747473737373737373737473,385.79,8.7,3.36,13.0,0,0,0,0,400,-4.11,0.03186,0.0,C8C8C9C9C9C9C9C9C9C9C9C9C9C9C9C9C8C9C9C9C9C9C9C9C9C9
2026-09-03T21:33:47.581941Z,5096.79,13.8V,0,2238.6,81.453,154.71,270.28,25.41,102.2,00,-15.51,4.0182,4.0166,4.0217,5.1,710FB817,747473737373737373737474747473737373737373737473,385.83,9.6,3.7,13.1,0,0,0,0,300,-4.11,0.03186,0.0,C8C8C9C9C9C9C9C9C9C9C9C9C9C9C9C9C8C9C9C9C9C9C9C9C9C9
2026-09-03T21:33:50.140992Z,5099.349,13.8V,0,2238.6,81.453,154.71,270.28,25.41,102.2,00,-15.5,4.0181,4.0158,4.0217,5.9,780FB317,747473737373737373737474747473737373737373737473,385.83,9.9,3.82,13.0,0,0,0,0,300,-4.11,0.03186,0.0,C8C8C9C9C9C9C9C9C9C9C9C9C9C9C9C9C8C9C9C9C9C9C9C9C9C9
2026-09-03T21:33:52.639733Z,5101.848,13.8V,0,2238.6,81.453,154.7,270.28,25.41,102.2,00,-13.65,4.0179,4.016,4.0214,5.4,780FB717,747473737373737373737474747473737373737373737473,385.98,9.6,3.71,13.1,0,0,0,0,300,-4.11,0.03186,0.0,C8C8C9C9C9C9C9C9C9C9C9C9C9C9C9C9C8C9C9C9C9C9C9C9C9C9
2026-09-03T21:33:55.194826Z,5104.403,13.8V,1,2238.6,81.453,154.7,270.28,25.41,102.2,00,-8.09,4.0179,4.0163,4.0213,5.0,730FB717,747473737373737373737474747473737373737373737473,386.17,11.7,4.52,13.0,0,0,0,0,100,-4.18,0.03186,0.01274,C8C8C9C9C9C9C9C9C9C9C9C9C9C9C9C9C8C9C9C9C9C9C9C9C9C9
2026-09-03T21:33:58.108668Z,5107.317,13.8V,3,2238.6,81.453,154.7,270.28,25.41,102.2,00,-3.09,4.0171,4.0154,4.0204,5.0,780FB317,747473737373737373737474747473737373737373737473,385.61,15.3,5.9,13.0,3,3,3,3,0,-4.11,0.03186,0.03186,C8C8C9C9C9C9C9C9C9C9C9C9C9C9C9C9C8C9C9C9C9C9C9C9C9C9
2026-09-03T21:34:00.857478Z,5110.066,13.8V,4,2238.6,81.453,154.69,270.28,25.41,102.2,00,-3.7,4.0171,4.0155,4.0204,4.9,760FB317,747473737373737373737474747473737373737373737473,386.17,7.8,3.01,13.1,5,5,5,5,100,-1.98,0.03186,-0.03186,C8C8C9C9C9C9C9C9C9C9C9C9C9C9C9C9C8C9C9C9C9C9C9C9C9C9
2026-09-03T21:34:03.835629Z,5113.044,13.8V,1,2238.6,81.453,154.69,270.28,25.41,104.0,00,-1.22,4.018,4.0165,4.0212,4.7,740FB317,747473737373737373737474747473737373737373737473,386.17,8.4,3.24,13.0,2,2,2,2,200,-2.05,0.02548,-0.02548,C8C8C9C9C9C9C9C9C9C9C9C9C9C9C9C9C8C9C9C9C9C9C9C9C9C9
2026-09-03T21:34:06.392331Z,5115.601,13.8V,0,2238.6,81.453,154.69,270.28,25.41,104.0,00,1.84,4.0179,4.0163,4.0216,5.3,710FB817,747473737373737373737474747473737373737373737473,385.79,9.3,3.59,13.1,0,0,0,0,400,-2.05,0.01911,0.00637,C8C8C9C9C9C9C9C9C9C9C9C9C9C9C9C9C8C9C9C9C9C9C9C9C9C9
2026-09-03T21:34:08.915194Z,5118.124,13.8V,0,2238.6,81.453,154.68,270.28,25.41,104.0,00,2.45,4.018,4.0165,4.0213,4.8,740FB717,747473737373737373737474747473737373737373737473,385.83,8.4,3.24,13.0,0,0,0,0,400,-2.05,0.02548,0.0,C8C8C9C9C9C9C9C9C9C9C9C9C9C9C9C9C8C9C9C9C9C9C9C9C9C9
2026-09-03T21:34:11.471065Z,5120.68,13.8V,0,2238.6,81.453,154.68,270.28,25.41,104.0,00,1.22,4.0179,4.0163,4.0212,4.9,740FB317,747473737373737373737474747473737373737373737473,385.79,9.3,3.59,13.1,0,0,0,0,400,-2.05,0.02548,0.0,C8C8C9C9C9C9C9C9C9C9C9C9C9C9C9C9C8C9C9C9C9C9C9C9C9C9
2026-09-03T21:34:13.960716Z,5123.169,13.8V,0,2238.6,81.453,154.68,270.28,25.41,104.0,00,1.87,4.0178,4.0162,4.0212,5.0,740FB317,747473737373737373737474747473737373737373737473,385.83,9.9,3.82,13.1,0,0,0,0,400,-2.05,0.01911,0.0,C8C8C9C9C9C9C9C9C9C9C9C9C9C9C9C9C8C9C9C9C9C9C9C9C9C9
2026-09-03T21:34:16.767803Z,5125.976,13.8V,2,2238.6,81.453,154.68,270.28,25.41,104.0,00,1.86,4.0179,4.0161,4.0213,5.2,760FB717,747473737373737373737474747473737373737373737473,385.68,15.3,5.9,12.9,0,0,0,0,0,27.1,0.02548,0.05097,C8C8C9C9C9C9C9C9C9C9C9C9C9C9C9C9C8C9C9C9C9C9C9C9C9C9
2026-09-03T21:34:19.528202Z,5128.737,13.8V,14,2238.6,81.453,154.67,270.28,25.41,104.0,00,0.62,4.0061,4.0045,4.0097,5.2,780FB417,747473737373737373737474747473737373737373737473,384.95,75.9,29.22,13.0,11,12,11,12,0,198.18,0.10831,0.12742,C8C8C9C9C9C9C9C9C9C9C9C9C9C9C9C9C8C9C9C9C9C9C9C9C9C9
2026-09-03T21:34:22.076776Z,5131.285,13.8V,18,2238.6,81.453,154.65,270.28,25.41,104.0,00,0.62,4.0131,4.0116,4.0165,4.9,760FB317,747473737373737373737474747473737373737373737473,385.79,9.9,3.82,13.0,17,19,17,19,0,186.36,0.22936,0.0,C8C8C9C9C9C9C9C9C9C9C9C9C9C9C9C9C8C9C9C9C9C9C9C9C9C9
2026-09-03T21:34:24.627972Z,5133.836,13.8V,13,2238.6,81.453,154.65,270.28,25.41,104.0,00,3.11,4.0187,4.0172,4.0221,4.9,760FB817,747473737373737373737474747473737373737373737473,385.98,-1.75,-0.68,13.1,14,15,14,15,0,37.49,0.02548,-0.02548,C8C8C9C9C9C9C9C9C9C9C9C9C9C9C9C9C8C9C9C9C9C9C9C9C9C9
2026-09-03T21:34:27.180302Z,5136.389,13.8V,6,2238.6,81.453,154.65,270.28,25.41,102.2,00,3.12,4.0183,4.0168,4.0217,4.9,760FB417,747473737373737373737474747473737373737373737473,385.98,11.4,4.4,13.0,7,6,7,6,0,-246.44,-0.06371,-0.01911,C8C8C9C9C9C9C9C9C9C9C9C9C9C9C9C9C8C9C9C9C9C9C9C9C9C9
2026-09-03T21:34:29.707879Z,5138.916,13.8V,6,2238.6,81.453,154.64,270.28,25.41,102.2,00,1.25,4.0166,4.0152,4.02,4.8,740FB717,747473737373737373737474747473737373737373737473,385.64,13.5,5.21,13.0,7,5,6,5,0,-380.01,-0.0446,0.00637,C8C8C9C9C9C9C9C9C9C9C9C9C9C9C9C9C8C9C9C9C9C9C9C9C9C9
2026-09-03T21:34:32.312197Z,5141.521,13.8V,8,2238.6,81.453,154.64,270.28,25.41,102.2,00,-2.49,4.0153,4.0138,4.0186,4.8,720FB317,747473737373737373737474747473737373737373737473,385.34,25.8,9.94,13.0,8,7,8,6,0,-279.25,-0.06371,0.0446,C8C8C9C9C9C9C9C9C9C9C9C9C9C9C9C9C8C9C9C9C9C9C9C9C9C9
2026-09-03T21:34:34.825204Z,5144.034,13.8V,10,2238.6,81.453,154.63,270.28,25.41,102.2,00,-4.99,4.0147,4.0132,4.018,4.8,740FB317,747473737373737373737474747473737373737373737473,385.64,24.3,9.37,13.1,10,10,10,10,0,-27.68,-0.01274,0.02548,C8C8C9C9C9C9C9C9C9C9C9C9C9C9C9C9C8C9C9C9C9C9C9C9C9C9
2026-09-03T21:34:37.372910Z,5146.581,13.8V,14,2238.6,81.453,154.63,270.28,25.41,102.2,00,-5.61,4.0134,4.0119,4.0168,4.9,760FB317,747473737373737373737474747473737373737373737473,385.49,30.0,11.56,13.1,14,13,13,13,0,-1.67,0.0,0.03823,C8C8C9C9C9C9C9C9C9C9C9C9C9C9C9C9C8C9C9C9C9C9C9C9C9C9
2026-09-03T21:34:39.928103Z,5149.137,13.8V,14,2238.6,81.453,154.62,270.28,25.48,102.2,00,-5.61,4.0177,4.0161,4.021,4.9,760FB717,747473737373737373737474747473737373737373737473,385.64,6.0,2.31,13.1,14,14,14,14,0,-0.68,0.0,-0.00637,C8C8C9C9C9C9C9C9C9C9C9C9C9C9C9C9C8C9C9C9C9C9C9C9C9C9
2026-09-03T21:34:42.443099Z,5151.652,13.8V,12,2238.7,81.453,154.62,270.28,25.48,102.2,00,-5.64,4.0185,4.017,4.0219,4.9,760FB717,747473737373737373737474747473737373737373737473,385.8,2.1,0.81,13.1,12,12,12,12,0,-0.99,0.01911,-0.01911,C8C8C9C9C9C9C9C9C9C9C9C9C9C9C9C9C8C9C9C9C9C9C9C9C9C9
2026-09-03T21:34:45.384644Z,5154.593,13.8V,8,2238.7,81.453,154.62,270.28,25.48,102.2,00,-5.61,4.0193,4.0177,4.0226,4.9,760FB417,747473737373737373737474747473737373737373737473,386.14,-2.35,-0.91,13.1,9,9,9,9,100,-1.61,0.00637,-0.06371,C8C8C9C9C9C9C9C9C9C9C9C9C9C9C9C9C8C9C9C9C9C9C9C9C9C9
2026-09-03T21:34:47.939643Z,5157.148,13.8V,7,2238.7,81.453,154.62,270.28,25.48,102.2,00,-5.61,4.0173,4.0157,4.0206,4.9,760FB417,747473737373737373737474747473737373737373737473,385.8,11.1,4.28,13.0,7,7,7,7,0,-15.18,0.02548,0.0,C8C8C9C9C9C9C9C9C9C9C9C9C9C9C9C9C8C9C9C9C9C9C9C9C9C9
2026-09-03T21:34:51.057002Z,5160.265,13.8V,9,2238.7,81.453,154.62,270.28,25.48,102.2,00,-4.93,4.0152,4.0138,4.0186,4.8,740FB417,747473737373737373737474747473737373737373737473,385.64,25.8,9.95,13.1,9,9,9,9,0,0.42,0.01911,0.03823,C8C8C9C9C9C9C9C9C9C9C9C9C9C9C9C9C8C9C9C9C9C9C9C9C9C9
2026-09-03T21:34:53.745972Z,5162.954,13.8V,12,2238.7,81.453,154.61,270.28,25.48,102.2,00,-5.53,4.0144,4.0129,4.0177,4.8,760FB317,747473737373737373737474747473737373737373737473,385.49,27.0,10.41,13.1,11,12,11,12,0,8.05,0.03186,0.02548,C8C8C9C9C9C9C9C9C9C9C9C9C9C9C9C9C8C9C9C9C9C9C9C9C9C9
2026-09-03T21:34:56.276602Z,5165.485,13.8V,11,2238.7,81.453,154.6,270.28,25.48,102.2,00,-6.19,4.0168,4.0152,4.0201,4.9,740FB317,747473737373737373737474747473737373737373737473,385.98,15.9,6.14,13.0,11,12,11,12,0,26.69,0.02548,0.0,C8C8C9C9C9C9C9C9C9C8C9C9C9C9C9C9C8C9C9C9C9C9C9C9C9C8
2026-09-03T21:34:58.760219Z,5167.969,13.8V,11,2238.7,81.453,154.6,270.28,25.48,102.2,00,-5.6,4.0181,4.0166,4.0214,4.8,760FB317,747473737373737373737474747473737373737373737473,385.34,27.0,10.4,13.0,9,10,9,10,0,108.44,0.05097,0.01274,C8C8C9C9C9C9C9C9C9C8C9C9C9C9C9C9C8C9C9C9C9C9C9C9C9C8
2026-09-03T21:35:01.295081Z,5170.504,13.8V,11,2238.7,81.453,154.6,270.28,25.48,102.2,00,-5.64,4.0141,4.0126,4.0175,4.9,710FB317,747473737373737373737474747473737373737373737473,385.46,26.7,10.29,13.0,9,12,9,12,0,414.57,0.16565,0.0,C8C8C9C9C9C9C9C8C9C8C9C9C9C9C9C9C8C8C9C9C9C9C9C9C9C8
2026-09-03T21:35:03.841031Z,5173.049,13.8V,11,2238.7,81.453,154.59,270.28,25.48,102.2,00,-6.27,4.0181,4.0166,4.0215,4.9,740FB817,747473737373737373737474747473737373737373737473,386.29,-10.15,-3.92,13.0,13,14,13,14,0,24.93,0.00637,-0.05734,C8C8C9C9C9C9C9C8C9C8C9C9C9C9C9C9C8C8C9C9C9C9C9C9C9C8
2026-09-03T21:35:06.872445Z,5176.081,13.8V,8,2238.7,81.453,154.59,270.28,25.48,102.2,00,-5.59,4.0174,4.0159,4.0208,4.9,740FB717,747473737373737373737474747473737373737373737473,385.79,9.3,3.59,13.0,8,8,8,8,0,14.74,0.03186,-0.03823,C8C8C9C9C9C9C9C8C9C8C9C9C9C9C9C9C8C8C9C9C9C9C9C9C9C8
2026-09-03T21:35:09.426440Z,5178.635,13.8V,11,2238.7,81.453,154.58,270.28,25.54,100.4,00,-6.21,4.0129,4.0114,4.0163,4.9,760FB717,747473737373737373737474747473737373737373737474,386.17,4.5,1.74,13.1,11,11,11,11,0,15.05,0.01274,-0.01274,C8C8C9C9C8C9C9C8C9C8C9C9C9C9C9C9C8C8C9C9C9C9C9C9C9C8
2026-09-03T21:35:11.975144Z,5181.184,13.8V,13,2238.7,81.453,154.58,270.28,25.54,100.4,00,-6.21,4.0147,4.0132,4.0181,4.9,740FB317,747473737373737373737474747473737373737373737473,385.64,24.9,9.6,13.0,12,13,11,13,0,202.42,0.10194,0.01274,C8C8C9C9C8C9C9C8C9C8C9C9C9C9C9C9C8C8C9C9C9C9C9C9C9C8
2026-09-03T21:35:14.522316Z,5183.731,13.8V,14,2238.7,81.453,154.57,270.28,25.54,100.4,00,-6.86,4.0146,4.0131,4.018,4.9,760FB317,747473737373737373737474747473737373737373737473,385.68,21.6,8.33,13.0,13,15,13,15,0,203.43,0.15291,0.0,C8C8C8C8C8C9C9C8C9C8C9C8C9C9C9C9C8C8C9C9C9C9C8C9C9C8
2026-09-03T21:35:17.014391Z,5186.223,13.8V,16,2238.8,81.453,154.57,270.28,25.54,100.4,00,-6.26,4.0142,4.0126,4.0176,5.0,760FB317,747473737373737373737474747473737373737373737474,385.34,26.1,10.06,13.1,15,15,15,15,0,-3.87,0.01911,0.02548,C8C8C8C8C8C9C9C8C9C8C9C8C9C9C9C9C8C8C9C9C9C9C8C9C9C8
2026-09-03T21:35:19.528566Z,5188.737,13.8V,17,2238.8,81.453,154.56,270.28,25.54,100.4,00,-6.6,4.0128,4.0114,4.0162,4.8,710FB417,747473737373737373737474747473737373737373737473,385.19,32.4,12.48,13.1,17,17,17,17,0,-11.24,0.00637,0.02548,C8C8C8C8C8C9C9C8C8C8C9C8C9C9C9C9C8C8C9C9C9C9C8C9C9C8
2026-09-03T21:35:22.311442Z,5191.52,13.7V,15,2238.8,81.453,154.55,270.28,25.54,100.4,00,-6.24,4.0191,4.0176,4.0225,4.9,760FB317,747473737373737373737474747473737373737373737473,386.48,-6.55,-2.53,13.0,16,16,16,16,0,0.04,-0.05734,-0.03823,C8C8C8C8C8C9C9C8C8C8C9C8C9C9C9C9C8C8C9C9C9C8C8C9C9C8
2026-09-03T21:35:24.875370Z,5194.084,13.8V,7,2238.8,81.453,154.56,270.28,25.54,100.4,00,-5.62,4.0197,4.0181,4.0232,5.1,740FB817,747473737373737373737474747473737373737373737473,385.79,9.0,3.47,13.0,8,8,8,8,0,-3.92,0.02548,0.0,C8C8C8C8C8C9C9C8C8C8C9C8C9C9C9C9C8C8C9C9C9C9C8C9C9C8
2026-09-03T21:35:27.477827Z,5196.686,13.8V,11,2238.8,81.453,154.55,270.28,25.54,100.4,00,-5.61,4.0139,4.0123,4.0173,5.0,760FB317,747473737373737373737474747473737373737373737473,385.68,28.2,10.88,13.0,10,10,10,10,0,-2.49,0.02548,0.03823,C8C8C8C8C8C9C9C8C8C8C9C8C9C9C9C9C8C8C9C9C9C8C8C9C9C8
2026-09-03T21:35:30.179870Z,5199.388,13.8V,10,2238.8,81.453,154.55,270.28,25.54,100.4,00,-5.6,4.017,4.0154,4.0203,4.9,760FB417,747473737373737373737474747473737373737373737473,385.34,24.0,9.25,13.0,10,10,10,10,0,56.3,0.02548,0.01911,C8C8C8C8C8C9C9C8C8C8C8C8C9C9C9C9C8C8C9C9C9C8C8C9C9C8
2026-09-03T21:35:33.007578Z,5202.216,13.8V,6,2238.8,81.453,154.54,270.28,25.54,100.4,00,-5.57,4.0185,4.017,4.0218,4.8,760FB417,747473737373737373737474747473737373737373737473,386.17,0.3,0.12,13.0,7,8,7,8,100,146.61,0.03823,-0.08283,C8C8C8C8C8C9C9C8C8C8C8C8C9C9C9C9C8C8C9C9C9C8C8C9C9C8
2026-09-03T21:35:35.525536Z,5204.734,13.8V,0,2238.8,81.453,154.54,270.28,25.6,100.4,00,-5.57,4.0171,4.0156,4.0204,4.8,760FB317,747473737373737373737474747473737373737373737473,385.64,8.4,3.24,13.0,0,0,0,0,1000,109.12,0.0,0.0,C8C8C8C8C8C9C9C8C8C8C8C8C9C9C9C9C8C8C9C9C9C8C8C9C9C8
2026-09-03T21:35:38.688020Z,5207.896,13.8V,0,2238.8,81.453,154.54,270.28,25.6,100.4,00,-4.9,4.0171,4.0156,4.0204,4.8,740FB317,747473737373737373737474747473737373737373737473,385.79,9.0,3.47,13.1,0,0,0,0,500,107.12,0.0,0.0,C8C8C8C8C8C9C9C8C8C8C8C8C9C9C9C9C8C8C9C9C9C8C8C9C9C8
2026-09-03T21:35:41.616600Z,5210.825,13.8V,0,2238.8,81.453,154.54,270.28,25.6,100.4,00,-4.87,4.0171,4.0157,4.0206,4.9,720FB417,747473737373737373737474747473737373737373737473,385.98,9.0,3.47,13.1,0,0,0,0,600,109.19,0.0,0.0,C8C8C8C8C8C9C9C8C8C8C8C8C9C9C9C9C8C8C9C9C9C8C8C9C9C8
2026-09-03T21:35:44.183355Z,5213.392,13.8V,0,2238.8,81.453,154.53,270.28,25.6,102.2,00,-5.51,4.0171,4.0155,4.0205,5.0,760FB317,747473737373737373737474747473737373737373737473,385.64,9.0,3.47,13.1,0,0,0,0,600,106.68,0.0,0.0,C8C8C8C8C8C9C9C8C8C8C8C8C9C9C9C9C8C8C9C9C9C8C8C9C9C8
2026-09-03T21:35:46.678192Z,5215.887,13.8V,0,2238.8,81.453,154.53,270.28,25.6,102.2,00,-5.52,4.0171,4.0156,4.0204,4.8,710FB417,747473737373737373737474747473737373737373737473,385.64,8.4,3.24,13.1,0,0,0,0,700,106.88,0.0,0.0,C8C8C8C8C8C9C9C8C8C8C8C8C9C9C9C9C8C8C8C9C9C8C8C9C9C8
2026-09-03T21:35:49.244454Z,5218.453,13.8V,0,2238.8,81.453,154.53,270.28,25.6,102.2,00,-5.57,4.0171,4.0156,4.0204,4.8,740FB817,747473737373737373737474747473737373737373737473,385.79,8.7,3.36,13.1,0,0,0,0,700,108.0,0.0,0.0,C8C8C8C8C8C9C9C8C8C8C8C8C9C9C9C9C8C8C8C9C9C8C8C9C9C8
2026-09-03T21:35:51.820303Z,5221.029,13.8V,0,2238.8,81.453,154.53,270.28,25.6,102.2,00,-4.96,4.0171,4.0157,4.0205,4.8,710FB317,747473737373737373737474747473737373737373737474,385.79,8.7,3.36,13.1,0,0,0,0,700,106.74,0.0,0.0,C8C8C8C8C8C9C9C8C8C8C8C8C9C9C9C9C8C8C8C9C9C8C8C9C9C8
2026-09-03T21:35:54.405378Z,5223.614,13.8V,0,2238.8,81.453,154.52,270.28,25.6,102.2,00,-4.95,4.0172,4.0156,4.0206,5.0,710FB317,747473737373737373737474747473737373737373737473,385.8,9.0,3.47,13.1,0,0,0,0,700,105.93,0.0,0.0,C8C8C8C8C8C9C9C8C8C8C8C8C9C9C9C9C8C8C8C9C9C8C8C9C9C8
2026-09-03T21:35:56.989319Z,5226.198,13.8V,0,2238.8,81.453,154.52,270.28,25.6,102.2,00,-4.95,4.0171,4.0156,4.0205,4.9,710FB417,747473737373737373737474747473737373737373737474,385.79,8.4,3.24,13.1,0,0,0,0,700,105.93,0.0,0.0,C8C8C8C8C8C9C9C8C8C8C8C8C9C9C9C9C8C8C8C9C9C8C8C9C9C8
2026-09-03T21:35:59.785667Z,5228.994,13.8V,0,2238.8,81.453,154.52,270.28,25.6,102.2,00,-4.92,4.0172,4.0156,4.0206,5.0,760FB317,747473737373737373737474747473737373737373737474,385.79,9.3,3.59,13.1,0,0,0,0,700,105.93,0.0,0.0,C8C8C8C8C8C9C9C8C8C8C8C8C9C9C9C9C8C8C8C9C9C8C8C9C9C8
2026-09-03T21:36:02.540363Z,5231.749,13.8V,0,2238.8,81.453,154.51,270.28,25.6,104.0,00,-4.91,4.0171,4.0156,4.0205,4.9,740FB417,747473737373737373737474747473737373737373737474,385.79,8.7,3.36,13.1,0,0,0,0,700,105.93,0.0,0.0,C8C8C8C8C8C9C9C8C8C8C8C8C9C9C9C9C8C8C8C9C9C8C8C9C9C8
2026-09-03T21:36:05.272896Z,5234.481,13.8V,0,2238.8,81.453,154.51,270.28,25.6,104.0,00,-4.93,4.0172,4.0156,4.0205,4.9,760FB317,747473737373737373737474747473737373737373737474,385.83,8.4,3.24,13.1,0,0,0,0,700,105.93,0.0,0.0,C8C8C8C8C8C9C9C8C8C8C8C8C9C9C9C9C8C8C8C9C9C8C8C9C9C8
2026-09-03T21:36:07.827237Z,5237.036,13.8V,0,2238.8,81.453,154.51,270.28,25.6,104.0,00,-4.31,4.0172,4.0156,4.0205,4.9,740FB317,747473737373737373737474747473737373737373737474,385.83,9.0,3.47,13.1,0,0,0,0,700,105.93,0.0,0.0,C8C8C8C8C8C9C9C8C8C8C8C8C9C9C9C9C8C8C8C9C9C8C8C9C9C8
2026-09-03T21:36:10.339432Z,5239.548,13.8V,0,2238.8,81.453,154.51,270.28,25.6,104.0,00,-4.32,4.0171,4.0156,4.0206,5.0,740FB317,747473737373737373737474747473737373737373737474,385.61,9.3,3.59,13.1,0,0,0,0,700,105.93,0.0,0.0,C8C8C8C8C8C9C9C8C8C8C8C8C9C9C9C9C8C8C8C9C9C8C8C9C9C8
2026-09-03T21:36:12.890508Z,5242.099,13.8V,0,2238.8,81.453,154.5,270.28,25.6,104.0,00,-4.32,4.0172,4.0156,4.0206,5.0,760FB817,747473737373737373737474747473737373737373737473,385.79,8.7,3.36,13.1,0,0,0,0,700,105.93,0.0,0.0,C8C8C8C8C8C8C9C8C8C8C8C8C9C9C9C9C8C8C8C9C9C8C8C9C9C8
2026-09-03T21:36:15.457703Z,5244.666,13.8V,0,2238.8,81.453,154.5,270.28,25.6,104.0,00,-4.31,4.017,4.0149,4.0207,5.8,710FB817,747473737373737373737474747473737373737373737474,385.79,10.8,4.17,13.0,0,0,0,0,100,105.8,0.0,0.0,C8C8C8C8C8C8C9C8C8C8C8C8C9C9C9C9C8C8C8C9C9C8C8C9C9C8
2026-09-03T21:36:18.011765Z,5247.22,13.8V,7,2238.8,81.453,154.5,270.28,25.6,104.0,00,-3.69,4.0142,4.0127,4.0176,4.9,760FB417,747473737373737373737474747473737373737373737474,385.53,28.5,10.99,13.0,5,5,5,5,0,89.06,0.01274,0.06371,C8C8C8C8C8C8C9C8C8C8C8C8C9C9C8C9C8C8C8C9C9C8C8C9C9C8
2026-09-03T21:36:21.541335Z,5250.75,13.8V,6,2238.8,81.453,154.49,270.28,25.6,104.0,00,-3.65,4.0162,4.0146,4.0196,5.0,760FB317,747473737373737373737474747473737373737373737474,385.79,13.2,5.09,13.0,6,7,6,7,0,202.62,0.05097,-0.00637,C8C8C8C8C8C8C9C8C8C8C8C8C9C9C8C9C8C8C8C9C9C8C8C9C9C8
2026-09-03T21:36:24.553438Z,5253.762,13.8V,6,2238.8,81.453,154.48,270.28,25.6,104.0,00,-4.83,4.0162,4.0147,4.0195,4.8,710FB317,747473737473737373737474747473737373737373737473,385.83,15.9,6.13,13.0,6,7,5,7,0,272.25,0.06371,0.0,C8C8C8C8C8C8C9C8C8C8C8C8C9C9C8C9C8C8C8C9C9C8C8C9C9C8
2026-09-03T21:36:27.121423Z,5256.33,13.8V,7,2238.8,81.453,154.48,270.28,25.6,104.0,00,-4.23,4.0165,4.015,4.0198,4.8,710FB317,747473737373737373737474747473737373737373737474,385.83,10.5,4.05,13.0,7,7,7,7,0,22.79,0.02548,0.0,C8C8C8C8C8C8C9C8C8C8C8C8C8C9C8C9C8C8C8C9C9C8C8C9C9C8
2026-09-03T21:36:29.670642Z,5258.879,13.8V,2,2238.8,81.453,154.48,270.28,25.6,104.0,00,-4.24,4.0175,4.0159,4.0209,5.0,740FB817,747473737373737373737474747473737373737373737473,385.98,7.8,3.01,13.1,3,3,3,3,200,122.3,0.01274,-0.05097,C8C8C8C8C8C8C9C8C8C8C8C8C8C9C8C9C8C8C8C9C9C8C8C9C9C8
2026-09-03T21:36:32.221669Z,5261.43,13.8V,0,2238.8,81.453,154.47,269.66,25.6,102.2,00,-4.26,4.0169,4.0154,4.0203,4.9,710FB417,747473737373737373737474747473737373737373737474,385.98,9.0,3.47,13.1,0,0,0,0,500,-5.68,0.00637,0.01274,C8C8C8C8C8C8C8C8C8C8C8C8C8C9C8C8C8C8C8C9C8C8C8C9C9C8
2026-09-03T21:36:34.726112Z,5263.935,13.8V,0,2238.8,81.453,154.47,269.66,25.6,102.2,00,-4.26,4.017,4.0154,4.0204,5.0,760FB317,747473737373737373737474747473737373737373737474,385.98,8.7,3.36,13.1,0,0,0,0,900,-5.68,0.00637,0.0,C8C8C8C8C8C8C8C8C8C8C8C8C8C9C8C8C8C8C8C9C8C8C8C9C9C8
2026-09-03T21:36:37.459340Z,5266.668,13.8V,0,2238.8,81.453,154.47,269.66,25.6,102.2,00,-4.29,4.017,4.0155,4.0205,5.0,760FB317,747473737373737373737474747473737373737373737474,385.46,9.0,3.47,13.1,0,0,0,0,1000,-5.68,0.00637,0.0,C8C8C8C8C8C8C8C8C8C8C8C8C8C9C8C8C8C8C8C9C8C8C8C9C9C8
2026-09-03T21:36:40.019810Z,5269.228,13.8V,0,2238.8,81.453,154.47,269.66,25.6,102.2,00,-4.31,4.017,4.0155,4.0202,4.7,710FB317,747473737373737373737474747473737373737373737473,385.98,8.1,3.13,13.1,0,0,0,0,1000,-5.68,0.00637,0.0,C8C8C8C8C8C8C8C8C8C8C8C8C8C9C8C8C8C8C8C9C8C8C8C9C9C8
2026-09-03T21:36:42.570864Z,5271.779,13.8V,0,2238.8,81.453,154.46,269.66,25.6,102.2,00,-4.32,4.017,4.0156,4.0203,4.7,710FB317,747473737373737373737474747473737373737373737474,385.83,8.7,3.36,13.1,0,0,0,0,1000,-5.68,0.00637,0.0,C8C8C8C8C8C8C8C8C8C8C8C8C8C9C8C8C8C8C8C9C8C8C8C9C9C8
2026-09-03T21:36:45.162854Z,5274.371,13.8V,0,2238.8,81.453,154.46,269.66,25.6,102.2,00,-4.31,4.017,4.0155,4.0204,4.9,740FB317,747473737373737373737474747473737373737373737474,385.83,8.4,3.24,13.1,0,0,0,0,1000,-5.68,0.00637,0.0,C8C8C8C8C8C8C8C8C8C8C8C8C8C9C8C8C8C8C8C9C8C8C8C9C9C8
2026-09-03T21:36:47.707460Z,5276.916,13.8V,0,2238.8,81.453,154.46,269.66,25.6,102.2,00,-4.31,4.017,4.0156,4.0204,4.8,710FB317,747473737373737373737474747473737373737373737474,385.98,9.0,3.47,13.1,0,0,0,0,1000,-5.68,0.00637,0.0,C8C8C8C8C8C8C8C8C8C8C8C8C8C9C8C8C8C8C8C9C8C8C8C8C9C8
2026-09-03T21:36:50.277353Z,5279.486,13.8V,0,2238.8,81.453,154.46,269.66,25.6,102.2,00,-4.31,4.017,4.0155,4.0204,4.9,740FB317,747473737373737373737474747473737373737373737474,385.79,9.0,3.47,13.1,0,0,0,0,1000,-5.68,0.00637,0.0,C8C8C8C8C8C8C8C8C8C8C8C8C8C9C8C8C8C8C8C8C8C8C8C8C9C8
2026-09-03T21:36:53.035308Z,5282.244,13.8V,0,2238.8,81.453,154.45,269.66,25.6,102.2,00,-4.3,4.017,4.0154,4.0204,5.0,760FB317,747473737373737373737474747473737373737373737474,385.98,8.7,3.36,13.1,0,0,0,0,1000,-5.68,0.00637,0.0,C8C8C8C8C8C8C8C8C8C8C8C8C8C9C8C8C8C8C8C8C8C8C8C8C9C8
2026-09-03T21:36:55.657362Z,5284.866,13.8V,0,2238.8,81.453,154.45,269.66,25.6,102.2,00,-4.3,4.017,4.0155,4.0203,4.8,760FB317,747473737373737373737474747473737373737373737474,385.64,9.0,3.47,13.1,0,0,0,0,1000,-5.68,0.00637,0.0,C8C8C8C8C8C8C8C8C8C8C8C8C8C9C8C8C8C8C8C8C8C8C8C8C9C8
2026-09-03T21:36:58.225304Z,5287.434,13.8V,0,2238.8,81.453,154.45,269.66,25.6,102.2,00,-4.31,4.017,4.0156,4.0204,4.8,710FB317,747473737373737373737474747473737373737373737474,385.83,9.0,3.47,13.1,0,0,0,0,1200,-5.68,0.00637,0.0,C8C8C8C8C8C8C8C8C8C8C8C8C8C9C8C8C8C8C8C8C8C8C8C8C9C8
2026-09-03T21:37:00.743371Z,5289.952,13.8V,0,2238.8,81.453,154.44,269.66,25.6,102.2,00,-4.33,4.017,4.0155,4.0204,4.9,710FB317,747473737373737373737474747473737373737373737474,385.98,9.0,3.47,13.1,0,0,0,0,1200,-5.68,0.00637,0.0,C8C8C8C8C8C8C8C8C8C8C8C8C8C9C8C8C8C8C8C8C8C8C8C8C9C8
2026-09-03T21:37:03.275322Z,5292.484,13.8V,0,2238.8,81.453,154.44,269.66,25.6,102.2,00,-4.34,4.017,4.0156,4.0204,4.8,710FB317,747473737373737373737474747473737373737373737474,385.79,9.0,3.47,13.1,0,0,0,0,1200,-5.68,0.00637,0.0,C8C8C8C8C8C8C8C8C8C8C8C8C8C9C8C8C8C8C8C8C8C8C8C8C9C8
2026-09-03T21:37:05.840523Z,5295.049,13.8V,0,2238.8,81.453,154.44,269.66,25.6,102.2,00,-4.34,4.017,4.0154,4.0204,5.0,760FB317,747473737373737373737474747473737373737373737474,385.79,9.0,3.47,13.1,0,0,0,0,1200,-5.68,0.00637,0.0,C8C8C8C8C8C8C8C8C8C8C8C8C8C9C8C8C8C8C8C8C8C8C8C8C9C8
2026-09-03T21:37:09.416232Z,5298.625,13.8V,0,2238.8,80.954,154.44,269.66,25.6,102.2,00,-4.27,4.017,4.0154,4.0204,5.0,760FB317,,385.79,8.7,3.36,13.1,0,0,0,0,1200,-5.68,0.00637,0.0,C8C8C8C8C8C8C8C8C8C8C8C8C8C9C8C8C8C8C8C8C8C8C8C8C9C8
2026-09-03T21:37:12.395675Z,5301.604,13.8V,0,2238.8,80.954,154.43,269.66,25.6,102.2,00,-4.23,4.017,4.0155,4.0203,4.8,710FB817,747473737373737373737474747473737373737373737474,385.64,8.7,3.36,13.1,0,0,0,0,1200,-5.68,0.00637,0.0,C8C8C8C8C8C8C8C8C8C8C8C8C8C9C8C8C8C8C8C8C8C8C8C8C9C8
2026-09-03T21:37:14.918308Z,5304.127,13.8V,0,2238.8,80.954,154.43,269.66,25.6,102.2,00,-4.24,4.017,4.0155,4.0204,4.9,760FB317,747473737373737373737474747473737373737373737474,385.79,8.4,3.24,13.1,0,0,0,0,1500,-5.68,0.00637,0.0,C8C8C8C8C8C8C8C8C8C8C8C8C8C9C8C8C8C8C8C8C8C8C8C8C9C8
2026-09-03T21:37:17.482115Z,5306.691,13.8V,0,2238.8,80.954,154.43,269.66,25.6,102.2,00,-4.24,4.0169,4.0155,4.0203,4.8,710FB317,747473737373737373737474747473737373737373737474,385.98,9.0,3.47,13.1,0,0,0,0,1300,-5.68,0.00637,0.0,C7C8C8C8C8C8C8C8C8C8C8C8C8C9C8C8C8C8C8C8C8C8C8C8C9C8
2026-09-03T21:37:19.999604Z,5309.208,13.8V,0,2238.8,80.954,154.42,269.66,25.6,102.2,00,-4.31,4.017,4.0155,4.0204,4.9,710FB817,747473737373737373737474747473737373737373737474,385.98,8.7,3.36,13.1,0,0,0,0,1400,-5.68,0.01274,0.0,C7C8C8C8C8C8C8C8C8C8C8C8C8C9C8C8C8C8C8C8C8C8C8C8C9C8
2026-09-03T21:37:22.526988Z,5311.735,13.8V,0,2238.8,80.954,154.42,269.66,25.6,102.2,00,-3.73,4.017,4.0154,4.0204,5.0,760FB717,747473737373737373737474747473737373737373737474,385.49,8.4,3.24,13.1,0,0,0,0,1400,-5.68,0.00637,0.0,C7C8C8C8C8C8C8C8C8C8C8C8C8C9C8C8C8C8C8C8C8C8C8C8C9C8
2026-09-03T21:37:25.180940Z,5314.389,13.8V,0,2238.8,80.954,154.42,269.66,25.6,102.2,00,-3.72,4.0169,4.0155,4.0203,4.8,740FB317,747473737373737373737474747473737373737373737474,385.61,8.4,3.24,13.1,0,0,0,0,1300,-10.87,0.00637,0.0,C7C8C8C8C8C8C8C8C8C8C8C8C8C9C8C8C8C8C8C8C8C8C8C8C9C8
2026-09-03T21:37:27.811490Z,5317.02,13.8V,0,2238.8,80.954,154.42,269.66,25.6,102.2,00,-3.72,4.0166,4.0147,4.0204,5.7,710FB817,747473737473737373737474747473737373737373737474,385.79,13.2,5.09,13.0,0,0,0,0,0,-230.74,0.0,0.01274,C7C8C8C8C8C8C8C8C8C8C8C8C8C9C8C8C8C8C8C8C8C8C8C8C9C8
2026-09-03T21:37:30.502138Z,5319.711,13.8V,2,2238.8,80.954,154.41,269.66,25.6,102.2,00,-3.71,4.0159,4.0144,4.0193,4.9,710FB317,747473737373737373737474747473737373737373737474,385.64,13.5,5.21,13.1,3,2,3,2,300,-197.69,0.00637,0.0,C7C8C8C8C8C8C8C8C8C8C8C8C8C9C8C8C8C8C8C8C8C8C8C8C9C8
2026-09-03T21:37:33.045793Z,5322.254,13.8V,1,2238.8,80.954,154.41,269.66,25.6,102.2,00,-3.7,4.0165,4.015,4.0199,4.9,760FB317,747473737373737373737474747473737373737373737474,385.61,11.7,4.51,13.1,1,1,1,1,300,98.87,0.00637,-0.01274,C7C8C8C8C8C8C8C8C8C8C8C8C8C9C8C8C8C8C8C8C8C8C8C8C9C8
2026-09-03T21:37:35.613765Z,5324.822,13.8V,2,2238.8,80.954,154.41,269.66,25.6,102.2,00,-3.71,4.0159,4.0143,4.0193,5.0,760FB317,747473737373737373737474747473737373737373737474,385.61,12.0,4.63,13.0,2,2,2,2,300,27.37,0.01274,-0.00637,C7C8C8C8C8C8C8C8C8C8C8C8C8C9C8C8C8C8C8C8C8C8C8C8C9C8
2026-09-03T21:37:38.146161Z,5327.355,13.8V,1,2238.8,80.954,154.4,269.66,25.6,102.2,00,-4.34,4.0163,4.0148,4.0197,4.9,740FB717,747473737373737373737474747473737373737373737474,385.79,11.1,4.28,13.1,1,1,1,1,400,8.56,0.00637,0.0,C7C8C8C8C8C8C8C8C8C8C8C8C8C9C8C8C8C8C8C8C8C8C8C8C9C8
2026-09-03T21:37:40.694694Z,5329.903,13.8V,1,2238.9,80.954,154.4,269.66,25.6,102.2,00,-3.72,4.0162,4.0146,4.0197,5.1,760FB317,747473737373737373737474747473737373737373737474,385.64,12.0,4.63,13.1,1,1,1,1,200,22.24,0.0,0.0,C7C8C8C8C8C8C8C8C8C8C8C8C8C9C8C8C8C8C8C8C8C8C8C8C9C8
2026-09-03T21:37:44.048585Z,5333.257,13.8V,1,2238.9,80.954,154.39,269.66,25.6,102.2,00,-4.28,4.0162,4.0147,4.0198,5.1,740FB317,747473737373737373737474747473737373737373737474,385.61,11.4,4.4,13.1,1,1,1,1,200,25.12,0.0,0.0,C7C8C8C8C8C8C8C8C8C8C8C8C8C9C8C8C8C8C8C8C8C8C8C8C9C8
2026-09-03T21:37:46.712155Z,5335.921,13.8V,0,2238.9,80.954,154.39,269.66,25.6,102.2,00,-4.27,4.0163,4.0148,4.02,5.2,710FB817,747473737373737373737474747473737373737373737474,385.98,11.4,4.4,13.1,0,0,0,0,300,25.12,0.00637,0.0,C7C8C8C8C8C8C8C8C8C8C8C8C8C8C8C8C8C8C8C8C8C8C8C8C9C8
2026-09-03T21:37:49.299703Z,5338.508,13.8V,0,2238.9,80.954,154.39,269.66,25.6,102.2,00,-4.27,4.0163,4.0148,4.0197,4.9,740FB717,747473737473737373737474747473737373737373737474,385.61,9.6,3.7,13.1,0,0,0,0,300,25.3,0.00637,0.0,C7C8C8C8C8C8C8C8C8C8C8C8C8C8C8C8C8C8C8C8C8C8C8C8C9C8
2026-09-03T21:37:51.829767Z,5341.038,13.8V,0,2238.9,80.954,154.38,269.66,25.6,102.2,00,-4.29,4.0166,4.0146,4.0201,5.5,760FB417,747473737373737373737474747473737373737373737474,385.64,9.6,3.7,13.1,0,0,0,0,200,21.23,0.00637,0.00637,C7C8C8C8C8C8C8C8C8C8C8C8C8C8C8C8C8C8C8C8C8C8C8C8C9C8
2026-09-03T21:37:54.385507Z,5343.594,13.8V,2,2238.9,80.954,154.38,269.66,25.6,102.2,00,-4.29,4.016,4.0144,4.0197,5.3,720FB317,747473737373737373737474747473737373737373737474,385.64,13.8,5.32,13.0,1,2,1,1,100,32.05,0.01274,0.01274,C7C8C8C8C8C8C8C8C8C8C8C8C8C8C8C8C8C8C8C8C8C8C8C8C9C8
2026-09-03T21:37:57.443876Z,5346.652,13.8V,6,2238.9,80.954,154.38,269.66,25.6,102.2,00,-4.26,4.0144,4.0128,4.0177,4.9,760FB317,747473737473737373737474747473737373737373737474,385.19,32.4,12.48,13.0,4,5,3,5,0,410.56,0.05097,0.07645,C7C8C8C8C8C8C8C8C8C8C8C8C8C8C8C8C8C8C8C8C8C8C8C8C9C8
2026-09-03T21:38:00.160098Z,5349.369,13.8V,9,2238.9,80.954,154.37,269.66,25.6,102.2,00,-4.24,4.0145,4.013,4.0179,4.9,740FB317,747473737373737373737474747473737373737373737474,385.34,32.4,12.49,13.0,7,9,7,9,0,342.63,0.06371,0.05097,C7C8C8C8C8C8C8C8C8C8C8C8C8C8C8C8C8C8C8C8C8C8C8C8C9C8
2026-09-03T21:38:02.720197Z,5351.929,13.8V,15,2238.9,80.954,154.36,269.66,25.6,102.2,00,-4.84,4.0115,4.0101,4.0149,4.8,710FB317,747473737373737373737474747473737373737373737474,384.73,51.6,19.85,13.0,13,13,13,13,0,33.24,0.02548,0.07008,C7C8C8C8C8C8C8C8C8C8C8C8C8C8C8C8C8C8C8C8C8C8C8C8C9C8
2026-09-03T21:38:05.276815Z,5354.485,13.8V,8,2238.9,80.954,154.35,269.66,25.6,102.2,00,-5.45,4.0211,4.0196,4.0245,4.9,720FB317,747473737373737373737474747473737373737373737474,386.29,-16.15,-6.24,13.0,12,12,12,12,600,6.73,0.01274,-0.15928,C7C8C8C8C8C8C8C8C8C8C8C8C8C8C8C8C8C8C8C8C8C8C8C8C9C8
2026-09-03T21:38:07.843492Z,5357.052,13.8V,3,2238.9,80.954,154.35,269.66,25.6,102.2,00,-5.55,4.0169,4.0153,4.0203,5.0,760FB317,747473737473737373737474747473737373737373737474,385.98,8.1,3.13,13.0,4,4,4,4,100,11.75,0.01274,-0.03186,C7C8C8C8C8C8C8C8C8C8C8C8C8C8C8C8C8C8C8C8C8C8C8C8C9C8
2026-09-03T21:38:10.376764Z,5359.585,13.8V,2,2238.9,80.954,154.35,269.66,25.6,102.2,00,-4.97,4.0161,4.0146,4.0195,4.9,740FB717,747473737473737373737474747473737373737373737474,385.79,9.0,3.47,13.1,3,3,3,3,100,12.94,0.01911,-0.01911,C7C8C8C8C8C8C8C8C8C8C8C8C8C8C8C8C8C8C8C8C8C8C8C8C9C8
2026-09-03T21:38:12.905986Z,5362.114,13.8V,3,2238.9,80.954,154.35,269.66,25.6,102.2,00,-4.97,4.0161,4.0146,4.0195,4.9,780FB317,747473737473737373737474747473737373737373737474,385.79,15.3,5.9,13.0,2,2,2,2,0,10.8,0.02548,0.02548,C7C8C8C8C8C8C8C8C8C8C8C8C8C8C8C8C8C8C8C8C8C8C8C8C9C8
2026-09-03T21:38:15.511807Z,5364.72,13.8V,10,2238.9,80.954,154.34,269.66,25.6,102.2,00,-5.58,4.0115,4.01,4.0148,4.8,740FB317,747473737473737373737474747473737373737373737474,385.19,33.9,13.06,13.0,8,8,8,8,0,1.98,0.02548,0.06371,C7C8C8C8C8C8C8C8C8C8C8C8C8C8C8C8C8C8C8C8C8C8C8C8C9C8
2026-09-03T21:38:18.043993Z,5367.252,13.8V,10,2238.9,80.954,154.33,269.66,25.6,102.2,00,-5.58,4.0165,4.015,4.0198,4.8,740FB317,747473737473737373737474747473737373737373737474,385.61,9.0,3.47,13.0,10,10,10,10,0,-4.42,0.01274,-0.03186,C7C8C8C8C8C8C8C8C8C8C8C8C8C8C8C8C8C8C8C8C8C8C8C8C9C8
2026-09-03T21:38:20.612044Z,5369.82,13.8V,7,2238.9,80.954,154.33,269.66,25.6,102.2,00,-5.58,4.0167,4.0152,4.02,4.8,740FB317,747473737473737373737474747473737373737373737474,385.98,0.0,0.0,13.1,9,9,9,9,100,2.99,0.03823,-0.06371,C7C8C8C8C8C8C8C8C8C8C8C8C8C8C8C8C8C8C8C8C8C8C8C8C9C8
2026-09-03T21:38:23.145009Z,5372.353,13.8V,5,2238.9,80.954,154.33,269.66,25.6,102.2,00,-5.59,4.0161,4.0147,4.0194,4.7,720FB317,747473737473737373737474747473737373737373737474,385.83,13.8,5.32,13.1,5,5,5,5,0,-0.37,0.01911,0.01274,C7C8C8C8C8C8C8C8C8C8C8C8C8C8C8C8C8C8C8C8C8C8C8C8C9C8
2026-09-03T21:38:25.695029Z,5374.903,13.8V,8,2238.9,80.954,154.33,269.66,25.6,102.2,00,-5.6,4.0118,4.0103,4.0152,4.9,740FB317,747473737473737373737474747473737373737373737474,385.83,9.9,3.82,13.0,8,8,8,8,0,0.0,0.01274,0.0,C7C8C8C8C8C8C8C8C8C8C8C8C8C8C8C8C8C8C8C8C8C8C8C8C9C8
2026-09-03T21:38:28.263792Z,5377.472,13.8V,10,2238.9,80.954,154.32,269.66,25.6,102.2,00,-5.61,4.0131,4.0115,4.0165,5.0,760FB317,747473737473737373737474747473737373737373737474,385.19,32.1,12.36,13.0,9,9,9,9,0,-0.48,0.02548,0.05097,C7C8C8C8C8C8C8C8C8C8C8C8C8C8C8C8C8C8C8C8C8C8C8C8C9C8
2026-09-03T21:38:30.808130Z,5380.017,13.8V,7,2238.9,80.954,154.32,269.66,25.66,102.2,00,-5.61,4.0165,4.0151,4.0199,4.8,730FB817,747473737473737373737474747473737373737373737474,385.83,-1.15,-0.44,13.0,9,9,9,9,100,12.74,0.01274,-0.06371,C7C8C8C8C8C8C8C8C8C8C8C8C8C8C8C8C8C8C8C8C8C8C8C8C9C8
2026-09-03T21:38:33.359621Z,5382.568,13.8V,0,2238.9,80.954,154.31,269.66,25.66,102.2,00,-6.23,4.0161,4.0146,4.0195,4.9,760FB317,747473737473737373737474747473737373737373737474,385.64,9.3,3.59,13.1,0,0,0,0,800,5.24,0.00637,0.00637,C7C8C8C8C8C8C8C8C8C8C8C8C8C8C8C8C8C8C8C8C8C8C8C8C9C8
2026-09-03T21:38:35.914516Z,5385.123,13.8V,0,2238.9,80.954,154.31,269.66,25.66,102.2,00,-5.61,4.0161,4.0146,4.0194,4.8,720FB417,747473737373737373737474747473737373737373737474,385.64,11.4,4.4,13.0,0,0,0,0,200,-56.06,0.00637,0.01274,C7C8C8C8C8C8C8C8C8C8C8C8C8C8C8C8C8C8C8C8C8C8C8C8C9C8
2026-09-03T21:38:39.059850Z,5388.268,13.8V,4,2238.9,80.954,154.31,269.66,25.66,102.2,00,-5.55,4.0152,4.0137,4.0186,4.9,710FB317,747473737373737373737474747473747373737373737474,385.49,27.6,10.64,13.0,2,2,2,2,0,-296.12,-0.01274,0.08283,C7C8C8C8C8C8C8C8C8C8C8C8C8C8C8C8C8C8C8C8C8C8C8C8C9C8
2026-09-03T21:38:41.672170Z,5390.881,13.8V,7,2238.9,80.954,154.3,269.66,25.66,102.2,00,-5.62,4.0152,4.0138,4.0185,4.7,720FB317,747473737473737373737474747473747373737373737474,385.49,17.1,6.59,13.0,7,6,7,6,0,-366.5,-0.05097,0.0,C7C8C8C8C8C8C8C8C8C8C8C8C8C8C8C8C8C8C8C8C8C8C8C8C9C8
2026-09-03T21:38:44.827030Z,5394.035,13.8V,6,2239.0,80.954,154.3,269.66,25.66,102.2,00,-5.58,4.0169,4.0154,4.0203,4.9,740FB717,747473737473737373737474747473737373737373737474,385.64,8.1,3.12,13.0,7,6,7,6,100,-205.57,-0.01911,-0.01911,C7C8C8C8C8C8C8C8C8C8C8C8C8C8C8C8C8C8C8C8C8C8C8C8C9C8
2026-09-03T21:38:47.462796Z,5396.671,13.8V,13,2239.0,80.954,154.29,269.66,25.66,102.2,00,-6.19,4.0106,4.0091,4.0141,5.0,760FB717,747473737473737373737474747473737373737373737474,384.88,53.4,20.55,13.0,12,10,11,10,0,-290.75,-0.15928,0.05734,C7C8C8C8C8C8C8C8C8C8C8C8C8C8C8C8C8C8C8C8C8C8C8C8C9C8
2026-09-03T21:38:49.985246Z,5399.194,13.8V,27,2239.0,80.954,154.27,269.66,25.66,102.2,00,-6.81,3.9884,3.9865,3.9921,5.6,780FB317,747473737473737373737474747473737373737373737474,382.53,188.4,72.07,12.9,25,22,25,21,0,-207.68,-0.2867,0.19751,C7C8C8C8C8C8C8C8C8C8C8C8C8C8C8C8C8C8C8C8C8C8C8C8C9C8
2026-09-03T21:38:52.543282Z,5401.752,13.8V,32,2239.0,80.954,154.24,269.66,25.66,102.2,00,-8.67,3.9993,3.9973,4.0027,5.4,710FB417,747474737473737373737474747474747373737373737474,383.33,128.4,49.22,13.0,30,30,30,30,0,-1.43,0.01274,0.10194,C7C8C8C8C8C8C8C8C8C8C8C8C8C8C8C8C8C8C8C8C8C8C8C8C9C8
2026-09-03T21:38:55.415993Z,5404.624,13.8V,33,2239.0,80.954,154.22,269.66,25.66,102.2,00,-9.94,4.0062,4.0047,4.0097,5.0,710FB417,747473737473737373737474747473737373737373737474,385.49,9.0,3.47,13.1,33,33,33,33,0,-1.98,0.00637,0.00637,C7C8C8C8C8C8C8C8C8C8C8C8C8C8C8C8C8C8C8C8C8C8C8C8C9C8
2026-09-03T21:38:58.002762Z,5407.211,13.8V,36,2239.0,80.954,154.21,269.66,25.72,102.2,00,-9.96,3.9982,3.9953,4.0027,7.4,750FB817,747473737473737373737474747473737373737373737474,383.82,102.0,39.15,13.1,35,35,35,35,0,-3.87,0.00637,0.06371,C7C8C8C8C8C8C8C8C8C8C8C8C8C8C8C8C8C8C8C8C8C8C8C8C9C8
2026-09-03T21:39:00.561500Z,5409.77,13.8V,36,2239.0,80.954,154.19,269.66,25.72,102.2,00,-10.58,4.0131,4.0116,4.0164,4.8,740FB317,747473737473737373737474747473747373737373737474,385.79,-17.05,-6.58,13.1,36,36,36,36,0,-2.93,0.01274,-0.03186,C7C7C8C8C8C8C8C8C8C8C8C8C8C8C8C8C8C8C8C8C8C8C8C8C9C8
2026-09-03T21:39:03.101024Z,5412.309,13.8V,33,2239.1,80.954,154.19,269.66,25.72,102.2,00,-9.96,4.0172,4.0156,4.0206,5.0,740FB317,747473737373737373737474747473737373737373737474,385.98,-7.15,-2.76,13.1,33,33,33,33,0,-1.8,0.01911,-0.03186,C7C8C8C8C8C8C8C8C8C8C8C8C8C8C8C8C8C8C8C8C8C8C8C8C9C8
2026-09-03T21:39:05.652377Z,5414.861,13.8V,33,2239.1,80.954,154.19,269.66,25.72,102.2,00,-9.96,4.005,4.0027,4.0086,5.9,760FB317,747474737473737373737474747473747373737373737474,386.14,-23.05,-8.9,13.0,34,34,34,34,0,-0.86,0.01911,-0.03823,C7C7C8C8C8C8C8C8C8C8C8C8C8C8C8C8C8C8C8C8C8C8C8C8C9C8
2026-09-03T21:39:08.216882Z,5417.425,13.8V,29,2239.1,80.954,154.19,269.66,25.72,102.2,00,-9.96,4.0193,4.0176,4.0227,5.1,760FB317,747473737473737373737474747473747373737373737474,386.1,-21.85,-8.44,13.1,30,30,30,30,0,-0.48,0.01274,-0.0446,C7C7C8C8C8C8C8C8C8C8C8C8C8C8C8C8C8C8C8C8C8C8C8C8C9C8
2026-09-03T21:39:11.042616Z,5420.251,13.8V,23,2239.2,80.954,154.2,269.66,25.79,102.2,00,-9.29,4.0237,4.0219,4.0271,5.2,740FB717,747473737473737373737474747473747373737373737474,386.59,-35.65,-13.78,12.9,25,25,25,25,0,0.92,0.00637,-0.07645,C7C8C8C8C8C8C8C8C8C8C8C8C8C8C8C8C8C8C8C8C8C8C8C8C9C8
2026-09-03T21:39:13.632511Z,5422.841,13.8V,15,2239.2,80.954,154.21,269.66,25.79,102.2,00,-8.05,4.023,4.0214,4.0264,5.0,780FB317,747473737473737373737474747473737373737373737474,386.59,-26.05,-10.07,13.0,17,17,17,17,0,-0.79,0.0,-0.10194,C7C8C8C8C8C8C8C8C8C8C8C8C8C8C8C8C8C8C8C8C8C8C8C8C9C8
2026-09-03T21:39:16.223911Z,5425.432,13.8V,7,2239.2,80.954,154.21,269.66,25.79,102.2,00,-7.43,4.0195,4.018,4.0229,4.9,760FB317,747473737473737373737474747473737373737373737474,385.98,-3.25,-1.25,13.0,8,9,8,9,0,-0.04,0.01911,-0.08283,C7C8C8C8C8C8C8C8C8C8C8C8C8C8C8C8C8C8C8C8C8C8C8C8C9C8
2026-09-03T21:39:18.794137Z,5428.003,13.8V,3,2239.2,80.954,154.21,269.66,25.79,102.2,00,-7.42,4.0162,4.0147,4.0196,4.9,740FB317,747474737473737373737474747473737373737373737474,385.79,9.0,3.47,13.0,3,3,3,3,100,0.0,0.01274,-0.03823,C7C8C8C8C8C8C8C8C8C8C8C8C8C8C8C8C8C8C8C8C8C8C8C8C9C8
2026-09-03T21:39:21.363526Z,5430.572,13.8V,1,2239.2,80.954,154.21,269.66,25.79,102.2,00,-7.42,4.0156,4.014,4.019,5.0,760FB317,747473737373737373737474747473747373737373737474,385.68,11.4,4.4,13.0,1,1,1,1,200,0.68,0.01911,-0.00637,C7C8C8C8C8C8C8C8C8C8C8C8C8C8C8C8C8C8C8C8C8C8C8C8C9C8
2026-09-03T21:39:23.927046Z,5433.135,13.8V,9,2239.2,80.954,154.21,269.66,25.79,102.2,00,-7.42,4.0126,4.0111,4.0161,5.0,740FB717,747473737473737373737474747473747373737373737474,384.88,45.3,17.44,13.0,5,5,5,5,0,2.24,0.01911,0.0892,C7C8C8C8C8C8C8C8C8C8C8C8C8C8C8C8C8C8C8C8C8C8C8C8C9C8
2026-09-03T21:39:27.061906Z,5436.27,13.8V,22,2239.2,80.954,154.19,269.66,25.79,104.0,00,-7.96,3.9994,3.9977,4.003,5.3,780FB317,747474737473737373737474747473747373737373737474,384.09,93.9,36.07,13.0,19,19,19,19,0,-0.37,0.01911,0.10194,C7C7C8C8C8C8C8C8C8C8C8C8C8C8C8C8C8C8C8C8C8C8C8C8C9C8
2026-09-03T21:39:29.990792Z,5439.199,13.8V,30,2239.2,80.954,154.16,269.66,25.79,104.0,00,-9.73,3.9995,3.9978,4.0031,5.3,760FB417,747473737373737373737474747473737373737373737474,383.78,97.8,37.53,13.0,27,27,27,27,0,1.23,0.03186,0.07645,C7C7C8C8C8C8C8C8C8C8C8C8C8C8C8C8C8C8C8C8C8C8C8C8C9C8
2026-09-03T21:39:33.060852Z,5442.269,13.8V,37,2239.2,80.954,154.12,269.66,25.85,104.0,00,-11.46,3.9923,3.9904,3.9959,5.5,760FB317,747473737473737373737474747473747373737373737474,383.33,131.4,50.37,13.0,36,36,36,36,0,-0.18,0.01911,0.08283,C7C7C8C8C8C8C8C8C8C8C8C8C8C8C8C8C8C8C8C8C8C8C8C8C9C8
2026-09-03T21:39:35.603457Z,5444.812,13.8V,40,2239.3,80.954,154.09,269.66,25.85,104.0,00,-13.27,4.0001,3.998,4.0038,5.8,740FB717,747473737473737373737474747473747373737373737474,385.34,21.6,8.32,13.1,40,40,40,40,0,0.79,0.01274,0.0,C7C7C8C8C8C8C8C8C8C8C8C8C8C8C8C8C8C8C8C8C8C8C8C8C9C8
2026-09-03T21:39:38.162933Z,5447.371,13.8V,39,2239.3,80.954,154.09,269.66,25.85,104.0,00,-13.4,4.0146,4.013,4.018,5.0,740FB317,747474737473737373737474747474747373737373737474,385.34,8.1,3.12,13.0,39,39,39,39,0,-1.06,0.01911,-0.01911,C7C7C8C8C8C8C8C8C8C8C8C8C8C8C8C8C8C8C8C8C8C8C8C8C9C8
2026-09-03T21:39:40.638144Z,5449.847,13.8V,33,2239.3,80.954,154.09,269.66,25.85,104.0,00,-12.82,4.0198,4.0181,4.0234,5.3,710FB317,747474737473737373737474747473747373737373737474,386.59,-51.55,-19.93,12.9,35,35,36,36,0,0.0,0.01911,-0.06371,C7C7C8C8C8C8C8C8C8C8C8C8C8C8C8C8C8C8C8C8C8C8C8C8C9C8
2026-09-03T21:39:43.413183Z,5452.622,13.8V,29,2239.3,80.954,154.1,269.04,25.91,104.0,00,-12.29,4.0234,4.0217,4.027,5.3,760FB817,747474737473737373737474747474747373737373737474,384.39,45.9,17.64,13.0,29,29,29,29,0,0.18,0.03186,-0.02548,C7C7C8C8C8C8C8C8C8C8C8C8C8C8C8C8C8C8C8C8C8C8C8C8C9C8
2026-09-03T21:39:45.943516Z,5455.152,13.8V,36,2239.4,80.954,154.08,269.04,25.91,104.0,00,-12.93,3.9885,3.9865,3.9926,6.1,710FB317,747474737473737373737474747473747373737373737474,385.64,8.7,3.36,12.9,37,37,37,37,0,1.12,0.02548,0.02548,C7C7C8C8C8C8C8C8C8C8C8C8C8C8C8C8C8C8C8C8C8C8C8C8C9C8
2026-09-03T21:39:48.494414Z,5457.703,13.8V,33,2239.4,80.954,154.07,269.04,25.91,104.0,00,-12.31,4.0182,4.0165,4.0219,5.4,710FB317,747473737473737373737474747473747373737373737474,386.1,-21.55,-8.32,13.1,34,34,34,34,0,-0.86,0.00637,-0.0446,C7C7C8C8C8C8C8C8C8C8C8C8C8C8C8C8C8C8C8C8C8C8C8C8C9C8
2026-09-03T21:39:51.037795Z,5460.246,13.8V,30,2239.4,80.954,154.07,269.04,25.91,104.0,00,-10.46,4.0154,4.0139,4.0189,5.0,710FB817,747474737473737373737474747474747373737373737474,385.83,4.2,1.62,13.0,30,30,31,31,0,-1.56,0.01274,-0.01274,C7C7C8C8C8C8C8C8C8C8C8C8C8C8C8C8C8C8C8C8C8C8C8C8C9C8
2026-09-03T21:39:53.593572Z,5462.802,13.8V,28,2239.4,80.954,154.08,269.04,25.97,102.2,00,-8.66,4.0187,4.0171,4.022,4.9,730FB417,747473737473737373737474747473747373737373737474,383.93,91.5,35.13,13.0,27,27,27,27,0,4.36,0.03186,0.03186,C7C7C8C8C8C8C8C8C8C8C8C8C8C8C8C8C8C8C8C8C8C8C8C8C9C8
2026-09-03T21:39:56.125345Z,5465.334,13.8V,30,2239.5,80.954,154.06,269.04,25.97,102.2,00,-9.29,4.018,4.0164,4.0213,4.9,710FB417,747474737473737373737474747474747373737373737474,384.05,82.8,31.8,13.0,29,29,29,29,0,-6.62,0.0,0.03186,C7C7C8C8C8C8C8C8C8C8C8C8C8C8C8C8C8C8C8C8C8C8C8C8C9C8
2026-09-03T21:39:58.747566Z,5467.956,13.8V,33,2239.5,80.954,154.05,269.04,25.97,102.2,00,-8.66,3.9994,3.9966,4.0038,7.2,760FB817,747474737473737373737474747474747373737373737474,385.04,24.6,9.47,13.1,33,33,33,33,0,-17.36,-0.0446,0.0,C7C7C8C8C8C8C8C8C8C8C8C8C8C8C8C8C8C8C8C8C8C8C8C8C9C8
2026-09-03T21:40:01.282848Z,5470.491,13.8V,32,2239.5,80.954,154.03,269.04,25.97,102.2,00,-9.9,4.0073,4.0054,4.0108,5.4,710FB317,747473737473737373737474747473747373737373737474,386.14,-20.05,-7.74,13.1,33,33,33,33,0,-2.62,0.01274,-0.0446,C7C7C8C8C8C8C8C8C8C8C8C8C8C8C8C8C8C8C8C8C8C8C8C8C9C8
2026-09-03T21:40:03.809468Z,5473.018,13.8V,28,2239.5,80.954,154.04,269.04,26.04,102.2,00,-9.29,4.0176,4.016,4.0212,5.2,740FB817,747474737473737373737474747474747373737373737474,385.8,-17.95,-6.93,13.1,29,29,29,29,0,13.55,0.05097,-0.03186,C7C7C8C8C8C8C8C8C8C8C8C8C8C8C8C8C8C8C8C8C8C8C8C8C9C8
2026-09-03T21:40:06.362786Z,5475.571,13.8V,19,2239.5,80.954,154.04,269.04,26.04,104.0,00,-9.29,4.0257,4.0239,4.0295,5.6,750FB817,747474737473737373737474747474747373737373737474,386.48,-24.55,-9.49,13.0,21,21,21,21,0,4.31,0.03186,-0.09557,C7C7C8C8C8C8C8C8C8C8C8C8C8C8C8C8C8C8C8C8C8C8C8C8C9C8
2026-09-03T21:40:08.891171Z,5478.1,13.8V,11,2239.6,80.954,154.05,269.04,26.04,104.0,00,-9.33,4.0188,4.0172,4.0223,5.1,740FB317,747474737473737373737474747473747373737373737474,385.79,-5.35,-2.06,13.0,13,13,13,13,100,1.8,0.02548,-0.06371,C7C7C8C8C8C8C8C8C8C8C8C8C8C8C8C8C8C8C8C8C8C8C8C8C9C8
2026-09-03T21:40:11.385887Z,5480.594,13.8V,14,2239.6,80.954,154.05,269.04,26.04,104.0,00,-9.97,4.0073,4.0057,4.0107,5.0,710FB317,747474737473737373737474747474747373737373737474,384.39,72.0,27.68,13.0,12,12,12,12,0,0.31,0.03186,0.12105,C7C7C8C8C8C8C8C8C8C8C8C8C8C8C8C8C8C8C8C8C8C8C8C8C9C8
2026-09-03T21:40:14.151788Z,5483.36,13.8V,2,2239.6,80.954,154.04,269.04,26.04,104.0,00,-10.56,4.0173,4.0158,4.0209,5.1,710FB317,747474737473737373737474747474747373737373737474,385.49,5.4,2.08,13.0,7,6,7,6,900,-109.63,0.00637,-0.12742,C7C7C8C8C8C8C8C8C8C8C8C8C8C8C8C8C8C8C8C8C8C8C8C8C9C8
2026-09-03T21:40:17.499851Z,5486.708,13.8V,0,2239.6,80.954,154.03,269.04,26.04,104.0,00,-11.04,4.0141,4.0125,4.0175,5.0,730FB417,747474737473737373737474747474747373737373737474,385.68,9.0,3.47,13.0,0,0,0,0,1200,-90.79,0.01911,0.00637,C7C7C8C8C8C8C8C8C8C8C8C8C8C8C8C8C8C8C8C8C8C8C8C8C9C8
2026-09-03T21:40:20.385276Z,5489.594,13.8V,7,2239.6,80.954,154.03,269.04,26.04,104.0,00,-10.98,4.0127,4.0104,4.0175,7.1,760FB817,747473737473737373737474747473747373737373737474,384.77,61.8,23.78,13.0,2,2,2,1,0,-83.69,0.01274,0.22299,C7C7C8C8C8C8C8C8C8C8C8C8C8C8C8C8C8C8C8C8C8C8C8C8C9C8
2026-09-03T21:40:22.958143Z,5492.167,13.8V,34,2239.6,80.954,154.0,269.04,26.04,104.0,00,-12.81,3.9633,3.9605,3.9674,6.9,740FB717,747474737473737373737474747474747373737373737474,378.65,336.0,127.23,13.0,29,27,29,26,0,-145.62,-0.29308,0.27396,C7C7C8C8C8C8C8C8C8C8C8C8C8C8C8C8C8C8C8C8C8C8C8C8C9C8
2026-09-03T21:40:25.488578Z,5494.697,13.8V,63,2239.6,80.954,153.9,269.04,26.04,104.0,00,-17.87,3.9075,3.9037,3.9126,8.9,760FB717,747474737473737373737474747474747373737373737474,370.8,835.8,309.91,13.0,55,55,55,54,0,-38.81,-0.14654,0.40776,C7C7C8C8C8C8C8C8C8C8C8C8C8C8C8C8C8C8C8C8C8C8C8C8C8C8
2026-09-03T21:40:28.017924Z,5497.226,13.8V,73,2239.7,80.954,153.74,269.04,26.1,104.0,00,-26.06,3.9736,3.9716,3.9773,5.7,780FB717,747473737473737373737474747473747373737373737474,381.43,172.2,65.68,13.0,71,71,71,72,0,-3.74,0.0,0.05097,C7C7C7C7C7C8C8C7C8C7C8C7C8C8C8C8C7C8C8C8C8C8C8C8C8C8
2026-09-03T21:40:30.575002Z,5499.783,13.8V,78,2239.7,80.954,153.7,269.04,26.1,104.0,00,-26.29,3.9887,3.9865,3.9926,6.1,780FB717,747474737473737373737474747474747373737373737474,382.23,127.5,48.73,13.1,77,77,76,77,0,0.86,0.02548,0.01911,C7C7C7C7C7C8C8C7C7C7C7C7C8C8C8C8C7C7C8C8C8C8C8C8C8C7
2026-09-03T21:40:33.360298Z,5502.569,13.8V,81,2239.8,80.954,153.67,269.04,26.16,104.0,00,-26.18,3.9904,3.9881,3.9941,6.0,730FB417,747474737473737373737474747474747373737373737474,383.75,35.4,13.58,13.1,81,81,81,81,0,-0.86,0.01274,-0.00637,C7C7C7C7C7C7C8C7C7C7C7C7C8C8C8C8C7C7C8C8C8C7C7C8C8C7
2026-09-03T21:40:35.873047Z,5505.081,13.8V,83,2239.8,80.954,153.65,269.04,26.16,102.2,00,-27.45,3.9884,3.9867,3.9922,5.5,730FB417,747474737473737373737474747474747373737373737474,382.65,107.4,41.1,13.1,82,82,82,82,0,-0.86,0.01274,0.01274,C7C7C7C7C7C7C8C7C7C7C7C7C8C8C8C8C7C7C7C8C8C7C7C8C8C7
2026-09-03T21:40:38.393367Z,5507.602,13.8V,83,2239.9,80.954,153.62,269.04,26.22,102.2,00,-29.3,3.9967,3.9941,4.0005,6.4,710FB817,747474737473737373737474747474747373737373737474,383.63,42.0,16.11,13.1,83,83,83,83,0,-3.23,0.0,0.0,C7C7C7C7C7C7C7C7C7C7C7C7C7C8C8C8C7C7C7C8C8C7C7C8C8C7
2026-09-03T21:40:40.918697Z,5510.127,13.8V,81,2239.9,80.954,153.61,268.42,26.28,102.2,00,-30.68,4.0139,4.0122,4.0178,5.6,710FB817,747474737473737373737474747474747373737373737474,385.64,-42.25,-16.29,13.1,82,82,82,82,0,-4.11,0.0,-0.03823,C7C7C7C7C7C7C7C7C7C7C7C7C7C8C7C8C7C7C7C8C8C7C7C8C8C7
2026-09-03T21:40:43.432478Z,5512.641,13.8V,80,2240.0,80.954,153.62,268.42,26.28,102.2,00,-28.81,4.0038,4.002,4.0074,5.4,740FB717,747474737473737373737474747474747373737373737474,383.14,93.0,35.63,13.1,80,80,80,80,0,-2.62,0.0,0.01274,C7C7C7C7C7C7C7C7C7C7C7C7C7C8C8C8C7C7C7C8C8C7C7C8C8C7
2026-09-03T21:40:45.955860Z,5515.164,13.8V,80,2240.1,80.954,153.59,268.42,26.35,102.2,00,-30.07,3.9981,3.9962,4.0018,5.6,720FB317,747474737473737373737474747474747373737373737474,383.33,70.2,26.91,13.1,80,80,80,80,0,-1.8,0.01274,0.0,C7C7C7C7C7C7C7C7C7C7C7C7C7C8C7C7C7C7C7C8C7C7C7C8C8C7
2026-09-03T21:40:48.751952Z,5517.96,13.8V,80,2240.1,80.954,153.58,268.42,26.35,102.2,00,-30.56,3.9999,3.9979,4.0037,5.8,750FB717,747474737473737373737474747474747373737373737474,382.95,120.9,46.3,13.1,79,79,79,79,0,0.31,0.01911,0.03186,C7C7C7C7C7C7C7C7C7C7C7C7C7C8C7C7C7C7C7C8C7C7C7C8C8C7
2026-09-03T21:40:51.267566Z,5520.476,13.8V,69,2240.2,80.954,153.57,268.42,26.41,102.2,00,-31.83,4.0157,4.014,4.0193,5.3,760FB317,747474737473737373737474747474747373737373737474,391.26,-328.15,-128.39,12.9,75,75,75,75,100,0.31,0.02548,-0.17202,C7C7C7C7C7C7C7C7C7C7C7C7C7C8C7C7C7C7C7C8C7C7C7C8C8C7
2026-09-03T21:40:54.483122Z,5523.692,13.8V,66,2240.2,80.954,153.64,268.42,26.47,102.2,00,-25.91,3.9965,3.9941,4.0006,6.5,760FB317,747474737473737373737474747474747373737373737474,383.9,61.8,23.73,13.0,65,66,65,66,0,8.67,0.0892,0.00637,C7C7C7C7C7C7C7C7C7C7C7C7C7C8C8C8C7C7C7C8C8C7C7C8C8C7
2026-09-03T21:40:57.279407Z,5526.488,13.8V,73,2240.3,80.954,153.61,268.42,26.47,102.2,00,-27.06,3.9652,3.9623,3.9697,7.4,740FB317,747474737473737373737474747474747373737373737474,375.78,483.9,181.84,13.0,69,69,69,69,0,-4.49,0.0,0.18476,C7C7C7C7C7C7C7C7C7C7C7C7C7C8C7C8C7C7C7C8C8C7C7C8C8C7
2026-09-03T21:40:59.790140Z,5528.999,13.8V,84,2240.3,80.954,153.49,268.42,26.53,104.0,00,-33.23,3.932,3.9279,3.9365,8.6,730FB417,747474737473737373737474747474747373737373737474,376.08,429.6,161.56,13.0,81,81,82,82,0,-0.92,0.02548,0.1338,C6C7C7C7C7C7C7C7C7C7C7C7C7C7C7C7C7C7C7C7C7C7C7C7C8C7
2026-09-03T21:41:02.331618Z,5531.54,13.8V,89,2240.4,80.452,153.38,268.42,26.53,104.0,00,-40.6,3.9643,3.9614,3.9683,6.9,710FB717,747474737473737373737474747474747373737373737474,380.06,208.2,79.13,13.0,89,89,89,89,0,-1.43,0.00637,0.05097,C6C7C7C7C7C7C7C7C7C7C7C7C7C7C7C7C7C7C7C7C7C7C7C7C8C7
2026-09-03T21:41:04.876447Z,5534.085,13.8V,92,2240.5,80.452,153.33,268.42,26.59,104.0,00,-43.68,3.9665,3.9634,3.9707,7.3,780FB717,747474737473737373737474747474747373737373737474,379.54,229.2,86.99,13.1,92,92,91,91,0,-0.04,0.01274,0.05097,C6C6C7C7C7C7C7C7C7C7C7C7C7C7C7C7C7C7C7C7C7C7C7C7C8C7
2026-09-03T21:41:07.788388Z,5536.997,13.8V,95,2240.6,80.452,153.25,268.42,26.66,104.0,00,-48.9,3.9694,3.9668,3.9744,7.6,710FB317,747474737473737373737474747474747373737373737474,379.57,219.6,83.35,13.1,94,94,94,94,0,-0.75,0.01274,0.05097,C6C6C7C7C7C7C7C7C7C7C7C7C7C7C7C7C7C7C7C7C7C7C7C7C8C7
2026-09-03T21:41:10.650763Z,5539.859,13.8V,95,2240.6,80.452,153.2,267.8,26.66,104.0,00,-51.63,3.976,3.972,3.9802,8.2,710FB317,747474737473737373737474747474747373737373737474,379.57,227.7,86.43,13.1,95,95,95,95,0,-0.11,0.01274,0.05097,C6C6C7C7C7C7C7C7C7C7C7C7C7C7C7C7C7C7C7C7C7C7C7C7C8C7
2026-09-03T21:41:13.182614Z,5542.391,13.8V,96,2240.7,80.452,153.15,267.8,26.72,104.0,00,-54.28,3.9787,3.9758,3.9829,7.1,780FB117,747474737473737373737474747474747373737373737474,379.87,232.5,88.32,13.1,96,96,95,96,0,-0.18,0.01274,0.03823,C6C6C7C7C7C7C7C7C7C7C7C7C7C7C7C7C7C7C7C7C7C7C7C7C8C7
2026-09-03T21:41:15.696563Z,5544.905,13.8V,95,2240.7,80.452,153.11,267.8,26.78,104.0,00,-56.91,3.9813,3.9784,3.9855,7.1,710FB817,747474737473737373737474747474747373737373737474,382.38,74.4,28.45,13.1,96,96,96,96,0,-0.37,0.01274,0.0,C6C6C7C7C7C7C7C7C7C7C7C7C7C7C7C7C7C7C7C7C7C7C7C7C8C7
2026-09-03T21:41:18.209251Z,5547.418,13.8V,96,2240.8,80.452,153.08,267.8,26.78,104.0,00,-59.14,3.9686,3.9657,3.9727,7.0,780FB717,747474737473737373737474747474747373737373737474,379.57,196.5,74.59,13.1,96,95,95,95,0,1.98,0.03823,0.03823,C6C6C7C7C7C7C7C7C7C7C7C7C7C7C7C7C7C7C7C7C7C7C7C7C8C7
2026-09-03T21:41:20.708909Z,5549.917,13.8V,95,2240.9,80.452,153.04,267.8,26.84,104.0,00,-59.84,3.9831,3.9807,3.9873,6.6,780FB117,747474737473737373737474747474747373737373737474,381.01,143.7,54.75,13.1,95,96,95,95,0,-1.56,0.01274,0.01274,C6C6C7C7C7C7C7C7C7C7C7C7C7C7C7C7C7C7C7C7C7C7C7C7C8C7
2026-09-03T21:41:23.221678Z,5552.43,13.8V,95,2241.0,80.452,153.01,267.8,26.91,104.0,00,-55.5,3.9909,3.9888,3.9946,5.8,710FB317,747474737473737373737474747474747373737373737474,382.23,105.6,40.36,13.1,95,95,94,95,0,-0.18,0.01274,0.01274,C6C6C7C7C7C7C7C7C7C7C7C7C7C7C7C7C7C7C7C7C7C7C7C7C7C7
2026-09-03T21:41:26.178133Z,5555.387,13.8V,93,2241.0,80.452,152.98,267.8,26.91,104.0,00,-47.04,3.9887,3.9866,3.9931,6.5,730FB817,747474737473737373737474747474747373737373737474,382.83,61.5,23.54,13.1,94,94,94,94,0,-0.55,-0.00637,-0.00637,C6C6C7C7C7C7C7C7C7C7C7C7C7C7C7C7C6C7C7C7C7C7C7C7C7C7
2026-09-03T21:41:28.985906Z,5558.194,13.8V,93,2241.1,80.452,152.96,267.8,26.97,104.0,00,-45.61,3.9886,3.9852,3.9932,8.0,760FB817,747474737473737373737474747474747374737373737474,381.92,102.6,39.18,13.1,93,93,92,93,0,0.31,0.01911,0.0,C6C6C7C7C7C7C7C7C7C7C7C7C7C7C7C7C6C7C7C7C7C7C7C7C7C7
2026-09-03T21:41:31.486302Z,5560.695,13.8V,94,2241.2,80.452,152.93,267.8,27.03,104.0,00,-45.83,3.9795,3.9764,3.9834,7.0,780FB517,747474737473737373737474747474747374737373737474,382.07,109.2,41.72,13.1,93,93,93,93,0,1.06,0.01911,0.00637,C6C6C7C7C7C7C7C7C7C6C7C7C7C7C7C7C6C7C7C7C7C7C7C7C7C7
2026-09-03T21:41:34.049515Z,5563.258,13.8V,95,2241.2,80.452,152.9,267.17,27.03,104.0,00,-46.41,3.9798,3.9762,3.9849,8.7,740FB817,747474737473737373737474747474747374737373737474,382.34,96.3,36.82,13.0,95,95,94,95,0,-0.92,0.00637,0.0,C6C6C6C6C6C7C7C6C7C6C7C7C7C7C7C7C6C7C7C7C7C7C7C7C7C7
2026-09-03T21:41:36.586892Z,5565.795,13.8V,96,2241.3,80.452,152.88,267.17,27.09,104.0,00,-45.78,3.9802,3.9767,3.9842,7.5,710FB617,747474737473737373737474747474747374737373737474,381.55,115.8,44.18,13.1,96,96,95,96,0,1.87,0.03823,0.01274,C6C6C6C6C6C7C7C6C6C6C6C6C7C7C7C7C6C7C7C7C7C7C7C7C7C7
2026-09-03T21:41:39.128765Z,5568.337,13.8V,98,2241.4,80.452,152.84,267.17,27.15,104.0,00,-47.62,3.9779,3.9745,3.9824,7.9,780FB317,747474737473737373737474747474747374737373737474,382.23,77.4,29.58,13.1,98,98,97,98,0,-0.42,0.01911,0.00637,C6C6C6C6C6C7C7C6C6C6C6C6C7C7C7C7C6C6C7C7C7C7C7C7C7C6
2026-09-03T21:41:42.304180Z,5571.513,13.8V,97,2241.5,80.452,152.81,267.17,27.22,104.0,00,-49.53,3.9993,3.9976,4.0028,5.2,710FB417,747474737473737373737474747474747374737373737474,385.0,-45.55,-17.54,13.1,97,97,98,98,0,-1.5,0.01274,-0.03823,C6C6C6C6C6C6C7C6C6C6C6C6C7C7C7C7C6C6C7C7C7C7C6C7C7C6
2026-09-03T21:41:44.911658Z,5574.12,13.8V,95,2241.5,80.452,152.82,267.17,27.22,104.0,00,-47.02,4.0083,4.0063,4.0121,5.8,730FB817,747474737473737373737474747474747374737373737474,385.34,-40.45,-15.59,13.1,95,95,95,96,0,-0.24,0.01911,-0.0446,C6C6C6C6C6C6C7C6C6C6C6C6C7C7C7C7C6C6C7C7C7C7C7C7C7C6
2026-09-03T21:41:47.411288Z,5576.62,13.8V,85,2241.6,80.452,152.85,267.17,27.28,102.2,00,-44.8,4.0658,4.0624,4.0706,8.2,750FB417,747474737473737373737474747474747373737373737474,389.86,-290.05,-113.08,12.9,88,88,88,88,0,1.8,0.05097,-0.14017,C6C6C6C6C6C7C7C6C6C6C6C6C7C7C7C7C6C7C7C7C7C7C7C7C7C7
2026-09-03T21:41:49.918428Z,5579.127,13.8V,79,2241.7,80.452,152.92,267.17,27.34,102.2,00,-39.9,4.0346,4.032,4.0391,7.1,750FB817,747474737473737373737474747474747374737373737474,385.79,-41.95,-16.18,13.0,80,80,80,80,0,0.37,0.01911,-0.05097,C6C6C7C7C7C7C7C6C7C6C7C7C7C7C7C7C6C7C7C7C7C7C7C7C7C7
2026-09-03T21:41:52.601810Z,5581.81,13.8V,82,2241.7,80.452,152.92,267.17,27.34,102.2,00,-44.6,3.9983,3.9965,4.0022,5.7,760FB717,747474737473737373737474747474747374737373737474,381.13,156.3,59.57,13.1,81,81,81,81,0,0.92,0.03186,0.03186,C6C6C7C7C7C7C7C6C7C6C7C7C7C7C7C7C6C7C7C7C7C7C7C7C7C7
2026-09-03T21:41:55.148300Z,5584.357,13.8V,98,2241.8,80.452,152.86,267.17,27.4,102.2,00,-46.66,3.9312,3.9279,3.9364,8.5,740FB717,747474737473737373737474747474747374737373737474,371.11,697.5,258.85,12.9,91,91,91,91,0,7.61,0.09557,0.20388,C6C6C6C6C6C7C7C6C6C6C6C6C7C7C7C7C6C7C7C7C7C7C7C7C7C6
2026-09-03T21:41:57.983048Z,5587.191,13.8V,114,2241.9,80.452,152.64,267.17,27.46,102.2,00,-52.58,3.8447,3.8401,3.851,10.9,780FB317,747474737473737373737474747474747374737373737474,377.82,294.9,111.42,13.0,112,112,113,113,0,-6.36,-0.03186,0.05097,C5C6C6C6C6C6C6C6C6C6C6C6C6C6C6C6C6C6C6C6C6C6C6C6C7C6
2026-09-03T21:42:00.634613Z,5589.843,13.8V,124,2241.9,79.95,152.48,267.17,27.53,102.2,00,-55.57,3.8946,3.8895,3.9013,11.8,740FB817,747474737473737373737474747474747374737373737474,373.61,565.5,211.28,13.1,121,121,121,122,0,-0.79,0.00637,0.10831,C5C5C6C6C6C6C6C6C6C6C6C6C6C6C6C6C6C6C6C6C6C6C6C6C7C6
2026-09-03T21:42:03.179380Z,5592.388,13.8V,125,2242.0,79.95,152.37,267.17,27.53,102.2,00,-59.28,3.9597,3.9563,3.9642,7.9,780FB117,747474737473737373737474747474747374737373737474,382.41,53.4,20.42,13.0,125,125,125,125,0,-1.36,0.0,-0.00637,C5C5C6C6C6C6C6C6C6C6C6C6C6C6C6C6C6C6C6C6C6C6C6C6C7C6
2026-09-03T21:42:05.705683Z,5594.914,13.8V,121,2242.1,79.95,152.36,266.55,27.59,102.2,00,-55.32,3.9965,3.9932,4.0009,7.7,710FB317,747474737473737373747474747474747374737373737474,384.09,-38.35,-14.73,13.1,122,122,122,122,0,0.68,0.03186,-0.03823,C5C5C6C6C6C6C6C6C6C6C6C6C6C6C6C6C6C6C6C6C6C6C6C6C7C6
2026-09-03T21:42:08.241930Z,5597.45,13.8V,117,2242.2,79.95,152.36,266.55,27.65,102.2,00,-52.51,3.9997,3.9963,4.0052,8.9,730FB817,747474737473737373747474747474747374737373737474,384.39,-38.35,-14.74,13.1,118,118,118,119,0,0.48,0.02548,-0.03186,C5C5C6C6C6C6C6C6C6C6C6C6C6C6C6C6C6C6C6C6C6C6C6C6C7C6
2026-09-03T21:42:10.858558Z,5600.067,13.8V,116,2242.3,79.95,152.37,266.55,27.71,102.2,00,-48.69,3.9868,3.9849,3.9907,5.8,710FB317,747474737473737373747474747474747374737373737474,379.96,164.1,62.35,13.1,115,115,115,116,0,-0.62,0.01274,0.01274,C5C5C6C6C6C6C6C6C6C6C6C6C6C6C6C6C6C6C6C6C6C6C6C6C7C6
2026-09-03T21:42:13.573667Z,5602.782,13.8V,118,2242.4,79.95,152.32,266.55,27.78,102.2,00,-49.14,3.9575,3.9552,3.9617,6.5,780FB317,747474737473737373747474747474747374737373737474,379.87,181.8,69.06,13.0,118,118,117,117,0,0.55,0.03186,0.03186,C5C5C6C6C6C6C6C6C6C6C6C6C6C6C6C6C6C6C6C6C6C6C6C6C7C6
2026-09-03T21:42:16.682539Z,5605.891,13.8V,120,2242.5,79.95,152.25,266.55,27.84,104.0,00,-51.1,3.9533,3.9497,3.9578,8.1,710FB817,747474737473737373747474747474747374737373737474,377.22,328.2,123.8,13.0,119,120,119,119,0,-0.24,0.00637,0.05097,C5C5C6C6C6C6C6C6C6C6C6C6C6C6C6C6C6C6C6C6C6C6C6C6C7C6
2026-09-03T21:42:19.241582Z,5608.45,13.8V,120,2242.6,79.95,152.18,266.55,27.9,104.0,00,-52.89,3.975,3.9715,3.9787,7.2,780FB117,747474737473737373747474747474747374737373737474,382.68,42.0,16.07,13.0,121,121,120,120,0,0.0,0.03186,-0.01911,C5C5C6C6C6C6C6C6C6C6C6C6C6C6C6C6C6C6C6C6C6C6C6C6C7C6
2026-09-03T21:42:21.812398Z,5611.021,13.8V,118,2242.6,79.95,152.16,266.55,27.96,104.0,00,-52.23,3.9802,3.9769,3.9848,7.9,780FB317,747474737473737373747474747474747374737373737474,380.82,119.4,45.47,13.1,118,118,118,118,0,-0.11,0.01274,0.0,C5C5C6C6C6C6C6C6C6C6C6C6C6C6C6C6C6C6C6C6C6C6C6C6C7C6
2026-09-03T21:42:24.341673Z,5613.55,13.8V,118,2242.7,79.95,152.13,265.93,27.96,102.2,00,-52.61,3.968,3.9654,3.9722,6.8,710FB817,747474737473737373747474747474747374737373737474,379.08,198.3,75.17,13.1,118,118,118,118,0,0.99,0.01911,0.01274,C5C5C6C6C6C6C6C6C6C6C6C6C6C6C6C6C6C6C6C6C6C6C6C6C6C6
2026-09-03T21:42:26.860866Z,5616.069,13.8V,120,2242.8,79.95,152.07,265.93,28.02,102.2,00,-55.36,3.9514,3.9484,3.9561,7.7,780FB317,747474737473737373747474747474747374737373737474,382.41,77.4,29.6,13.0,120,120,120,120,0,0.11,0.02548,-0.00637,C5C5C6C6C6C6C6C5C6C5C6C6C6C6C6C6C5C6C6C6C6C6C6C6C6C6
2026-09-03T21:42:29.724578Z,5618.933,13.8V,118,2242.9,79.95,152.04,265.93,28.09,102.2,00,-55.02,3.9683,3.9659,3.9727,6.8,760FB717,747474737473737373747474747574747374737373737474,381.73,81.6,31.15,13.1,119,118,118,119,0,-0.18,0.01911,0.0,C5C5C5C5C5C6C6C5C6C5C6C5C6C6C6C6C5C6C6C6C6C6C6C6C6C6
2026-09-03T21:42:32.439203Z,5621.648,13.8V,115,2243.0,79.95,152.03,265.93,28.15,102.2,00,-53.64,3.9992,3.9964,4.0043,7.9,780FB317,747474737473737373747474747474747374737373737474,384.39,-31.15,-11.97,13.1,115,116,116,116,0,-0.04,0.01911,-0.0446,C5C5C5C5C5C6C6C5C6C5C6C5C6C6C6C6C5C6C6C6C6C6C6C6C6C6
2026-09-03T21:42:34.984386Z,5624.193,13.8V,114,2243.1,79.95,152.02,265.93,28.21,102.2,00,-53.02,3.9713,3.9681,3.9761,8.0,780FB417,747474737473737373747474747474747374737373737474,381.13,131.1,49.97,13.1,114,114,114,114,0,0.62,0.01274,0.0,C5C5C5C5C5C6C6C5C5C5C5C5C6C6C6C6C5C6C6C6C6C6C6C6C6C6
2026-09-03T21:42:37.546715Z,5626.755,13.8V,112,2243.2,79.95,151.99,265.93,28.21,102.2,00,-52.38,3.9995,3.9971,4.0031,6.0,730FB117,747474737473737373747474747574747374737373737474,383.48,-10.75,-4.12,13.0,112,112,112,112,0,-0.37,0.01911,-0.03823,C5C5C5C5C5C6C6C5C5C5C5C5C6C6C6C6C5C6C6C6C6C6C6C6C6C6
2026-09-03T21:42:40.110419Z,5629.319,13.8V,111,2243.2,79.95,151.98,265.93,28.27,102.2,00,-51.69,3.9859,3.984,3.9898,5.8,730FB717,747474737473737373747474747474747374737373737474,380.48,140.1,53.31,13.1,111,111,111,111,0,0.0,0.01274,0.0,C5C5C5C5C5C6C6C5C5C5C5C5C6C6C6C6C5C6C6C6C6C6C6C6C6C6
2026-09-03T21:42:42.912654Z,5632.121,13.8V,110,2243.3,79.95,151.95,265.93,28.33,102.2,00,-54.0,3.9887,3.9863,3.9928,6.5,780FB317,747474737473737373747474747574747374737373737474,381.4,100.5,38.33,13.1,110,110,110,110,0,0.48,0.02548,0.0,C5C5C5C5C5C5C6C5C5C5C5C5C6C6C6C6C5C6C6C6C6C6C6C6C6C6
2026-09-03T21:42:45.483169Z,5634.692,13.8V,109,2243.4,79.95,151.92,265.93,28.4,102.2,00,-57.65,3.974,3.9709,3.978,7.1,780FB617,747474737473737373747474747574747374737373737474,384.2,-31.45,-12.08,13.1,110,110,110,110,0,0.62,0.01911,-0.01274,C5C5C5C5C5C5C5C5C5C5C5C5C5C6C6C6C5C5C6C6C6C6C6C6C6C5
2026-09-03T21:42:48.602122Z,5637.811,13.8V,109,2243.5,79.95,151.9,265.93,28.46,102.2,00,-62.57,3.9683,3.9627,3.975,12.3,780FB117,747474737473737373747474747574747374737373737474,380.18,174.0,66.15,13.1,109,109,109,109,0,0.62,0.01911,0.01911,C5C5C5C5C5C5C5C5C5C5C5C5C5C6C6C6C5C5C6C6C6C6C5C6C6C5
2026-09-03T21:42:51.283157Z,5640.492,13.8V,106,2243.6,79.95,151.87,265.93,28.52,102.2,00,-64.41,4.0012,3.9991,4.0051,6.0,720FB817,747474737473737373747474747574747374737373737474,384.58,-42.25,-16.25,13.1,107,107,107,107,0,0.42,0.01911,-0.03823,C5C5C5C5C5C5C5C5C5C5C5C5C5C6C6C6C5C5C6C6C6C5C5C6C6C5
2026-09-03T21:42:53.804938Z,5643.013,13.8V,105,2243.6,79.95,151.88,265.31,28.58,104.0,00,-60.15,3.985,3.9826,3.989,6.4,710FB817,747474737473737373747474747574747374737373737474,378.13,265.5,100.39,13.1,104,104,104,104,0,-2.86,-0.01274,0.03186,C5C5C5C5C5C5C5C5C5C5C5C5C5C6C6C6C5C5C6C6C6C5C5C6C6C5
2026-09-03T21:42:56.275528Z,5645.484,13.8V,113,2243.7,79.95,151.79,265.31,28.58,104.0,00,-52.49,3.885,3.8779,3.8927,14.8,780F8E12,747474737473737373747474747574747374737373737474,375.14,441.6,165.66,13.0,111,111,111,112,0,-1.06,0.01274,0.10194,C5C5C5C5C5C5C5C5C5C5C5C5C5C5C5C5C5C5C5C5C5C5C5C5C6C5
2026-09-03T21:42:58.796788Z,5648.005,13.8V,112,2243.8,79.95,151.68,265.31,28.65,104.0,00,-49.52,3.9628,3.9603,3.9668,6.5,730FB417,747474737473737373747474747574747374737373737474,381.16,101.4,38.65,13.1,113,113,112,112,0,0.42,0.02548,0.0,C4C5C5C5C5C5C5C5C5C5C5C5C5C5C5C5C5C5C5C5C5C5C5C5C6C5
2026-09-03T21:43:01.354431Z,5650.563,13.8V,113,2243.9,79.95,151.64,265.31,28.71,104.0,00,-45.17,3.9432,3.9408,3.9473,6.5,780FB317,747474737473737373747474747574747374737373737474,378.35,237.6,89.9,13.1,113,113,112,112,0,1.74,0.0446,0.0446,C4C4C5C5C5C5C5C5C5C5C5C5C5C5C5C5C5C5C5C5C5C5C5C5C6C5
2026-09-03T21:43:04.572278Z,5653.781,13.8V,112,2244.0,79.95,151.56,265.31,28.77,104.0,00,-48.92,3.951,3.9485,3.955,6.5,780FB417,747474737473737373747474747574747374737373737474,381.16,112.2,42.77,13.1,113,113,113,113,0,0.42,0.02548,0.0,C4C4C5C5C5C5C5C5C5C5C5C5C5C5C5C5C5C5C5C5C5C5C5C5C6C5
2026-09-03T21:43:07.096668Z,5656.305,13.8V,111,2244.1,79.95,151.53,265.31,28.83,104.0,00,-50.77,3.9626,3.9602,3.9668,6.6,730FB717,747474737473737373747474747574747374737473737474,380.49,163.2,62.1,13.1,111,112,111,111,0,0.62,0.02548,0.01274,C4C4C5C5C5C5C5C5C5C5C5C5C5C5C5C5C5C5C5C5C5C5C5C5C6C5
2026-09-03T21:43:09.622479Z,5658.831,13.8V,109,2244.1,79.449,151.5,265.31,28.89,102.2,00,-53.3,3.9803,3.9776,3.9844,6.8,710FB817,747474737473737374747474747574747374737473737474,381.28,99.9,38.09,13.1,109,109,109,109,0,-0.79,0.00637,0.0,C4C4C5C5C5C5C5C5C5C5C5C5C5C5C5C5C5C5C5C5C5C5C5C5C6C5
2026-09-03T21:43:12.176501Z,5661.385,13.8V,109,2244.2,79.449,151.47,265.31,28.89,102.2,00,-52.22,3.969,3.9659,3.9754,9.5,710FB317,747474737473737373747474747574747374737373737474,381.58,88.5,33.77,13.1,109,109,109,109,0,0.31,0.01911,0.0,C4C4C5C5C5C5C5C5C5C5C5C5C5C5C5C5C5C5C5C5C5C5C5C5C6C5
2026-09-03T21:43:14.710239Z,5663.919,13.8V,105,2244.3,79.449,151.45,265.31,28.96,102.2,00,-49.63,3.9956,3.9936,3.9994,5.8,730FB417,747474737473737373747474747574747374737473737474,384.27,-35.65,-13.7,13.1,106,106,106,106,0,-0.42,0.01274,-0.03823,C4C4C5C5C5C5C5C5C5C5C5C5C5C5C5C5C5C5C5C5C5C5C5C5C6C5
2026-09-03T21:43:17.283179Z,5666.492,13.8V,101,2244.4,79.449,151.45,264.69,29.02,102.2,00,-45.28,3.9878,3.9858,3.9917,5.9,770FB317,747474737473737373747474747574747374737473737474,384.09,-45.85,-17.61,13.1,102,102,102,102,0,-0.24,0.01274,-0.0446,C4C4C5C5C5C5C5C5C5C5C5C5C5C5C5C5C5C5C5C5C5C5C5C5C6C5
2026-09-03T21:43:20.040727Z,5669.249,13.8V,100,2244.5,79.449,151.45,264.69,29.08,102.2,00,-43.9,3.9795,3.9768,3.9844,7.6,780FB317,747474737474737374747474747574747374737473737474,382.68,42.6,16.3,13.0,100,100,100,100,0,0.68,0.02548,-0.01274,C4C4C5C5C5C5C5C5C5C5C5C5C5C5C5C5C5C5C5C5C5C5C5C5C6C5
2026-09-03T21:43:22.604847Z,5671.813,13.8V,101,2244.5,79.449,151.43,264.69,29.08,102.2,00,-43.25,3.9725,3.9698,3.9767,6.9,710FB417,747474737474737374747474747574747374737473737474,380.48,145.5,55.36,13.1,100,100,100,100,0,-2.05,0.0,0.01911,C4C4C5C5C5C5C5C5C5C5C5C5C5C5C5C5C5C5C5C5C5C5C5C5C6C5
2026-09-03T21:43:25.221687Z,5674.43,13.8V,101,2244.6,79.449,151.4,264.69,29.14,102.2,00,-41.33,3.9861,3.9837,3.9898,6.1,750FB817,747474737473737374747474747574747374737473737474,378.96,192.0,72.76,13.1,100,100,100,100,0,0.11,0.02548,0.03186,C4C4C5C5C5C5C5C5C5C5C5C5C5C5C5C5C5C5C5C5C5C5C5C5C6C5
2026-09-03T21:43:27.794363Z,5677.003,13.8V,103,2244.7,79.449,151.34,264.69,29.2,102.2,00,-43.4,3.9913,3.9888,3.9952,6.4,750FB317,747474737474737374747474747574747374737473737474,383.63,-19.45,-7.46,13.0,103,103,103,103,0,0.04,0.00637,-0.03823,C4C4C5C5C5C5C5C5C5C5C5C5C5C5C5C5C5C5C5C5C5C5C5C5C6C5
2026-09-03T21:43:30.897311Z,5680.106,13.8V,101,2244.8,79.449,151.33,264.69,29.27,102.2,00,-43.11,3.9984,3.9963,4.0024,6.1,780FB417,747474737474737374747474747574747374737473737474,383.48,-4.45,-1.71,13.1,101,101,101,101,0,0.24,0.02548,-0.03186,C4C4C5C5C5C5C5C5C5C5C5C5C5C5C5C5C5C5C5C5C5C5C5C5C6C5
2026-09-03T21:43:34.003141Z,5683.212,13.8V,102,2244.8,79.449,151.32,264.69,29.33,102.2,00,-42.7,3.9668,3.9643,3.9705,6.2,780FB717,747474737473737374747474747574747374737473737474,382.34,57.6,22.02,13.1,102,103,102,102,0,0.11,0.02548,0.0,C4C4C5C5C5C5C5C5C5C5C5C5C5C5C5C5C5C5C5C5C5C5C5C5C6C5
2026-09-03T21:43:36.476648Z,5685.685,13.8V,104,2244.9,79.449,151.29,264.69,29.33,102.2,00,-42.76,3.9666,3.9638,3.9708,7.0,710FB417,747474737474737374747474747574747374737473737474,379.57,163.5,62.06,13.1,104,104,103,104,0,-0.11,0.01274,0.01274,C4C4C5C5C5C5C5C5C5C5C5C5C5C5C5C5C5C5C5C5C5C5C5C5C6C5
2026-09-03T21:43:38.985549Z,5688.194,13.8V,106,2245.0,79.449,151.25,264.69,29.39,102.2,00,-44.64,3.9625,3.956,3.9681,12.1,780FB317,747474737474737374747474747574747374737473737474,382.07,67.5,25.79,13.1,106,106,106,106,0,-1.43,0.00637,-0.01274,C4C4C5C5C5C5C5C5C5C5C5C5C5C5C5C5C5C5C5C5C5C5C5C5C5C5
2026-09-03T21:43:41.541424Z,5690.75,13.8V,106,2245.1,79.449,151.21,264.69,29.45,102.2,00,-45.44,3.9903,3.9875,3.9942,6.7,760FB717,747474737474737374747474747574747374737473737474,383.78,-14.05,-5.39,13.1,106,106,106,107,0,-0.68,0.00637,-0.03186,C4C4C5C5C5C5C5C4C5C5C5C5C5C5C5C5C5C5C5C5C5C5C5C5C5C5
2026-09-03T21:43:44.546310Z,5693.755,13.8V,105,2245.2,79.449,151.2,264.69,29.45,102.2,00,-43.89,3.9931,3.9907,3.9972,6.5,720FB417,747474737474737374747474747574747374737473737474,383.33,10.2,3.91,13.1,105,105,105,105,0,-0.79,0.0,-0.01911,C4C4C5C5C5C5C5C4C5C4C5C5C5C5C5C5C5C5C5C5C5C5C5C5C5C5
2026-09-03T21:43:47.043540Z,5696.252,13.8V,106,2245.2,79.449,151.19,264.69,29.52,102.2,00,-43.74,3.9715,3.969,3.976,7.0,770FB617,747474737474737374747474747574747374737473737474,380.82,148.8,56.67,13.0,106,106,105,106,0,3.61,0.05097,0.01274,C4C4C5C5C4C5C5C4C5C4C5C5C5C5C5C5C5C5C5C5C5C5C5C5C5C5
2026-09-03T21:43:49.590713Z,5698.799,13.8V,107,2245.3,79.449,151.15,264.69,29.58,102.2,00,-44.45,3.969,3.9649,3.9734,8.5,710FB717,747474737474737374747474747574747374737473737474,382.23,72.9,27.86,13.1,107,107,107,108,0,-0.37,0.00637,0.00637,C4C4C4C4C4C5C5C4C4C4C4C4C5C5C5C5C4C5C5C5C5C5C5C5C5C5
2026-09-03T21:43:52.122913Z,5701.331,13.8V,104,2245.4,79.449,151.14,264.69,29.64,102.2,00,-45.68,3.9981,3.9961,4.0019,5.8,760FB817,747474737474737374747474747574747374737473737474,384.05,-41.95,-16.11,13.1,105,105,105,105,0,0.42,0.02548,-0.03823,C4C4C4C4C4C5C5C4C4C4C4C4C5C5C5C5C4C5C5C5C5C5C5C5C5C5
2026-09-03T21:43:54.639457Z,5703.848,13.8V,101,2245.5,79.449,151.15,264.07,29.7,102.2,00,-39.48,4.0009,3.9987,4.0046,5.9,740FB817,747474737474737374747474747574747374737473737474,384.2,-42.55,-16.35,13.1,101,101,101,102,0,0.31,0.01911,-0.03823,C4C4C4C4C4C5C5C4C4C4C4C4C5C5C5C5C4C5C5C5C5C5C5C5C5C5
2026-09-03T21:43:57.213703Z,5706.422,13.8V,98,2245.5,79.449,151.16,264.07,29.7,102.2,00,-32.05,3.9855,3.9835,3.9895,6.0,720FB417,747474737474737374747474747574747374737473737474,384.39,-23.05,-8.86,13.1,99,99,99,99,0,-0.24,0.01911,-0.02548,C4C4C4C4C4C5C5C4C5C4C5C4C5C5C5C5C4C5C5C5C5C5C5C5C5C5
2026-09-03T21:44:00.047054Z,5709.255,13.8V,94,2245.6,79.449,151.16,264.07,29.76,102.2,00,-29.44,4.0023,4.0003,4.006,5.7,760FB417,747474737474737374747474747574747374737473737474,384.85,-66.55,-25.61,13.1,95,95,95,95,0,-2.75,0.0,-0.0446,C4C4C4C4C4C5C5C4C5C4C5C4C5C5C5C5C4C5C5C5C5C5C5C5C5C5
2026-09-03T21:44:02.602732Z,5711.811,13.8V,87,2245.7,79.449,151.19,264.07,29.83,102.2,00,-22.95,4.0273,4.0249,4.0314,6.5,710FB417,747574737474737374747474747574747374737473737474,387.05,-169.15,-65.47,12.9,89,89,89,89,0,-4.11,-0.01274,-0.09557,C4C4C5C5C5C5C5C4C5C4C5C5C5C5C5C5C5C5C5C5C5C5C5C5C5C5
2026-09-03T21:44:05.149439Z,5714.358,13.8V,80,2245.7,79.449,151.23,264.07,29.83,102.2,00,-18.6,4.0237,4.021,4.028,7.0,740FB817,747574747474737374747575747574747374737473737474,386.59,-130.15,-50.31,13.0,81,81,81,81,0,-1.98,0.0,-0.08283,C4C4C5C5C5C5C5C5C5C5C5C5C5C5C5C5C5C5C5C5C5C5C5C5C5C5
2026-09-03T21:44:07.694725Z,5716.903,13.8V,70,2245.8,79.449,151.27,264.07,29.89,102.2,00,-14.26,4.0289,4.0267,4.0333,6.6,750FB317,747574747474737374747475747574747374737473737474,387.54,-149.05,-57.76,12.9,72,72,73,72,0,-3.81,0.0,-0.09557,C4C4C5C5C5C5C5C5C5C5C5C5C5C5C5C5C5C5C5C5C5C5C5C5C6C5
2026-09-03T21:44:10.246718Z,5719.455,13.8V,58,2245.8,79.449,151.32,264.07,29.95,102.2,00,-9.3,4.0328,4.0304,4.0373,6.9,730FB817,747474737474737373747474747574747374737473737474,387.39,-191.05,-74.01,12.9,61,61,61,62,0,0.55,0.01911,-0.11468,C4C4C5C5C5C5C5C5C5C5C5C5C5C5C5C5C5C5C5C5C5C5C5C5C6C5
2026-09-03T21:44:12.802292Z,5722.011,13.8V,40,2245.9,79.449,151.37,264.07,29.95,102.2,00,-4.96,4.035,4.0329,4.0395,6.6,750FB117,747574747474737374747575747574747374737473737474,386.74,-140.65,-54.39,12.9,46,46,46,46,0,2.68,0.03186,-0.14017,C4C4C5C5C5C5C5C5C5C5C5C5C5C5C5C5C5C5C5C5C5C5C5C5C6C5
2026-09-03T21:44:15.937983Z,5725.146,13.8V,21,2245.9,79.449,151.42,264.07,29.95,102.2,00,-1.84,4.023,4.0209,4.0272,6.3,730FB117,747474737474737374747474747574747374737473737474,386.56,-96.25,-37.21,12.9,27,28,27,28,0,4.99,0.02548,-0.15291,C4C4C5C5C5C5C5C5C5C5C5C5C5C5C5C5C5C5C5C5C5C5C5C5C6C5
2026-09-03T21:44:19.170270Z,5728.379,13.7V,5,2245.9,79.449,151.44,264.07,30.01,102.2,00,-0.61,4.009,4.0075,4.0126,5.1,710FB417,747574737474737374747574747574747374737473737474,385.07,-0.25,-0.1,12.9,8,8,8,8,300,-1.23,0.01274,-0.10194,C4C4C5C5C5C5C5C5C5C5C5C5C5C5C5C5C5C5C5C5C5C5C5C5C6C5
2026-09-03T21:44:21.723079Z,5730.931,13.8V,0,2245.9,79.449,151.44,264.07,30.01,102.2,00,0.61,4.0029,4.0012,4.0065,5.3,760FB817,747574747474737374747575747574747374737473737474,384.39,9.9,3.81,13.1,0,0,0,0,200,-2.55,0.01911,0.01274,C4C4C5C5C5C5C5C5C5C5C5C5C5C5C5C5C5C5C5C5C5C5C5C5C6C5
2026-09-03T21:44:24.228236Z,5733.437,13.9V,0,2245.9,79.449,151.44,264.07,30.01,102.2,00,2.44,4.0022,4.0004,4.0058,5.4,710FB417,747574747474737374747575747574747374737473737474,384.05,8.1,3.11,13.1,0,0,0,0,0,-2.68,0.01911,0.03186,C4C4C5C5C5C5C5C5C5C5C5C5C5C5C5C5C5C5C5C5C5C5C5C5C6C5
2026-09-03T21:44:26.795762Z,5736.004,13.8V,3,2245.9,79.449,151.44,264.07,30.01,102.2,00,6.1,4.0008,3.9988,4.0045,5.7,710FB417,747574747474737374747475747574747374737473737474,384.05,18.3,7.03,13.0,2,2,2,2,0,-2.75,0.01911,0.07008,C4C4C5C5C5C5C5C5C5C5C5C5C5C5C5C5C5C5C5C5C5C5C5C5C6C5
2026-09-03T21:44:29.328240Z,5738.537,13.8V,5,2246.0,79.449,151.44,264.07,30.01,102.2,00,6.78,4.001,3.9994,4.0045,5.1,710FB317,747574737474737374747575757574747374737473737474,383.9,23.1,8.87,13.0,4,4,4,4,0,-2.68,0.01911,0.0446,C4C4C5C5C5C5C5C5C5C5C5C5C5C5C5C5C5C5C5C5C5C5C5C5C6C5
2026-09-03T21:44:31.834245Z,5741.043,13.8V,14,2246.0,79.449,151.43,264.07,30.01,104.0,00,6.85,3.9923,3.9906,3.9959,5.3,710FB317,747574747474737374747575747574747374737473737474,382.8,88.5,33.88,12.9,11,11,11,11,0,-2.49,0.02548,0.15928,C4C4C5C5C5C5C5C5C5C5C5C5C5C5C5C5C5C5C5C5C5C5C5C5C6C5
2026-09-03T21:44:34.415194Z,5743.624,13.8V,28,2246.0,79.449,151.4,264.07,30.01,104.0,00,6.83,3.9754,3.9735,3.9791,5.6,780FB717,747574747474737374747475747574747374737473737474,380.64,198.0,75.37,12.9,24,24,24,24,0,5.37,0.0446,0.19114,C4C4C5C5C5C5C5C5C5C5C5C5C5C5C5C5C5C5C5C5C5C5C5C5C6C5
2026-09-03T21:44:37.003729Z,5746.212,13.8V,36,2246.0,79.449,151.35,264.07,30.01,104.0,00,6.2,3.9713,3.9693,3.9758,6.5,710FB317,747574747474737374747575757574747374747473737474,382.68,95.1,36.39,13.0,35,36,36,36,0,3.17,0.02548,0.05734,C4C4C5C5C5C5C5C5C5C5C5C5C5C5C5C5C5C5C5C5C5C5C5C5C6C5
2026-09-03T21:44:39.521687Z,5748.73,13.8V,32,2246.0,79.449,151.34,264.07,30.01,104.0,00,8.07,4.0002,3.9985,4.0038,5.3,710FB317,747574747474737374747575757574747374747473737474,383.75,22.2,8.52,13.1,33,33,33,33,0,-2.62,0.01274,0.01911,C4C4C5C5C5C5C5C5C5C5C5C5C5C5C5C5C5C5C5C5C5C5C5C5C6C5
2026-09-03T21:44:42.095051Z,5751.303,13.8V,30,2246.0,79.449,151.34,264.07,30.07,104.0,00,8.76,3.9998,3.9982,4.0032,5.0,760FB317,747574747474737374747475747574747374737473737474,382.65,75.0,28.7,13.1,29,29,29,29,0,9.86,0.0446,0.07008,C4C4C5C5C5C5C5C5C5C5C5C5C5C5C5C5C5C5C5C5C5C5C5C5C6C5
2026-09-03T21:44:44.642485Z,5753.851,13.8V,29,2246.1,79.449,151.33,264.07,30.07,104.0,00,8.75,3.9958,3.9941,3.9994,5.3,710FB417,747574737474737374747574757574747374747473737474,383.93,21.3,8.18,12.9,28,30,27,30,0,127.49,0.29945,-0.00637,C4C4C5C5C5C5C5C5C5C5C5C5C5C5C5C5C5C5C5C5C5C5C5C5C6C5
2026-09-03T21:44:47.676673Z,5756.885,13.8V,32,2246.1,79.449,151.32,264.07,30.07,104.0,00,10.54,3.9848,3.9824,3.9884,6.0,710FB317,747574747474747374747575757574747374747473737474,384.09,9.3,3.57,13.0,32,33,32,33,0,59.62,0.18476,0.0,C4C4C5C5C5C5C5C5C5C5C5C5C5C5C5C5C5C5C5C5C5C5C5C5C6C5
2026-09-03T21:44:50.684817Z,5759.893,13.8V,27,2246.1,79.449,151.31,264.07,30.07,104.0,00,10.45,4.004,4.0023,4.0075,5.2,720FB817,747574747474747374747575757574747374747473737474,385.0,-40.15,-15.46,13.0,28,29,29,29,0,5.61,0.03186,-0.06371,C4C4C5C5C5C5C5C5C5C5C5C5C5C5C5C5C5C5C5C5C5C5C5C5C6C5
2026-09-03T21:44:53.221436Z,5762.43,13.8V,17,2246.1,79.449,151.33,264.07,30.07,104.0,00,11.06,4.0111,4.0092,4.015,5.8,750FB817,747574737474737374747575757574747374747473737474,385.49,-59.95,-23.11,13.0,20,20,20,20,0,4.05,0.00637,-0.14017,C4C4C5C5C5C5C5C5C5C5C5C5C5C5C5C5C5C5C5C5C5C5C5C5C6C5
2026-09-03T21:44:55.778778Z,5764.987,13.8V,5,2246.1,79.449,151.34,264.07,30.07,104.0,00,11.06,4.0044,4.0027,4.0081,5.4,710FB317,747574747474737374747575747574747374737473737474,384.39,0.0,0.0,13.0,7,7,7,7,600,2.99,0.01274,-0.10831,C4C4C5C5C5C5C5C5C5C5C5C5C5C5C5C5C5C5C5C5C5C5C5C5C6C5
2026-09-03T21:44:58.311115Z,5767.52,13.7V,0,2246.1,79.449,151.34,264.07,30.14,104.0,00,11.12,4.0006,3.999,4.0041,5.1,760FB317,747574737474737374747474747574747374737473737474,384.24,8.7,3.34,13.0,0,0,0,0,500,1.8,0.01911,-0.02548,C4C4C5C5C5C5C5C5C5C5C5C5C5C5C5C5C5C5C5C5C5C5C5C5C6C5
2026-09-03T21:45:00.870442Z,5770.079,13.8V,0,2246.1,79.449,151.34,264.07,30.14,104.0,00,9.27,4.0004,3.9987,4.004,5.3,760FB717,747574747474737374747575757574747374747473737474,384.09,7.5,2.88,13.0,0,0,0,0,400,1.06,0.01911,-0.00637,C4C4C5C5C5C5C5C5C5C5C5C5C5C5C5C5C5C5C5C5C5C5C5C5C6C5
2026-09-03T21:45:03.711294Z,5772.92,13.8V,0,2246.1,79.449,151.34,264.07,30.14,102.2,00,6.76,4.0005,3.9988,4.0041,5.3,750FB317,747574747474737374747575757574747374747473737474,384.24,7.5,2.88,13.0,0,0,0,0,500,1.06,0.01911,0.0,C4C4C5C5C5C5C5C5C5C5C5C5C5C5C5C5C5C5C5C5C5C5C5C5C6C5
2026-09-03T21:45:06.677689Z,5775.886,13.8V,0,2246.1,79.449,151.34,264.07,30.14,102.2,00,4.27,4.0005,3.9989,4.0041,5.2,710FB817,747574747474737374747575757574747374747473737474,384.39,7.2,2.77,13.1,0,0,0,0,500,0.99,0.01911,0.0,C4C4C5C5C5C5C5C5C5C5C5C5C5C5C5C5C5C5C5C5C5C5C5C5C6C5
2026-09-03T21:45:09.250255Z,5778.459,13.8V,0,2246.1,79.449,151.34,264.07,30.14,102.2,00,1.22,4.0004,3.9988,4.004,5.2,780FB417,747574747474737374747575757574747374747473737474,384.39,7.2,2.77,13.1,0,0,0,0,500,0.99,0.01911,0.0,C4C4C5C5C5C5C5C5C5C5C5C5C5C5C5C5C5C5C5C5C5C5C5C5C6C5
2026-09-03T21:45:11.810171Z,5781.019,13.8V,0,2246.1,79.449,151.34,264.07,30.14,102.2,00,-1.83,4.0006,3.999,4.0041,5.1,710FB317,747574747474737374747575757574747374747473737474,383.9,8.1,3.11,13.1,0,0,0,0,600,0.92,0.01911,0.0,C4C4C5C5C5C5C5C5C5C5C5C5C5C5C5C5C5C5C5C5C5C5C5C5C6C5
2026-09-03T21:45:14.356593Z,5783.565,13.8V,0,2246.1,79.449,151.34,264.07,30.14,102.2,00,-4.93,4.0006,3.9987,4.0041,5.4,730FB417,747574747474737374747575757574747374747473737474,384.39,9.0,3.46,13.0,0,0,0,0,100,0.79,0.01911,0.01911,C4C4C5C5C5C5C5C5C5C5C5C5C5C5C5C5C5C5C5C5C5C5C5C5C6C5
2026-09-03T21:45:16.891088Z,5786.099,13.8V,4,2246.1,79.449,151.33,264.07,30.14,102.2,00,-6.86,3.9996,3.998,4.003,5.0,760FB317,747574737474737374747575757574747374747473737474,384.24,14.7,5.65,13.0,3,3,3,3,0,0.18,0.01911,0.02548,C4C4C5C5C5C5C5C5C5C5C5C5C5C5C5C5C5C5C5C5C5C5C5C5C6C5
2026-09-03T21:45:19.533820Z,5788.742,13.8V,20,2246.1,79.449,151.32,264.07,30.14,102.2,00,-7.47,3.985,3.9832,3.9888,5.6,780FB717,747574747474737374747575757574747374747473737474,381.73,146.7,56.0,13.0,15,15,15,15,0,-3.37,0.01911,0.19751,C4C4C5C5C5C5C5C5C5C5C5C5C5C5C5C5C5C5C5C5C5C5C5C5C6C5
2026-09-03T21:45:22.228895Z,5791.437,13.8V,37,2246.2,79.449,151.28,264.07,30.14,102.2,00,-9.93,3.964,3.9613,3.9686,7.3,710FB717,747574747474737374747475747574747374737473737474,379.99,208.5,79.23,13.0,33,33,33,33,0,-0.92,0.0446,0.14654,C4C4C5C5C5C5C5C5C5C5C5C5C5C5C5C5C5C5C5C5C5C5C5C5C5C5
2026-09-03T21:45:24.766139Z,5793.975,13.8V,48,2246.2,79.449,151.22,264.07,30.14,102.2,00,-13.66,3.9581,3.9554,3.9623,6.9,780FB417,747574737474737374747475747574747374737473737474,380.97,147.6,56.23,13.0,46,46,46,46,0,-7.3,0.00637,0.07645,C4C4C4C4C4C5C5C4C5C4C5C4C5C5C5C5C4C5C5C5C5C5C5C5C5C5
2026-09-03T21:45:27.328035Z,5796.536,13.8V,51,2246.2,79.449,151.19,264.07,30.14,102.2,00,-15.52,3.9873,3.9855,3.9908,5.3,740FB717,747574747474747474747575757574747374747473737474,383.63,15.9,6.1,13.1,50,50,50,50,0,4.69,0.03823,0.0,C4C4C4C4C4C5C5C4C4C4C4C4C5C5C5C5C4C5C5C5C5C5C5C5C5C5
2026-09-03T21:45:29.906950Z,5799.115,13.8V,50,2246.2,79.449,151.19,264.07,30.2,102.2,00,-14.88,4.0031,4.0012,4.007,5.8,710FB417,747574747474747474747575757574747374747473737474,383.75,4.8,1.84,13.1,49,49,50,50,0,1.23,0.03186,-0.02548,C4C4C4C4C4C5C5C4C4C4C4C4C5C5C5C5C4C5C5C5C5C5C5C5C5C5
2026-09-03T21:45:32.475152Z,5801.684,13.8V,55,2246.3,79.449,151.17,264.07,30.2,102.2,00,-14.26,3.9721,3.97,3.976,6.0,780FB717,747574747474747374747575757574747374747473737474,382.04,96.6,36.91,13.0,54,54,54,54,0,3.92,0.02548,0.05097,C4C4C4C4C4C5C5C4C4C4C4C4C5C5C5C5C4C5C5C5C5C5C5C5C5C5
2026-09-03T21:45:35.202280Z,5804.411,13.8V,59,2246.4,79.449,151.14,264.07,30.26,102.2,00,-12.99,3.9755,3.9733,3.9798,6.5,720FB317,747574747474747374747575757574747374747473737474,382.23,81.0,30.96,13.0,58,58,58,58,0,-1.12,0.0,0.03186,C4C4C4C4C4C4C5C4C4C4C4C4C5C5C5C5C4C5C5C5C5C5C5C5C5C5
2026-09-03T21:45:38.594243Z,5807.803,13.8V,59,2246.4,79.449,151.11,264.07,30.26,102.2,00,-14.02,3.989,3.9871,3.9926,5.5,710FB317,747574747474747374747575757574747374747473737474,382.95,40.5,15.51,13.0,59,58,59,59,0,-2.75,0.0,0.0,C4C4C4C4C4C4C4C4C4C4C4C4C4C5C5C5C4C5C5C5C5C5C5C5C5C5
2026-09-03T21:45:41.289289Z,5810.498,13.8V,58,2246.4,79.449,151.09,264.07,30.26,102.2,00,-15.2,3.9945,3.9929,3.998,5.1,710FB317,747574747474747474747575757574747374747473737474,383.9,-2.95,-1.13,13.2,58,59,58,59,0,2.11,0.01274,-0.00637,C4C4C4C4C4C4C4C4C4C4C4C4C4C5C5C5C4C5C5C5C5C5C5C5C5C5
2026-09-03T21:45:43.807343Z,5813.016,13.8V,48,2246.5,79.449,151.1,264.07,30.32,102.2,00,-13.99,4.0224,4.0204,4.0264,6.0,760FB117,747574747474737474747575757574747374747473737474,388.76,-241.15,-93.75,13.0,52,52,52,52,0,-0.24,0.01274,-0.17202,C4C4C4C4C4C4C4C4C4C4C4C4C4C5C5C5C4C5C5C5C5C5C5C5C5C5
2026-09-03T21:45:46.360322Z,5815.569,13.8V,28,2246.5,79.449,151.16,264.07,30.32,102.2,00,-9.82,4.0359,4.0332,4.042,8.8,760FB117,747574747474747474747575757574747374747473737474,387.54,-185.35,-71.83,13.0,33,33,33,33,100,-9.24,-0.01274,-0.24211,C4C4C4C4C4C5C5C4C4C4C4C4C5C5C5C5C4C5C5C5C5C5C5C5C5C5
2026-09-03T21:45:48.909910Z,5818.118,13.8V,18,2246.5,79.449,151.2,264.07,30.39,102.2,00,-6.8,4.005,4.0034,4.0088,5.4,760FB817,747574747474747474747575757574747374747474737474,383.9,19.5,7.49,13.0,20,17,19,17,0,-217.93,-0.17839,0.01274,C4C4C4C4C4C5C5C4C5C4C4C4C5C5C5C5C4C5C5C5C5C5C5C5C5C5
2026-09-03T21:45:51.474953Z,5820.683,13.8V,31,2246.5,79.449,151.19,264.07,30.39,102.2,00,-8.65,3.9734,3.9715,3.9773,5.8,710FB717,747574747474747474747575757574747374747473737474,380.03,199.2,75.7,13.0,27,27,27,27,0,-12.74,0.0,0.19751,C4C4C4C4C4C5C5C4C4C4C4C4C5C5C5C5C4C5C5C5C5C5C5C5C5C5
2026-09-03T21:45:54.395683Z,5823.604,13.8V,42,2246.6,79.449,151.13,264.07,30.39,102.2,00,-12.9,3.962,3.9583,3.9669,8.6,780FB717,747574747474747474747575757574747374747473737474,380.3,168.9,64.23,13.0,40,40,40,40,0,-0.04,0.01274,0.10831,C4C4C4C4C4C4C4C4C4C4C4C4C4C5C5C5C4C5C5C5C5C5C5C5C5C5
2026-09-03T21:45:56.950986Z,5826.159,13.8V,46,2246.6,79.449,151.08,264.07,30.39,102.2,00,-15.96,3.9784,3.9756,3.9822,6.6,780FB317,747574747474747474747575757574747374747473737474,381.92,108.6,41.48,13.0,45,45,45,45,0,-1.74,0.00637,0.05734,C4C4C4C4C4C4C4C4C4C4C4C4C4C5C5C5C4C5C5C5C5C5C5C5C5C4
2026-09-03T21:45:59.459473Z,5828.668,13.8V,49,2246.6,79.449,151.06,264.07,30.39,100.4,00,-17.2,3.9833,3.9813,3.9868,5.5,710FB717,747574747474747474747575757574747374747473737474,382.53,62.1,23.76,13.1,48,49,49,48,0,-1.36,0.01274,0.02548,C4C4C4C4C4C4C4C4C4C4C4C4C4C5C5C5C4C4C5C5C5C5C4C5C5C4
2026-09-03T21:46:01.957982Z,5831.166,13.8V,49,2246.7,79.449,151.04,264.07,30.45,100.4,00,-18.54,3.9958,3.9942,3.9994,5.2,720FB717,747574747474747474747575757574747374747473737474,383.78,18.9,7.25,13.1,49,49,49,49,0,-1.12,0.00637,0.0,C4C4C4C4C4C4C4C4C4C4C4C4C4C4C5C5C4C4C5C5C5C5C4C5C5C4
2026-09-03T21:46:04.495522Z,5833.704,13.8V,49,2246.7,79.449,151.04,264.07,30.45,100.4,00,-18.68,3.9906,3.9889,3.9943,5.4,760FB317,747574747474747474747575757574747374747473737474,383.48,31.8,12.19,13.1,49,49,49,48,0,-0.31,0.00637,0.01274,C4C4C4C4C4C4C4C4C4C4C4C4C4C4C5C5C4C4C5C5C5C4C4C5C5C4
2026-09-03T21:46:07.031836Z,5836.24,13.8V,48,2246.7,79.449,151.03,264.07,30.45,100.4,00,-19.31,3.9952,3.9935,3.9987,5.2,720FB317,747574747474747474747575757574747374747473737474,383.75,7.5,2.88,13.0,48,48,48,48,0,0.04,0.01911,-0.00637,C4C4C4C4C4C4C4C4C4C4C4C4C4C4C5C5C4C4C5C5C5C4C4C5C5C4
