utc,elapsed_s,volts,speed_kph,odometer_km,soc_pct,energy_kwh,range_mi,dist_since_chg_mi,temp_f,charger_5401_raw,power_kw,cell_avg_v,cell_min_v,cell_max_v,cell_spread_mv,cell_extra_raw,array_2af1,regen_field_raw,thermal_energy_raw,thermal_distance_raw,compressor_temp_raw,evse_current_raw,group_v1_raw,group_v2_raw,group_v3_raw,hv_temp_raw,batt_temp_a_raw,batt_temp_b_raw,coolant_1_raw,coolant_2_raw,pack_v,pack_a,hv_power_kw,dmc2_v,wheel_fl_kph,wheel_fr_kph,wheel_rl_kph,wheel_rr_kph,brake_kpa,steering_deg,lateral_g,longitudinal_g,array_2b43
2026-09-03T23:30:26.385899Z,0.0,13.8V,0,2256.7,76.446,146.3,255.37,36.66,102.2,00,,3.9783,3.977,3.9815,4.5,720FB317,757575757575757575757676767675757575757575757575,000000,000140,000044,71,0064,0383,1396,1396,46,00EA,01A2,0393,032E,381.96,1.2,0.46,13.1,0,0,0,0,0,-33.42,0.0,0.0,BEBEBFBFBFBFBFBFBFBFBFBFBFBFBFBFBEBFBFBFBFBFBFBFBFBF
2026-09-03T23:30:34.909297Z,8.524,13.9V,0,2256.7,76.446,146.3,255.37,36.66,102.2,00,0.0,3.9783,3.977,3.9814,4.4,720FB317,757575757575757575757676767675757575757575757575,000000,000140,000044,71,0064,0383,1396,1391,46,00EA,01A2,0393,032E,381.7,1.5,0.57,13.1,0,0,0,0,0,-33.42,0.0,-0.00637,BEBEBFBFBFBFBFBFBFBFBFBFBFBFBFBFBEBFBFBFBFBFBFBFBFBF
2026-09-03T23:30:43.557599Z,17.172,13.9V,0,2256.7,76.446,146.3,255.37,36.66,102.2,00,0.0,3.9783,3.977,3.9814,4.4,710FB317,757575757575757575757676767675757575757575757575,000000,000140,000044,71,0064,0383,1396,1396,46,00EA,01A2,0393,032E,381.66,1.5,0.57,13.1,0,0,0,0,0,-33.42,0.0,-0.00637,BEBEBFBFBFBFBFBFBFBFBFBFBFBFBFBFBEBFBFBFBFBFBFBFBFBF
2026-09-03T23:30:52.992155Z,26.606,13.9V,0,2256.7,76.446,146.3,255.37,36.66,102.2,00,0.0,3.9783,3.977,3.9814,4.4,730FB317,757575757575757575757676767675757575757575757575,000000,000140,000044,71,0064,0383,1391,1391,46,00EA,01A2,0393,032E,381.85,1.2,0.46,13.1,0,0,0,0,0,-33.42,0.0,-0.00637,BEBEBFBFBFBFBFBFBFBFBFBFBFBFBFBFBEBFBFBFBFBFBFBFBFBF
2026-09-03T23:31:01.844733Z,35.459,13.9V,0,2256.7,76.446,146.29,255.37,36.66,102.2,00,-1.02,3.9783,3.977,3.9814,4.4,710FB317,757575757575757575757676767675757575757575757575,000000,000140,000044,71,0064,0383,1396,1396,46,00EA,01A2,0393,032E,381.85,1.5,0.57,13.1,0,0,0,0,0,-33.42,0.0,-0.00637,BEBEBFBFBFBFBFBFBFBFBFBFBFBFBFBFBEBFBFBFBFBFBFBFBFBF
2026-09-03T23:31:08.884002Z,42.498,13.9V,0,2256.7,76.446,146.29,255.37,36.66,102.2,00,-0.85,3.9783,3.9769,3.9814,4.5,760FB317,757575757575757575757676767675757575757575757575,000000,000140,000044,71,0064,037E,1391,1391,46,00EA,01A2,0393,032E,382.07,1.5,0.57,13.1,0,0,0,0,0,-33.42,0.0,-0.00637,BEBEBFBFBFBFBFBFBFBFBFBFBFBFBFBFBEBFBFBFBFBFBFBFBFBF
2026-09-03T23:31:15.798981Z,49.413,13.9V,0,2256.7,76.446,146.29,255.37,36.66,102.2,00,-0.73,3.9783,3.977,3.9814,4.4,710FB317,757575757575757575757676767675757575757575757575,000000,000140,000044,71,0064,037E,139A,1396,46,00EA,01A2,0393,032E,381.85,1.5,0.57,13.1,0,0,0,0,0,-33.42,0.0,-0.00637,BEBEBFBFBFBFBFBFBFBFBFBFBFBFBFBFBEBFBFBFBFBFBFBFBFBF
2026-09-03T23:31:22.289314Z,55.904,13.9V,0,2256.7,76.446,146.29,255.37,36.66,102.2,00,-0.64,3.9783,3.977,3.9814,4.4,720FB317,757575757575757575757676767675757575757575757575,000000,000140,000044,71,0064,037E,1396,1396,46,00EA,01A2,0393,032E,382.0,1.5,0.57,13.1,0,0,0,0,0,-33.42,0.0,-0.00637,BEBEBFBFBFBFBFBFBFBFBFBFBFBFBFBFBEBFBFBFBFBFBFBFBFBF
2026-09-03T23:31:30.376532Z,63.991,13.9V,0,2256.7,76.446,146.29,255.37,36.66,102.2,00,-0.65,3.9783,3.9769,3.9813,4.4,730FB317,757575757575757575757676767675757575757575757575,000000,000140,000044,71,0064,037E,1396,1396,46,00EA,01A2,0393,032E,382.15,1.5,0.57,13.1,0,0,0,0,0,-33.42,0.0,-0.00637,BEBEBFBFBFBFBFBFBFBFBFBFBFBFBFBFBEBFBFBFBFBFBFBFBFBF
2026-09-03T23:31:38.707826Z,72.322,13.8V,0,2256.7,76.446,146.28,255.37,36.66,102.2,00,-1.31,3.9783,3.977,3.9814,4.4,710FB317,757575757575757575757676767675757575757575757575,000000,000140,000044,71,0064,037E,139A,1391,46,00EA,01A2,0393,032E,382.15,1.5,0.57,13.1,0,0,0,0,0,-33.42,0.0,-0.00637,BEBEBFBFBFBFBFBFBFBFBFBFBFBFBFBFBEBFBFBFBFBFBFBFBFBF
2026-09-03T23:31:47.639436Z,81.254,13.9V,0,2256.7,76.446,146.28,255.37,36.66,102.2,00,-1.32,3.9783,3.9769,3.9814,4.5,730FB317,757575757575757575757676767675757575757575757575,000000,000140,000044,71,0064,037E,1396,1391,46,00EA,01A2,0393,032E,381.66,1.2,0.46,13.1,0,0,0,0,0,-33.42,0.0,0.0,BEBEBFBFBFBFBFBFBFBFBFBFBFBFBFBFBEBFBFBFBFBFBFBFBFBF
2026-09-03T23:31:54.931999Z,88.546,13.9V,0,2256.7,76.446,146.28,255.37,36.66,102.2,00,-0.68,3.9783,3.9769,3.9813,4.4,730FB317,757575757575757575757676767675757575757575757575,000000,000140,000044,71,0064,037E,1391,1391,46,00EA,01A2,0393,032E,382.0,1.5,0.57,13.1,0,0,0,0,0,-33.42,0.0,-0.00637,BEBEBFBFBFBFBFBFBFBFBFBFBFBFBFBFBEBFBFBFBFBFBFBFBFBF
2026-09-03T23:32:03.546185Z,97.16,13.8V,0,2256.7,76.446,146.28,255.37,36.66,102.2,00,-0.66,3.9783,3.9769,3.9814,4.5,730FB317,757575757575757575757676767675757575757575757575,000000,000140,000044,71,0064,037E,1396,1391,46,00EA,01A2,0393,032E,382.18,1.5,0.57,13.1,0,0,0,0,0,-33.42,0.0,-0.00637,BEBEBFBFBFBFBFBFBFBFBFBFBFBFBFBFBEBFBFBFBFBFBFBFBFBF
2026-09-03T23:32:11.532759Z,105.147,13.9V,0,2256.7,76.446,146.28,255.37,36.66,102.2,00,-0.65,3.9783,3.9769,3.9814,4.5,730FB317,757575757575757575757676767675757575757575757575,000000,000140,000044,71,0064,0379,1391,1391,46,00EA,01A2,0393,032E,382.0,1.5,0.57,13.1,0,0,0,0,0,-33.42,0.0,-0.00637,BEBEBFBFBFBFBFBFBFBFBFBFBFBFBFBFBEBFBFBFBFBFBFBFBFBF
2026-09-03T23:32:19.870054Z,113.484,13.9V,0,2256.7,76.446,146.27,255.37,36.66,102.2,00,-1.25,3.9783,3.9769,3.9813,4.4,730FB317,757575757575757575757676767675757575757575757575,000000,000140,000044,71,0064,0379,1396,1391,46,00EA,01A2,0393,032E,382.0,1.2,0.46,13.1,0,0,0,0,0,-33.42,0.0,-0.00637,BEBEBFBFBFBFBFBFBFBFBFBFBFBFBFBFBEBFBFBFBFBFBFBFBFBF
2026-09-03T23:32:28.380771Z,121.995,13.9V,0,2256.7,76.446,146.27,255.37,36.66,102.2,00,-1.24,3.9783,3.9769,3.9814,4.5,730FB317,757575757575757575757676767675757575757575757575,000000,000140,000044,71,0064,0379,139A,1391,46,00EA,01A2,0393,032E,382.03,1.5,0.57,13.1,0,0,0,0,0,-33.42,0.0,-0.00637,BEBEBFBFBFBFBFBFBFBFBFBFBFBFBFBFBEBFBFBFBFBFBFBFBFBF
2026-09-03T23:32:35.432747Z,129.047,13.8V,0,2256.7,76.446,146.27,255.37,36.66,102.2,00,-0.63,3.9782,3.9769,3.9813,4.4,730FB317,757575757575757575757676767675757575757575757575,000000,000140,000044,71,0064,0379,139A,1396,46,00EA,01A2,0393,032E,381.85,1.2,0.46,13.1,0,0,0,0,0,-33.42,0.0,-0.00637,BEBEBFBFBFBFBFBFBFBFBFBFBFBFBFBFBEBFBFBFBFBFBFBFBFBF
2026-09-03T23:32:43.873450Z,137.488,13.9V,0,2256.7,76.446,146.27,255.37,36.66,102.2,00,-0.64,3.9782,3.9769,3.9813,4.4,720FB317,757575757575757575757676767675757575757575757575,000000,000140,000044,71,0064,0379,1396,1396,46,00EA,01A2,0393,032E,382.0,1.5,0.57,13.1,0,0,0,0,0,-33.42,0.0,0.0,BEBEBFBFBFBFBFBFBFBFBFBFBFBFBFBFBEBFBFBFBFBFBFBFBFBF
2026-09-03T23:32:51.973420Z,145.588,13.8V,0,2256.7,76.446,146.27,255.37,36.66,102.2,00,-0.63,3.9782,3.9769,3.9813,4.4,720FB317,757575757575757575757676767675757575757575757575,000000,000140,000044,71,0064,0379,1396,1396,46,00EA,01A2,0393,032E,382.0,1.5,0.57,13.1,0,0,0,0,0,-33.42,0.0,-0.00637,BEBEBFBFBFBFBFBFBFBFBFBFBFBFBFBFBEBFBFBFBFBFBFBFBFBF
2026-09-03T23:32:58.980402Z,152.595,13.8V,0,2256.7,76.446,146.26,255.37,36.66,102.2,00,-1.3,3.9782,3.9769,3.9813,4.4,710FB317,757575757575757575757676767675757575757575757575,000000,000140,000044,71,0064,0379,1396,1396,46,00EA,01A2,0393,032E,382.0,1.5,0.57,13.1,0,0,0,0,0,-33.42,0.0,-0.00637,BEBEBFBFBFBFBFBFBFBFBFBFBFBFBFBFBEBFBFBFBFBFBFBFBFBF
2026-09-03T23:33:07.473713Z,161.088,13.9V,0,2256.7,76.446,146.26,255.37,36.66,102.2,00,-1.29,3.9782,3.9769,3.9813,4.4,710FB317,757575757575757575757676767675757575757575757575,000000,000140,000044,71,0064,0379,1391,1391,46,00EA,01A2,0393,032E,381.85,1.5,0.57,13.1,0,0,0,0,0,-33.42,0.0,-0.00637,BEBEBFBFBFBFBFBFBFBEBFBFBFBFBFBFBEBFBFBFBFBFBFBFBFBF
2026-09-03T23:33:16.586048Z,170.2,13.8V,0,2256.7,76.446,146.26,255.37,36.66,102.2,00,-0.63,3.9782,3.9768,3.9813,4.5,760FB317,757575757575757575757676767675757575757575757575,000000,000140,000044,71,0064,0379,1391,1396,46,00EA,01A2,0393,032E,382.0,1.5,0.57,13.1,0,0,0,0,0,-33.42,0.0,-0.00637,BEBEBFBFBFBFBFBFBFBEBFBFBFBFBFBFBEBFBFBFBFBFBFBFBFBF
2026-09-03T23:33:23.973156Z,177.588,13.8V,0,2256.7,76.446,146.26,255.37,36.66,102.2,00,-0.65,3.9782,3.9769,3.9813,4.4,720FB317,757575757575757575757676767675757575757575757575,000000,000140,000044,71,0064,0374,1391,1391,46,00EA,01A2,0393,032E,381.85,1.5,0.57,13.1,0,0,0,0,0,-33.42,0.0,-0.00637,BEBEBFBFBFBFBFBFBFBEBFBFBFBFBFBFBEBFBFBFBFBFBFBFBFBF
2026-09-03T23:33:31.595998Z,185.21,13.9V,0,2256.7,76.446,146.26,255.37,36.66,102.2,00,-0.64,3.9782,3.9769,3.9813,4.4,710FB317,757575757575757575757676767675757575757575757575,000000,000140,000044,71,0064,0374,1396,1391,46,00EA,01A2,0393,032E,381.85,1.5,0.57,13.1,0,0,0,0,0,-33.42,0.0,-0.00637,BEBEBFBFBEBFBFBFBFBEBFBFBFBFBFBFBEBFBFBFBFBFBFBFBFBF
2026-09-03T23:33:39.352983Z,192.967,13.8V,0,2256.7,76.446,146.25,255.37,36.66,102.2,00,-1.3,3.9782,3.9769,3.9813,4.4,710FB317,757575757575757575757676767675757575757575757575,000000,000140,000044,71,0064,0374,1396,1396,46,00EA,01A2,0393,032E,382.18,1.2,0.46,13.1,0,0,0,0,0,-33.42,0.0,-0.00637,BEBEBFBFBEBFBFBFBFBEBFBFBFBFBFBFBEBFBFBFBFBFBFBFBFBF
2026-09-03T23:33:46.920774Z,200.535,13.9V,0,2256.7,76.446,146.25,255.37,36.66,102.2,00,-1.31,3.9782,3.9768,3.9812,4.4,730FB317,757575757575757575757676767675757575757575757575,000000,000140,000044,71,0064,0374,1391,1396,46,00EA,01A2,0393,032E,382.0,1.5,0.57,13.1,0,0,0,0,0,-33.42,0.0,0.0,BEBEBFBFBEBFBFBFBFBEBFBFBFBFBFBFBEBFBFBFBFBFBFBFBFBF
2026-09-03T23:33:55.073514Z,208.688,13.9V,0,2256.7,76.446,146.25,255.37,36.66,102.2,00,-0.64,3.9782,3.9768,3.9812,4.4,730FB317,757575757575757575757676767675757575757575757575,000000,000140,000044,71,0064,0374,1396,139A,46,00EA,01A2,0393,032E,381.81,1.5,0.57,13.1,0,0,0,0,0,-33.42,0.0,-0.00637,BEBEBFBFBEBFBFBEBFBEBFBEBFBFBFBFBEBFBFBFBFBFBFBFBFBF
2026-09-03T23:34:04.008647Z,217.623,13.8V,0,2256.7,76.446,146.25,255.37,36.66,102.2,00,-0.64,3.9782,3.9768,3.9813,4.5,730FB317,757575757575757575757676767675757575757575757575,000000,000140,000044,70,0064,0374,1391,1391,46,00EA,01A2,0393,032E,382.15,1.2,0.46,13.1,0,0,0,0,0,-33.42,0.0,-0.00637,BEBEBEBFBEBFBFBEBFBEBFBEBFBFBFBFBEBFBFBFBFBFBFBFBFBF
2026-09-03T23:34:12.388397Z,226.003,13.9V,0,2256.7,76.446,146.25,255.37,36.66,102.2,00,-0.65,3.9782,3.9768,3.9813,4.5,760FB317,757575757575757575757676767675757575757575757575,000000,000140,000044,70,0064,0374,1391,1391,46,00EA,01A2,0393,032E,382.15,1.2,0.46,13.1,0,0,0,0,0,-33.42,0.0,-0.00637,BEBEBEBEBEBFBFBEBFBEBFBEBFBFBFBFBEBFBFBFBFBFBFBFBFBF
2026-09-03T23:34:20.102047Z,233.716,13.9V,0,2256.7,76.446,146.24,255.37,36.66,102.2,00,-1.28,3.9782,3.9768,3.9813,4.5,760FB317,757575757575757575757676767675757575757575757575,000000,000140,000044,70,0064,0374,139A,139A,46,00EA,01A2,0393,032E,381.85,1.5,0.57,13.1,0,0,0,0,0,-33.42,0.0,-0.00637,BEBEBEBEBEBFBFBEBFBEBFBEBFBFBFBFBEBFBFBFBFBFBFBFBFBF
2026-09-03T23:34:27.705332Z,241.32,13.8V,0,2256.7,76.446,146.24,255.37,36.66,102.2,00,-1.28,3.9781,3.9768,3.9812,4.4,720FB317,757575757575757575757676767675757575757575757575,000000,000140,000044,70,0064,0374,1396,1396,46,00EA,01A2,0393,032E,382.15,1.5,0.57,13.1,0,0,0,0,0,-33.42,0.0,0.0,BEBEBEBEBEBFBFBEBFBEBFBEBFBFBFBFBEBFBFBFBFBFBFBFBFBF
2026-09-03T23:34:35.532490Z,249.147,13.9V,0,2256.7,76.446,146.24,255.37,36.66,102.2,00,-0.64,3.9782,3.9768,3.9813,4.5,720FB317,757575757575757575757676767675757575757575757575,000000,000140,000044,70,0064,0374,1396,1396,46,00EA,01A2,0393,032E,382.03,1.5,0.57,13.1,0,0,0,0,0,-33.42,0.0,-0.00637,BEBEBEBEBEBFBFBEBFBEBFBEBFBFBFBFBEBFBFBFBFBFBFBFBFBF
2026-09-03T23:34:43.829659Z,257.444,13.9V,0,2256.7,76.446,146.24,255.37,36.66,102.2,00,-0.63,3.9781,3.9768,3.9812,4.4,730FB317,757575757575757575757676767675757575757575757575,000000,000140,000044,70,0064,0374,1391,1391,46,00EA,01A2,0393,032E,382.0,1.5,0.57,13.1,0,0,0,0,0,-33.42,0.0,-0.00637,BEBEBEBEBEBFBFBEBFBEBFBEBFBFBFBFBEBFBFBFBFBFBFBFBFBF
2026-09-03T23:34:52.456645Z,266.071,13.9V,0,2256.7,76.446,146.24,255.37,36.66,102.2,00,-0.63,3.9781,3.9767,3.9812,4.5,760FB317,757575757575757575757676767675757575757575757575,000000,000140,000044,70,0064,0374,1396,1396,46,00EA,01A2,0393,032E,381.85,1.2,0.46,13.1,0,0,0,0,0,-33.42,0.0,-0.00637,BEBEBEBEBEBFBFBEBFBEBFBEBFBFBFBFBEBFBFBFBFBFBFBFBFBF
2026-09-03T23:35:00.519288Z,274.134,13.9V,0,2256.7,76.446,146.23,255.37,36.66,102.2,00,-1.27,3.9781,3.9768,3.9812,4.4,730FB317,757575757575757575757676767675757575757575757575,000000,000140,000044,70,0064,0374,1391,1396,46,00EA,01A2,0393,032E,381.81,1.8,0.69,13.1,0,0,0,0,0,-33.42,0.0,-0.00637,BEBEBEBEBEBFBFBEBFBEBFBEBFBFBFBFBEBFBFBFBFBFBFBFBFBF
2026-09-03T23:35:08.455783Z,282.07,13.9V,0,2256.7,76.446,146.23,255.37,36.66,102.2,00,-1.28,3.9781,3.9767,3.9812,4.5,760FB317,757575757575757575757676767675757575757575757575,000000,000140,000044,70,0064,0374,1396,1396,46,00EA,01A2,0393,032E,381.85,1.5,0.57,13.1,0,0,0,0,0,-33.42,0.0,-0.00637,BEBEBEBEBEBFBFBEBFBEBFBEBFBFBFBFBEBFBFBFBFBFBFBFBFBF
2026-09-03T23:35:17.075229Z,290.69,13.9V,0,2256.7,76.446,146.23,255.37,36.66,102.2,00,-0.63,3.9781,3.9768,3.9812,4.4,710FB317,757575757575757575757676767675757575757575757575,000000,000140,000044,70,0064,0374,1396,1396,46,00EA,01A2,0393,032E,382.0,1.5,0.57,13.1,0,0,0,0,0,-33.42,0.0,-0.00637,BEBEBEBEBEBFBFBEBFBEBFBEBFBFBFBFBEBFBFBFBFBFBFBFBFBF
2026-09-03T23:35:25.332476Z,298.947,13.8V,0,2256.7,76.446,146.23,255.37,36.66,102.2,00,-0.62,3.9781,3.9768,3.9812,4.4,710FB317,757575757575757575757676767675757575757575757575,000000,000140,000044,70,0064,0374,1396,1391,46,00EA,01A2,0393,032E,382.18,1.5,0.57,13.1,0,0,0,0,0,-33.42,0.0,-0.00637,BEBEBEBEBEBFBFBEBFBEBEBEBFBFBFBFBEBFBFBFBFBFBFBFBFBF
2026-09-03T23:35:33.890082Z,307.504,13.9V,0,2256.7,76.446,146.23,255.37,36.66,102.2,00,-0.62,3.9781,3.9767,3.9812,4.5,730FB317,757575757575757575757676767675757575757575757575,000000,000140,000044,70,0064,0374,1396,1391,46,00EA,01A2,0393,032E,382.0,1.5,0.57,13.1,0,0,0,0,0,-33.42,0.0,-0.00637,BEBEBEBEBEBFBFBEBFBEBEBEBFBFBFBFBEBFBFBFBFBFBFBFBFBF
2026-09-03T23:35:42.639334Z,316.254,13.8V,0,2256.7,76.446,146.22,255.37,36.66,102.2,00,-1.22,3.9781,3.9767,3.9812,4.5,760FB317,757575757575757575757676767675757575757575757575,000000,000140,000044,70,0064,0374,1391,1391,46,00EA,01A2,0393,032E,381.85,1.5,0.57,13.1,0,0,0,0,0,-33.42,0.0,-0.00637,BEBEBEBEBEBFBFBEBFBEBEBEBFBFBFBFBEBFBFBFBFBFBFBFBFBF
2026-09-03T23:35:51.143674Z,324.758,13.9V,0,2256.7,76.446,146.22,255.37,36.66,102.2,00,-1.23,3.9781,3.9767,3.9811,4.4,760FB317,757575757575757575757676767675757575757575757575,000000,000140,000044,70,0064,036E,1396,1396,46,00EA,01A2,0393,032E,381.85,1.5,0.57,13.1,0,0,0,0,0,-33.42,0.0,-0.00637,BEBEBEBEBEBFBFBEBFBEBEBEBFBFBFBFBEBFBFBFBFBFBFBFBFBF
2026-09-03T23:35:59.897530Z,333.512,13.9V,0,2256.7,76.446,146.22,255.37,36.66,102.2,00,-0.61,3.9781,3.9767,3.9812,4.5,730FB317,757575757575757575757676767675757575757575757575,000000,000140,000044,70,0064,036E,139A,1391,46,00EA,01A2,0393,032E,381.81,1.5,0.57,13.1,0,0,0,0,0,-33.42,0.0,-0.00637,BEBEBEBEBEBFBFBEBFBEBEBEBFBFBFBFBEBFBFBFBFBFBFBFBFBF
2026-09-03T23:36:08.442838Z,342.057,13.8V,0,2256.7,76.446,146.22,255.37,36.66,102.2,00,-0.6,3.9781,3.9767,3.9812,4.5,730FB317,757575757575757575757676767675757575757575757575,000000,000140,000044,70,0064,036E,1391,1391,46,00EA,01A2,0393,032E,382.18,1.5,0.57,13.1,0,0,0,0,0,-33.42,0.0,-0.00637,BEBEBEBEBEBFBFBEBFBEBEBEBFBFBFBFBEBFBFBFBFBFBFBFBFBF
2026-09-03T23:36:16.113428Z,349.728,13.9V,0,2256.7,76.446,146.22,255.37,36.66,102.2,00,-0.61,3.9781,3.9767,3.9811,4.4,730FB317,757575757575757575757676767675757575757575757575,000000,000140,000044,70,0064,036E,1391,1391,46,00EA,01A2,0393,032E,382.03,1.5,0.57,13.1,0,0,0,0,0,-33.42,0.0,-0.00637,BEBEBEBEBEBFBFBEBFBEBEBEBFBFBFBFBEBFBFBFBFBFBFBFBFBF
2026-09-03T23:36:23.881028Z,357.495,13.9V,0,2256.7,76.446,146.21,255.37,36.66,102.2,00,-1.23,3.9781,3.9767,3.9811,4.4,730FB317,757575757575757575757676767675757575757575757575,000000,000140,000044,70,0064,036E,1396,1391,46,00EA,01A2,0393,032E,382.03,1.5,0.57,13.1,0,0,0,0,0,-33.42,0.0,-0.00637,BEBEBEBEBEBFBFBEBFBEBEBEBFBFBFBFBEBFBFBFBFBFBFBFBFBF
2026-09-03T23:36:30.890760Z,364.505,13.9V,0,2256.7,76.446,146.21,255.37,36.66,102.2,00,-1.26,3.9781,3.9767,3.9812,4.5,730FB317,757575757575757575757676767675757575757575757575,000000,000140,000044,70,0064,036E,1391,1391,46,00EA,01A2,0393,032E,382.0,1.5,0.57,13.1,0,0,0,0,0,-33.42,0.0,-0.00637,BEBEBEBEBEBFBFBEBFBEBEBEBFBFBFBFBEBFBFBFBFBFBFBFBFBF
2026-09-03T23:36:37.250060Z,370.864,13.8V,0,2256.7,76.446,146.21,255.37,36.66,102.2,00,-0.66,3.978,3.9767,3.9811,4.4,730FB317,757575757575757575757676767675757575757575757575,000000,000140,000044,70,0064,036E,1391,1391,46,00EA,01A2,0393,032E,382.03,1.5,0.57,13.1,0,0,0,0,0,-33.42,0.0,-0.00637,BEBEBEBEBEBFBFBEBFBEBEBEBFBFBFBFBEBFBFBFBFBFBFBFBFBF
2026-09-03T23:36:43.630584Z,377.245,13.9V,0,2256.7,76.446,146.21,255.37,36.66,102.2,00,-0.69,3.978,3.9767,3.9811,4.4,730FB317,757575757575757575757676767675757575757575757575,000000,000140,000044,70,0064,036E,1391,1391,46,00EA,01A2,0393,032E,382.0,1.5,0.57,13.1,0,0,0,0,0,-33.42,0.0,-0.00637,BEBEBEBEBEBFBFBEBFBEBEBEBFBFBFBFBEBFBFBFBFBFBFBFBFBF
2026-09-03T23:36:50.506045Z,384.12,13.9V,0,2256.7,76.446,146.21,255.37,36.66,102.2,00,-0.61,3.978,3.9767,3.9811,4.4,730FB317,757575757575757575757676767675757575757575757575,000000,000140,000044,70,0064,036E,1396,1396,46,00EA,01A2,0393,032E,382.0,1.2,0.46,13.1,0,0,0,0,0,-33.42,0.0,-0.00637,BEBEBEBEBEBFBFBEBFBEBEBEBFBFBFBFBEBFBFBFBFBFBFBFBFBF
2026-09-03T23:36:56.474328Z,390.089,13.9V,0,2256.7,76.446,146.21,255.37,36.66,102.2,00,-0.64,3.978,3.9767,3.9811,4.4,730FB317,757575757575757575757676767675757575757575757575,000000,000140,000044,70,0064,036E,1396,1396,46,00EA,01A2,0393,032E,382.0,1.5,0.57,13.1,0,0,0,0,0,-33.42,0.0,-0.00637,BEBEBEBEBEBFBFBEBFBEBEBEBFBFBFBFBEBFBFBFBFBFBFBFBFBF
2026-09-03T23:37:03.846954Z,397.461,13.9V,0,2256.7,76.446,146.2,255.37,36.66,102.2,00,-1.3,3.978,3.9767,3.9811,4.4,730FB317,757575757575757575757676767675757575757575757575,000000,000140,000044,70,0064,036E,1391,1391,46,00EA,01A2,0393,032E,382.18,1.2,0.46,13.1,0,0,0,0,0,-33.42,0.0,-0.00637,BEBEBEBEBEBFBFBEBFBEBEBEBFBFBFBFBEBFBFBFBFBFBFBFBFBF
2026-09-03T23:37:11.780271Z,405.395,13.9V,0,2256.7,76.446,146.2,255.37,36.66,102.2,00,-1.29,3.978,3.9767,3.9811,4.4,730FB317,757575757575757575757676767675757575757575757575,000000,000140,000044,70,0064,036E,1396,1396,46,00EA,01A2,0393,032E,382.0,1.5,0.57,13.1,0,0,0,0,0,-33.42,0.0,-0.00637,BEBEBEBEBEBFBFBEBEBEBEBEBFBFBFBFBEBFBFBFBFBFBFBFBFBF
2026-09-03T23:37:19.492347Z,413.107,13.9V,0,2256.7,76.446,146.2,255.37,36.66,102.2,00,-0.65,3.978,3.9767,3.9811,4.4,710FB317,757575757575757575757676767675757575757575757575,000000,000140,000044,70,0064,036E,1391,1391,46,00EA,01A2,0393,032E,381.7,1.5,0.57,13.1,0,0,0,0,0,-33.42,0.0,-0.00637,BEBEBEBEBEBFBFBEBEBEBEBEBFBFBFBFBEBFBFBFBFBFBFBFBFBF
2026-09-03T23:37:27.157463Z,420.772,13.8V,0,2256.7,76.446,146.2,255.37,36.66,102.2,00,-0.64,3.978,3.9766,3.9811,4.5,730FB317,757575757575757575757676767675757575757575757575,000000,000140,000044,70,0064,036E,1396,1391,46,00EA,01A2,038E,032E,382.0,1.5,0.57,13.1,0,0,0,0,0,-33.42,0.0,-0.00637,BEBEBEBEBEBFBFBEBEBEBEBEBFBFBFBFBEBFBFBFBFBFBFBFBFBF
2026-09-03T23:37:34.893106Z,428.507,13.9V,0,2256.7,76.446,146.19,255.37,36.66,102.2,00,-1.25,3.978,3.9766,3.9811,4.5,730FB317,757575757575757575757676767675757575757575757575,000000,000140,000044,70,0064,036E,1396,1396,46,00EA,01A2,038E,032E,382.03,1.5,0.57,13.1,0,0,0,0,0,-33.42,0.0,-0.00637,BEBEBEBEBEBFBFBEBEBEBEBEBFBFBFBFBEBFBFBFBFBFBFBFBFBF
2026-09-03T23:37:42.610160Z,436.224,13.9V,0,2256.7,76.446,146.19,255.37,36.66,102.2,00,-1.22,3.978,3.9767,3.9811,4.4,710FB317,757575757575757575757676767675757575757575757575,000000,000140,000044,70,0064,036E,1391,1391,46,00EA,01A2,038E,032E,381.88,1.5,0.57,13.1,0,0,0,0,0,-33.42,0.0,-0.00637,BEBEBEBEBEBFBFBEBEBEBEBEBFBFBFBFBEBFBFBFBFBFBFBFBFBF
2026-09-03T23:37:50.732882Z,444.347,13.9V,0,2256.7,76.446,146.19,255.37,36.66,102.2,00,-1.33,3.978,3.9766,3.9811,4.5,730FB317,757575757575757575757676767675757575757575757575,000000,000140,000044,70,0064,036E,1391,1391,46,00EA,01A2,038E,032E,382.03,1.5,0.57,13.1,0,0,0,0,0,-33.42,0.0,-0.00637,BEBEBEBEBEBFBFBEBEBEBEBEBFBFBFBFBEBFBFBFBFBFBFBFBFBF
2026-09-03T23:37:58.682683Z,452.297,13.9V,0,2256.7,76.446,146.19,255.37,36.66,102.2,00,-0.66,3.978,3.9766,3.981,4.4,780FB317,757575757575757575757676767675757575757575757575,000000,000140,000044,70,0064,036E,1396,1391,46,00EA,01A2,038E,032E,381.85,1.5,0.57,13.1,0,0,0,0,0,-33.42,0.0,-0.00637,BEBEBEBEBEBFBFBEBEBEBEBEBFBFBFBFBEBFBFBFBFBFBFBFBFBF
2026-09-03T23:38:06.413654Z,460.028,13.9V,0,2256.7,76.446,146.18,255.37,36.66,102.2,00,-1.32,3.978,3.9767,3.9811,4.4,710FB317,757575757575757575757676767675757575757575757575,000000,000140,000044,70,0064,036E,1391,1391,46,00EA,01A2,038E,032E,381.66,1.5,0.57,13.1,0,0,0,0,0,-33.42,0.0,-0.00637,BEBEBEBEBEBFBFBEBEBEBEBEBFBFBFBFBEBFBFBFBFBFBFBFBFBF
2026-09-03T23:38:14.783811Z,468.398,13.9V,0,2256.7,76.446,146.18,255.37,36.66,102.2,00,-1.3,3.978,3.9766,3.9811,4.5,730FB317,757575757575757575757676767675757575757575757575,000000,000140,000044,70,0064,036E,1396,1396,46,00EA,01A2,038E,032E,382.03,1.5,0.57,13.1,0,0,0,0,0,-33.42,0.0,-0.00637,BEBEBEBEBEBFBFBEBEBEBEBEBFBFBFBFBEBFBFBFBFBFBFBFBFBF
2026-09-03T23:38:22.717723Z,476.332,13.9V,0,2256.7,76.446,146.18,255.37,36.66,102.2,00,-1.3,3.978,3.9766,3.981,4.4,730FB317,757575757575757575757676767675757575757575757575,000000,000140,000044,70,0064,036E,1396,1396,46,00EA,01A2,038E,032E,381.85,1.5,0.57,13.1,0,0,0,0,0,-33.42,0.0,-0.00637,BEBEBEBEBEBFBFBEBEBEBEBEBFBFBFBFBEBFBFBFBFBFBFBFBFBF
2026-09-03T23:38:30.158777Z,483.773,13.9V,0,2256.7,76.446,146.18,255.37,36.66,102.2,00,-0.65,3.978,3.9766,3.981,4.4,730FB317,757575757575757575757676767675757575757575757575,000000,000140,000044,70,0064,036E,1391,1391,46,00EA,01A2,038E,032E,382.0,1.5,0.57,13.1,0,0,0,0,0,-33.42,0.0,0.0,BEBEBEBEBEBEBFBEBEBEBEBEBFBFBFBFBEBFBFBFBFBFBFBFBFBF
2026-09-03T23:38:38.299269Z,491.914,13.9V,0,2256.7,76.446,146.18,255.37,36.66,102.2,00,-0.65,3.978,3.9766,3.9809,4.3,730FB317,757575757575757575757676767675757575757575757575,000000,000140,000044,70,0064,036E,1391,1396,46,00EA,01A2,038E,032E,381.66,1.2,0.46,13.1,0,0,0,0,0,-33.42,0.0,0.0,BEBEBEBEBEBEBFBEBEBEBEBEBFBFBFBFBEBFBFBFBFBFBFBFBFBF
2026-09-03T23:38:45.902240Z,499.517,13.9V,0,2256.7,76.446,146.17,255.37,36.66,102.2,00,-1.31,3.9779,3.9766,3.981,4.4,710FB317,757575757575757575757676767675757575757575757575,000000,000140,000044,70,0064,036E,1396,1396,46,00EA,01A2,038E,032E,381.85,1.5,0.57,13.1,0,0,0,0,0,-33.42,0.0,-0.00637,BEBEBEBEBEBEBFBEBEBEBEBEBFBFBFBFBEBFBFBFBFBFBFBFBFBF
2026-09-03T23:38:54.159068Z,507.773,13.9V,0,2256.7,76.446,146.17,255.37,36.66,102.2,00,-1.3,3.9779,3.9766,3.981,4.4,730FB317,757575757575757575757676767675757575757575757575,000000,000140,000044,70,0064,036E,1396,1396,46,00EA,01A2,038E,032E,382.18,1.5,0.57,13.1,0,0,0,0,0,-33.42,0.0,-0.00637,BEBEBEBEBEBEBFBEBEBEBEBEBFBFBFBFBEBFBFBFBFBFBFBFBFBF
2026-09-03T23:39:01.359844Z,514.974,13.9V,0,2256.7,76.446,146.17,255.37,36.66,102.2,00,-0.66,3.9779,3.9766,3.981,4.4,730FB317,757575757575757575757676767675757575757575757575,000000,000140,000044,70,0064,036E,1396,1391,46,00EA,01A2,038E,032E,382.0,1.5,0.57,13.1,0,0,0,0,0,-33.42,0.0,-0.00637,BEBEBEBEBEBEBFBEBEBEBEBEBFBFBFBFBEBFBFBFBFBFBFBFBFBF
2026-09-03T23:39:10.114025Z,523.728,13.9V,0,2256.7,76.446,146.17,255.37,36.66,102.2,00,-0.65,3.9779,3.9766,3.981,4.4,730FB317,757575757575757575757676767675757575757575757575,000000,000140,000044,70,0064,036E,1391,1391,46,00EA,01A2,038E,032E,381.85,1.5,0.57,13.1,0,0,0,0,0,-33.42,0.0,-0.00637,BEBEBEBEBEBEBFBEBEBEBEBEBEBFBFBFBEBFBFBFBFBFBFBFBFBF
2026-09-03T23:39:18.226214Z,531.841,13.9V,0,2256.7,76.446,146.17,255.37,36.66,102.2,00,-0.65,3.9779,3.9765,3.981,4.5,730FB317,757575757575757575757676767675757575757575757575,000000,000140,000044,70,0064,036E,1396,1396,46,00EA,01A2,038E,032E,382.0,1.5,0.57,13.1,0,0,0,0,0,-33.42,0.0,-0.00637,BEBEBEBEBEBEBFBEBEBEBEBEBEBFBFBFBEBFBFBFBFBFBFBFBFBF
2026-09-03T23:39:25.866990Z,539.481,13.9V,0,2256.7,76.446,146.16,255.37,36.66,102.2,00,-1.29,3.9779,3.9765,3.981,4.5,730FB317,757575757575757575757676767675757575757575757575,000000,000140,000044,70,0064,036E,1391,1391,46,00EA,01A2,038E,032E,381.85,1.2,0.46,13.1,0,0,0,0,0,-33.42,0.0,-0.00637,BEBEBEBEBEBEBFBEBEBEBEBEBEBFBFBFBEBFBFBFBFBFBFBFBFBF
2026-09-03T23:39:33.478780Z,547.093,13.9V,0,2256.7,76.446,146.16,255.37,36.66,102.2,00,-1.3,3.9779,3.9765,3.981,4.5,760FB317,757575757575757575757676767675757575757575757575,000000,000140,000044,70,0064,036E,1391,1396,46,00EA,01A2,038E,032E,382.0,1.5,0.57,13.1,0,0,0,0,0,-33.42,0.0,-0.00637,BEBEBEBEBEBEBFBEBEBEBEBEBEBFBFBFBEBFBFBFBFBFBFBFBFBF
2026-09-03T23:39:42.354270Z,555.969,13.9V,0,2256.7,76.446,146.16,255.37,36.66,102.2,00,-0.64,3.9779,3.9766,3.981,4.4,710FB317,757575757575757575757676767675757575757575757575,000000,000140,000044,70,0064,036E,1391,1391,46,00EA,01A2,038E,032E,382.03,1.5,0.57,13.1,0,0,0,0,0,-33.42,0.0,-0.00637,BEBEBEBEBEBEBFBEBEBEBEBEBEBFBFBFBEBFBFBFBFBFBFBFBFBF
2026-09-03T23:39:50.691841Z,564.306,13.8V,0,2256.7,76.446,146.16,255.37,36.66,102.2,00,-0.64,3.9779,3.9765,3.981,4.5,760FB317,757575757575757575757676767675757575757575757575,000000,000140,000044,70,0064,036E,1396,1396,46,00EA,01A2,038E,032E,382.0,1.5,0.57,13.1,0,0,0,0,0,-33.42,0.0,-0.00637,BEBEBEBEBEBEBFBEBEBEBEBEBEBFBFBFBEBFBFBFBFBFBFBFBFBF
2026-09-03T23:39:57.929700Z,571.544,13.8V,0,2256.7,76.446,146.15,255.37,36.66,102.2,00,-1.27,3.9779,3.9765,3.981,4.5,760FB317,757575757575757575757676767675757575757575757575,000000,000140,000044,70,0064,036E,1391,138C,46,00EA,01A2,038E,032E,382.0,1.5,0.57,13.1,0,0,0,0,0,-33.42,0.0,-0.00637,BEBEBEBEBEBEBFBEBEBEBEBEBEBFBFBFBEBFBFBFBFBFBFBFBFBF
2026-09-03T23:40:05.373021Z,578.987,13.9V,0,2256.7,76.446,146.15,255.37,36.66,102.2,00,-1.3,3.9779,3.9765,3.981,4.5,730FB317,757575757575757575757676767675757575757575757575,000000,000140,000044,70,0064,036E,1396,1396,46,00EA,01A2,038E,032E,381.85,1.2,0.46,13.1,0,0,0,0,0,-33.42,0.0,-0.00637,BEBEBEBEBEBEBFBEBEBEBEBEBEBFBFBFBEBFBFBFBFBFBFBFBFBE
2026-09-03T23:40:13.457116Z,587.071,13.9V,0,2256.7,76.446,146.15,255.37,36.66,102.2,00,-1.3,3.9779,3.9766,3.9809,4.3,710FB317,757575757575757575757676767675757575757575757575,000000,000140,000044,70,0064,036E,1396,1391,46,00EA,01A2,038E,032E,381.85,1.5,0.57,13.1,0,0,0,0,0,-33.42,0.0,-0.00637,BEBEBEBEBEBEBFBEBEBEBEBEBEBFBFBFBEBFBFBFBFBFBFBFBFBE
2026-09-03T23:40:21.164387Z,594.779,13.9V,0,2256.7,76.446,146.15,255.37,36.66,102.2,00,-0.65,3.9779,3.9765,3.981,4.5,730FB317,757575757575757575757676767675757575757575757575,000000,000140,000044,70,0064,036E,1396,1391,46,00EA,01A2,038E,032E,382.03,1.2,0.46,13.1,0,0,0,0,0,-33.42,0.0,-0.00637,BEBEBEBEBEBEBEBEBEBEBEBEBEBFBFBFBEBFBFBFBFBFBFBFBFBE
2026-09-03T23:40:28.979265Z,602.594,13.9V,0,2256.7,76.446,146.15,255.37,36.66,102.2,00,-0.65,3.9779,3.9765,3.9809,4.4,730FB317,757575757575757575757676767675757575757575757575,000000,000140,000044,70,0064,036E,1391,1396,46,00EA,01A2,038E,032E,381.85,1.5,0.57,13.1,0,0,0,0,0,-33.42,0.0,0.0,BEBEBEBEBEBEBEBEBEBEBEBEBEBFBFBFBEBFBFBFBFBFBFBFBFBE
2026-09-03T23:40:37.547997Z,611.162,13.9V,0,2256.7,76.446,146.14,255.37,36.66,102.2,00,-1.3,3.9778,3.9765,3.9809,4.4,730FB317,757575757575757575757676767675757575757575757575,000000,000140,000044,70,0064,036E,1396,1391,46,00EA,01A2,038E,032E,382.03,1.5,0.57,13.1,0,0,0,0,0,-33.42,0.0,-0.00637,BEBEBEBEBEBEBEBEBEBEBEBEBEBFBFBFBEBFBFBFBFBFBFBFBFBE
2026-09-03T23:40:46.035614Z,619.65,13.9V,0,2256.7,76.446,146.14,255.37,36.66,102.2,00,-1.3,3.9778,3.9765,3.9809,4.4,730FB317,757575757575757575757676767675757575757575757575,000000,000140,000044,70,0064,036E,1396,1396,46,00EA,01A2,038E,032E,381.85,1.5,0.57,13.1,0,0,0,0,0,-33.42,0.0,-0.00637,BEBEBEBEBEBEBEBEBEBEBEBEBEBFBFBFBEBFBFBFBFBFBFBFBFBE
2026-09-03T23:40:54.449611Z,628.064,13.9V,0,2256.7,76.446,146.14,255.37,36.66,102.2,00,-0.64,3.9778,3.9765,3.9809,4.4,720FB317,757575757575757575757676767675757575757575757575,000000,000140,000044,70,0064,036E,1396,1396,46,00EA,01A2,038E,032E,381.7,1.2,0.46,13.1,0,0,0,0,0,-33.42,0.0,-0.00637,BEBEBEBEBEBEBEBEBEBEBEBEBEBFBFBFBEBFBFBFBFBFBFBFBFBE
2026-09-03T23:41:03.750527Z,637.365,13.9V,0,2256.7,76.446,146.14,255.37,36.66,102.2,00,-0.62,3.9778,3.9764,3.981,4.6,760FB317,757575757575757575757676767675757575757575757575,000000,000140,000044,70,0064,036E,1391,1391,46,00EA,01A2,038E,032E,382.0,1.5,0.57,13.1,0,0,0,0,0,-33.42,0.0,-0.00637,BEBEBEBEBEBEBEBEBEBEBEBEBEBFBFBFBEBFBFBFBFBFBFBFBFBE
2026-09-03T23:41:10.041509Z,643.656,13.9V,0,2256.7,76.446,146.13,255.37,36.66,102.2,00,-1.27,3.9778,3.9765,3.981,4.5,730FB317,757575757575757575757676767675757575757575757575,000000,000140,000044,70,0064,036E,1391,1391,46,00EA,01A2,038E,032E,382.07,1.5,0.57,13.1,0,0,0,0,0,-33.42,0.0,-0.00637,BEBEBEBEBEBEBEBEBEBEBEBEBEBFBFBFBEBFBFBFBFBFBFBFBFBE
2026-09-03T23:41:17.354810Z,650.969,13.9V,0,2256.7,76.446,146.13,255.37,36.66,102.2,00,-1.28,3.9778,3.9765,3.9809,4.4,720FB317,757575757575757575757676767675757575757575757575,000000,000140,000044,70,0064,036E,1391,1391,46,00EA,01A2,038E,032E,381.85,1.5,0.57,13.1,0,0,0,0,0,-33.42,0.0,-0.00637,BEBEBEBEBEBEBEBEBEBEBEBEBEBFBFBFBEBFBFBFBFBFBFBFBFBE
2026-09-03T23:41:23.708750Z,657.323,13.9V,0,2256.7,76.446,146.13,255.37,36.66,102.2,00,-1.32,3.9778,3.9765,3.9809,4.4,720FB317,757575757575757575757676767675757575757575757575,000000,000140,000044,70,0064,036E,1391,1396,46,00EA,01A2,038E,032E,382.18,1.5,0.57,13.1,0,0,0,0,0,-33.42,0.0,-0.00637,BEBEBEBEBEBEBEBEBEBEBEBEBEBFBFBFBEBFBFBFBFBFBFBFBFBE
2026-09-03T23:41:30.422973Z,664.037,13.9V,0,2256.7,76.446,146.13,255.37,36.66,102.2,00,-0.68,3.9778,3.9764,3.9809,4.5,760FB317,757575757575757575757676767675757575757575757575,000000,000140,000044,70,0064,036E,1396,138C,46,00EA,01A2,038E,032E,381.85,1.5,0.57,13.1,0,0,0,0,0,-33.42,0.0,-0.00637,BEBEBEBEBEBEBEBEBEBEBEBEBEBFBFBFBEBFBFBFBFBFBFBFBFBE
2026-09-03T23:41:38.281227Z,671.896,13.9V,0,2256.7,76.446,146.13,255.37,36.66,102.2,00,-0.69,3.9778,3.9765,3.9809,4.4,710FB317,757575757575757575757676767675757575757575757575,000000,000140,000044,70,0064,036E,1391,138C,46,00EA,01A2,038E,032E,382.18,1.5,0.57,13.1,0,0,0,0,0,-33.42,0.0,-0.00637,BEBEBEBEBEBEBEBEBEBEBEBEBEBFBFBFBEBFBFBFBFBFBEBFBFBE
2026-09-03T23:41:47.530171Z,681.145,13.9V,0,2256.7,76.446,146.12,255.37,36.66,102.2,00,-1.36,3.9778,3.9765,3.9809,4.4,730FB317,757575757575757575757676767675757575757575757575,000000,000140,000044,70,0064,036E,1391,1396,46,00EA,01A2,038E,032E,381.85,1.2,0.46,13.1,0,0,0,0,0,-33.42,0.0,-0.00637,BEBEBEBEBEBEBEBEBEBEBEBEBEBFBFBFBEBFBFBFBFBFBEBFBFBE
2026-09-03T23:41:54.909963Z,688.524,13.9V,0,2256.7,76.446,146.12,255.37,36.66,102.2,00,-1.41,3.9778,3.9764,3.9809,4.5,760FB317,757575757575757575757676767675757575757575757575,000000,000140,000044,70,0064,036E,1391,1391,46,00EA,01A2,038E,032E,382.03,1.5,0.57,13.1,0,0,0,0,0,-33.42,0.0,-0.00637,BEBEBEBEBEBEBEBEBEBEBEBEBEBFBFBFBEBFBFBFBFBFBEBFBFBE
2026-09-03T23:42:02.709318Z,696.324,13.9V,0,2256.7,76.446,146.12,255.37,36.66,102.2,00,-1.22,3.9778,3.9765,3.9808,4.3,730FB317,757575757575757575757676767675757575757575757575,000000,000140,000044,70,0064,036E,1391,1391,46,00EA,01A2,038E,032E,381.85,1.2,0.46,13.1,0,0,0,0,0,-33.42,0.0,-0.00637,BEBEBEBEBEBEBEBEBEBEBEBEBEBFBFBFBEBFBFBFBFBFBEBFBFBE
2026-09-03T23:42:11.167528Z,704.782,13.9V,0,2256.7,76.446,146.12,255.37,36.66,102.2,00,-0.67,3.9778,3.9765,3.9809,4.4,720FB317,757575757575757575757676767675757575757575757575,000000,000140,000044,70,0064,036E,1396,1391,46,00EA,01A2,038E,032E,382.03,1.5,0.57,13.1,0,0,0,0,0,-33.42,0.0,-0.00637,BEBEBEBEBEBEBEBEBEBEBEBEBEBFBFBFBEBFBFBFBFBFBEBFBFBE
2026-09-03T23:42:19.597687Z,713.212,13.9V,0,2256.7,76.446,146.12,255.37,36.66,104.0,00,-0.64,3.9778,3.9764,3.9808,4.4,730FB317,757575757575757575757676767675757575757575757575,000000,000140,000044,70,0064,036E,1391,1396,46,00EA,01A2,038E,032E,382.03,1.2,0.46,13.1,0,0,0,0,0,-33.42,0.0,0.0,BEBEBEBEBEBEBEBEBEBEBEBEBEBFBFBFBEBFBFBFBFBFBEBFBFBE
2026-09-03T23:42:28.327241Z,721.942,13.9V,0,2256.7,76.446,146.11,255.37,36.66,104.0,00,-1.24,3.9778,3.9764,3.9809,4.5,760FB317,757575757575757575757676767675757575757575757575,000000,000140,000044,70,0064,036E,1391,1396,46,00EA,01A2,038E,032E,382.0,1.5,0.57,13.1,0,0,0,0,0,-33.42,0.0,-0.00637,BEBEBEBEBEBEBEBEBEBEBEBEBEBFBFBFBEBFBFBFBFBFBEBFBFBE
2026-09-03T23:42:37.199542Z,730.814,13.9V,0,2256.7,76.446,146.11,255.37,36.66,104.0,00,-1.22,3.9778,3.9764,3.9809,4.5,730FB317,757575757575757575757676767675757575757575757575,000000,000140,000044,70,0064,036E,1396,1396,46,00EA,01A2,038E,032E,382.03,1.5,0.57,13.1,0,0,0,0,0,-33.42,0.0,-0.00637,BEBEBEBEBEBEBEBEBEBEBEBEBEBFBFBFBEBFBFBFBFBFBEBFBFBE
2026-09-03T23:42:44.831710Z,738.446,13.9V,0,2256.7,76.446,146.11,255.37,36.66,104.0,00,-0.63,3.9778,3.9764,3.9808,4.4,730FB317,757575757575757575757676767675757575757575757575,000000,000140,000044,70,0064,036E,1396,1391,46,00EA,01A2,038E,032E,381.7,1.2,0.46,13.1,0,0,0,0,0,-33.42,0.0,-0.00637,BEBEBEBEBEBEBEBEBEBEBEBEBEBFBFBFBEBFBFBFBFBFBEBFBFBE
2026-09-03T23:42:52.502112Z,746.116,13.9V,0,2256.7,76.446,146.11,255.37,36.66,104.0,00,-0.63,3.9778,3.9764,3.9808,4.4,730FB317,757575757575757575757676767675757575757575757575,000000,000140,000044,70,0064,036E,139A,1391,46,00EA,01A2,038E,032E,381.85,1.5,0.57,13.1,0,0,0,0,0,-33.42,0.0,-0.00637,BEBEBEBEBEBEBEBEBEBEBEBEBEBFBFBFBEBFBFBFBFBFBEBFBFBE
2026-09-03T23:43:01.491198Z,755.106,13.9V,0,2256.7,76.446,146.1,255.37,36.66,104.0,00,-1.22,3.9777,3.9764,3.9808,4.4,730FB317,757575757575757575757676767675757575757575757575,000000,000140,000044,70,0064,036E,1391,1391,46,00EA,01A2,038E,032E,382.03,1.5,0.57,13.1,0,0,0,0,0,-33.42,0.0,-0.00637,BEBEBEBEBEBEBEBEBEBEBEBEBEBFBFBFBEBFBFBFBFBFBEBFBFBE
2026-09-03T23:43:09.356135Z,762.97,13.9V,0,2256.7,76.446,146.1,255.37,36.66,104.0,00,-1.24,3.9777,3.9764,3.9809,4.5,720FB317,757575757575757575757676767675757575757575757575,000000,000140,000044,70,0064,036E,1391,1396,46,00EA,01A2,038E,032E,381.85,1.5,0.57,13.1,0,0,0,0,0,-33.42,0.0,0.0,BEBEBEBEBEBEBEBEBEBEBEBEBEBFBFBFBEBFBFBFBFBFBEBFBFBE
2026-09-03T23:43:18.403537Z,772.018,13.9V,0,2256.7,76.446,146.1,255.37,36.66,104.0,00,-1.22,3.9777,3.9763,3.9808,4.5,760FB317,757575757575757575757676767675757575757575757575,000000,000140,000044,70,0064,036E,1391,1391,46,00EA,01A2,038E,032E,381.85,1.2,0.46,13.1,0,0,0,0,0,-33.42,0.0,-0.00637,BEBEBEBEBEBEBEBEBEBEBEBEBEBFBFBFBEBEBFBFBFBFBEBFBFBE
2026-09-03T23:43:26.107255Z,779.722,13.9V,0,2256.7,76.446,146.1,255.37,36.66,104.0,00,-0.62,3.9777,3.9764,3.9808,4.4,730FB317,757575757575757575757676767675757575757575757575,000000,000140,000044,70,0064,036E,1391,1391,46,00EA,01A2,038E,032E,382.18,1.5,0.57,13.1,0,0,0,0,0,-33.42,0.0,-0.00637,BEBEBEBEBEBEBEBEBEBEBEBEBEBFBFBFBEBEBFBFBFBFBEBFBFBE
2026-09-03T23:43:33.908164Z,787.522,13.9V,0,2256.7,76.446,146.1,255.37,36.66,104.0,00,-0.63,3.9777,3.9764,3.9808,4.4,730FB317,757575757575757575757676767675757575757575757575,000000,000140,000044,70,0064,036E,1396,1391,46,00EA,01A2,038E,032E,381.85,1.2,0.46,13.1,0,0,0,0,0,-33.42,0.0,-0.00637,BEBEBEBEBEBEBEBEBEBEBEBEBEBFBFBFBEBEBFBFBFBFBEBFBFBE
2026-09-03T23:43:42.820910Z,796.435,13.9V,0,2256.7,76.446,146.09,255.37,36.66,104.0,00,-1.24,3.9777,3.9764,3.9808,4.4,730FB317,757575757575757575757676767675757575757575757575,000000,000140,000044,70,0064,036E,1391,1391,46,00EA,01A2,038E,032E,382.0,1.2,0.46,13.1,0,0,0,0,0,-33.42,0.0,-0.00637,BEBEBEBEBEBEBEBEBEBEBEBEBEBFBFBFBEBEBFBFBFBFBEBFBFBE
2026-09-03T23:43:50.638441Z,804.253,13.9V,0,2256.7,76.446,146.09,255.37,36.66,104.0,00,-1.24,3.9777,3.9764,3.9808,4.4,720FB317,757575757575757575757676767675757575757575757575,000000,000140,000044,70,0064,036E,1396,1396,46,00EA,01A2,038E,032E,381.85,1.2,0.46,13.1,0,0,0,0,0,-33.42,0.0,-0.00637,BEBEBEBEBEBEBEBEBEBEBEBEBEBFBFBFBEBEBEBFBFBFBEBFBFBE
2026-09-03T23:43:58.893251Z,812.508,13.9V,0,2256.7,76.446,146.09,255.37,36.66,104.0,00,-0.63,3.9777,3.9764,3.9807,4.3,730FB317,757575757575757575757676767675757575757575757575,000000,000140,000044,70,0064,036E,1391,1396,46,00EA,01A2,038E,032E,382.18,1.5,0.57,13.1,0,0,0,0,0,-33.42,0.0,-0.00637,BEBEBEBEBEBEBEBEBEBEBEBEBEBFBFBFBEBEBEBFBFBFBEBFBFBE
2026-09-03T23:44:06.307827Z,819.922,13.9V,0,2256.7,76.446,146.09,255.37,36.66,104.0,00,-0.63,3.9777,3.9763,3.9808,4.5,760FB317,757575757575757575757676767675757575757575757575,000000,000140,000044,70,0064,036E,1396,1391,46,00EA,01A2,038E,032E,382.18,1.5,0.57,13.1,0,0,0,0,0,-33.42,0.0,-0.00637,BEBEBEBEBEBEBEBEBEBEBEBEBEBFBFBFBEBEBEBFBFBFBEBFBFBE
2026-09-03T23:44:14.109521Z,827.724,13.9V,0,2256.7,76.446,146.09,255.37,36.66,104.0,00,-0.65,3.9777,3.9764,3.9808,4.4,720FB317,757575757575757575757676767675757575757575757575,000000,000140,000044,70,0064,036E,1391,1396,46,00EA,01A2,038E,032E,381.85,1.5,0.57,13.1,0,0,0,0,0,-33.42,0.0,-0.00637,BEBEBEBEBEBEBEBEBEBEBEBEBEBFBFBFBEBEBEBFBFBFBEBFBFBE
2026-09-03T23:44:21.422203Z,835.036,13.7V,0,2256.7,76.446,146.08,255.37,36.66,104.0,00,-1.3,3.9777,3.9763,3.9808,4.5,760FB317,757575757575757575757676767675757575757575757575,000000,000140,000044,70,0064,036E,1396,1391,46,00EA,01A2,038E,032E,382.18,1.5,0.57,13.1,0,0,0,0,0,-33.42,0.0,-0.00637,BEBEBEBEBEBEBEBEBEBEBEBEBEBEBFBFBEBEBEBFBFBFBEBFBFBE
2026-09-03T23:44:30.112642Z,843.727,13.8V,0,2256.7,76.446,146.08,255.37,36.66,104.0,00,-1.28,3.9777,3.9763,3.9808,4.5,720FB317,757575757575757575757676767675757575757575757575,000000,000140,000044,70,0064,036E,1396,1396,46,00EA,01A2,038E,032E,382.03,1.2,0.46,13.1,0,0,0,0,0,-33.42,0.0,-0.00637,BEBEBEBEBEBEBEBEBEBEBEBEBEBEBFBFBEBEBEBFBFBFBEBFBFBE
2026-09-03T23:44:38.770516Z,852.385,13.9V,0,2256.7,76.446,146.08,255.37,36.66,104.0,00,-0.64,3.9777,3.9764,3.9807,4.3,710FB317,757575757575757575757676767675757575757575757575,000000,000140,000044,70,0064,036E,1396,1391,46,00EA,01A2,038E,032E,381.88,1.5,0.57,13.1,0,0,0,0,0,-33.42,0.0,-0.00637,BEBEBEBEBEBEBEBEBEBEBEBEBEBEBFBFBEBEBEBFBFBFBEBFBFBE
2026-09-03T23:44:46.205379Z,859.82,13.8V,0,2256.7,76.446,146.08,255.37,36.66,102.2,00,-0.65,3.9777,3.9763,3.9807,4.4,730FB317,757575757575757575757676767675757575757575757575,000000,000140,000044,70,0064,036E,1396,1396,46,00EA,01A2,038E,032E,382.18,1.5,0.57,13.1,0,0,0,0,0,-33.42,0.0,0.0,BEBEBEBEBEBEBEBEBEBEBEBEBEBEBFBFBEBEBEBFBFBEBEBFBFBE
2026-09-03T23:44:55.049009Z,868.663,13.9V,0,2256.7,76.446,146.08,255.37,36.66,102.2,00,-0.64,3.9776,3.9763,3.9807,4.4,730FB317,757575757575757575757676767675757575757575757575,000000,000140,000044,70,0064,036E,1396,1396,46,00EA,01A2,038E,032E,382.18,1.5,0.57,13.1,0,0,0,0,0,-33.42,0.0,-0.00637,BEBEBEBEBEBEBEBEBEBEBEBEBEBEBFBFBEBEBEBFBFBEBEBFBFBE
2026-09-03T23:45:03.141188Z,876.756,13.8V,0,2256.7,76.446,146.07,255.37,36.66,102.2,00,-1.27,3.9776,3.9763,3.9807,4.4,730FB317,757575757575757575757676767675757575757575757575,000000,000140,000044,70,0064,036E,1396,1396,46,00EA,01A2,038E,032E,382.0,1.5,0.57,13.1,0,0,0,0,0,-33.42,0.0,-0.00637,BEBEBEBEBEBEBEBEBEBEBEBEBEBEBFBFBEBEBEBFBFBEBEBFBFBE
2026-09-03T23:45:10.936238Z,884.551,13.9V,0,2256.7,76.446,146.07,255.37,36.66,102.2,00,-1.27,3.9776,3.9763,3.9807,4.4,760FB317,757575757575757575757676767675757575757575757575,000000,000140,000044,70,0064,036E,1396,1391,46,00EA,01A2,038E,032E,382.0,1.5,0.57,13.1,0,0,0,0,0,-33.42,0.0,0.0,BEBEBEBEBEBEBEBEBEBEBEBEBEBEBFBFBEBEBEBFBFBEBEBFBFBE
2026-09-03T23:45:19.095240Z,892.71,13.9V,0,2256.7,76.446,146.07,255.37,36.66,102.2,00,-0.62,3.9776,3.9762,3.9807,4.5,730FB317,757575757575757575757676767675757575757575757575,000000,000140,000044,70,0064,036E,1396,1391,46,00EA,01A2,038E,032E,382.0,1.5,0.57,13.1,0,0,0,0,0,-33.42,0.0,-0.00637,BEBEBEBEBEBEBEBEBEBEBEBEBEBEBFBFBEBEBEBFBFBEBEBFBFBE
2026-09-03T23:45:26.723288Z,900.338,13.9V,0,2256.7,76.446,146.07,255.37,36.66,102.2,00,-0.64,3.9776,3.9763,3.9806,4.3,720FB317,757575757575757575757676767675757575757575757575,000000,000140,000044,70,0064,036E,1396,1391,46,00EA,01A2,038E,032E,382.03,1.5,0.57,13.1,0,0,0,0,0,-33.42,0.0,-0.00637,BEBEBEBEBEBEBEBEBEBEBEBEBEBEBFBFBEBEBEBFBFBEBEBFBFBE
2026-09-03T23:45:31.416472Z,905.031,13.9V,0,2256.7,76.446,146.07,255.37,36.66,102.2,00,-0.68,3.9776,3.9763,3.9807,4.4,730FB317,757575757575757575757676767675757575757575757575,000000,000140,000044,70,0064,036E,1391,1391,46,00EA,01A2,038E,032E,382.18,1.5,0.57,13.1,0,0,0,0,0,-33.42,0.0,-0.00637,BEBEBEBEBEBEBEBEBEBEBEBEBEBEBFBFBEBEBEBFBFBEBEBFBFBE
2026-09-03T23:45:35.184043Z,908.798,13.9V,0,2256.7,76.446,146.07,255.37,36.66,102.2,00,-0.64,3.9776,3.9763,3.9807,4.4,730FB317,757575757575757575757676767675757575757575757575,000000,000140,000044,70,0064,036E,1396,1396,46,00EA,01A2,038E,032E,381.88,1.5,0.57,13.1,0,0,0,0,0,-33.42,0.0,-0.00637,BEBEBEBEBEBEBEBEBEBEBEBEBEBEBFBFBEBEBEBFBFBEBEBFBFBE
2026-09-03T23:45:38.942516Z,912.557,13.9V,0,2256.7,76.446,146.06,255.37,36.66,102.2,00,-1.37,3.9776,3.9763,3.9808,4.5,720FB317,757575757575757575757676767675757575757575757575,000000,000140,000044,70,0064,036E,139A,1396,46,00EA,01A2,038E,032E,381.85,1.5,0.57,13.1,0,0,0,0,0,-33.42,0.0,-0.00637,BEBEBEBEBEBEBEBEBEBEBEBEBEBEBFBFBEBEBEBFBFBEBEBFBFBE
2026-09-03T23:45:49.293569Z,922.908,13.9V,0,2256.7,76.446,146.06,255.37,36.66,102.2,00,-1.33,3.9776,3.9763,3.9807,4.4,710FB317,757575757575757575757676767675757575757575757575,000000,000140,000044,70,0064,036E,1396,1396,46,00EA,01A2,038E,032E,381.85,1.5,0.57,13.1,0,0,0,0,0,-33.42,0.0,-0.00637,BEBEBEBEBEBEBEBEBEBEBEBEBEBEBFBFBEBEBEBFBFBEBEBFBFBE
2026-09-03T23:45:58.089531Z,931.704,13.8V,0,2256.7,76.446,146.06,255.37,36.66,102.2,00,-0.66,3.9776,3.9762,3.9807,4.5,760FB317,757575757575757575757676767675757575757575757575,000000,000140,000044,70,0064,036E,1391,1396,46,00EA,01A2,038E,032E,382.03,1.5,0.57,13.1,0,0,0,0,0,-33.42,0.0,-0.00637,BEBDBEBEBEBEBEBEBEBEBEBEBEBEBFBFBEBEBEBFBFBEBEBFBFBE
2026-09-03T23:46:06.244177Z,939.858,13.9V,0,2256.7,76.446,146.06,255.37,36.66,102.2,00,-0.65,3.9776,3.9763,3.9807,4.4,730FB317,757575757575757575757676767675757575757575757575,000000,000140,000044,70,0064,036E,1396,1391,46,00EA,01A2,038E,032E,382.03,1.5,0.57,13.1,0,0,0,0,0,-33.42,0.0,0.0,BEBDBEBEBEBEBEBEBEBEBEBEBEBEBFBFBEBEBEBFBFBEBEBFBFBE
2026-09-03T23:46:13.964961Z,947.579,13.9V,0,2256.7,76.446,146.06,255.37,36.66,102.2,00,-0.66,3.9776,3.9762,3.9806,4.4,730FB317,757575757575757575757676767675757575757575757575,000000,000140,000044,70,0064,036E,1391,1391,46,00EA,01A2,038E,032E,381.7,1.5,0.57,13.1,0,0,0,0,0,-33.42,0.0,-0.00637,BEBDBEBEBEBEBEBEBEBEBEBEBEBEBFBFBEBEBEBFBFBEBEBFBFBE
2026-09-03T23:46:19.642392Z,953.257,13.9V,0,2256.7,76.446,146.05,255.37,36.66,102.2,00,-1.36,3.9776,3.9763,3.9806,4.3,720FB317,757575757575757575757676767675757575757575757575,000000,000140,000044,70,0064,036E,1391,1391,46,00EA,01A2,038E,032E,381.85,1.5,0.57,13.1,0,0,0,0,0,-33.42,0.0,0.0,BEBDBEBEBEBEBEBEBEBEBEBEBEBEBFBFBEBEBEBFBFBEBEBFBFBE
2026-09-03T23:46:26.305919Z,959.92,13.9V,0,2256.7,76.446,146.05,255.37,36.66,102.2,00,-1.21,3.9776,3.9762,3.9807,4.5,730FB317,757575757575757575757676767675757575757575757575,000000,000140,000044,70,0064,036E,1396,1396,46,00EA,01A2,038E,032E,382.0,1.5,0.57,13.1,0,0,0,0,0,-33.42,0.0,-0.00637,BEBDBEBEBEBEBEBEBEBEBEBEBEBEBFBFBEBEBEBFBFBEBEBFBFBE
2026-09-03T23:46:32.886821Z,966.501,13.9V,0,2256.7,76.446,146.05,255.37,36.66,102.2,00,-1.25,3.9776,3.9762,3.9806,4.4,760FB317,757575757575757575757676767675757575757575757575,000000,000140,000044,70,0064,036E,1391,1396,46,00EA,01A2,038E,032E,382.0,1.5,0.57,13.1,0,0,0,0,0,-33.42,0.0,-0.00637,BEBDBEBEBEBEBEBEBEBEBEBEBEBEBFBFBEBEBEBFBFBEBEBFBFBE
2026-09-03T23:46:39.511047Z,973.125,13.9V,0,2256.7,76.446,146.05,255.37,36.66,102.2,00,-0.72,3.9776,3.9762,3.9807,4.5,730FB317,757575757575757575757676767675757575757575757575,000000,000140,000044,70,0064,036E,1396,1391,46,00EA,01A2,038E,032E,381.85,1.5,0.57,13.1,0,0,0,0,0,-33.42,0.0,-0.00637,BEBDBEBEBEBEBEBEBEBEBEBEBEBEBFBFBEBEBEBFBFBEBEBFBFBE
2026-09-03T23:46:45.634349Z,979.249,13.9V,0,2256.7,76.446,146.05,255.37,36.66,102.2,00,-0.64,3.9776,3.9762,3.9807,4.5,730FB317,757575757575757575757676767675757575757575757575,000000,000140,000044,70,0064,036E,1396,1391,46,00EA,01A2,038E,032E,382.03,1.5,0.57,13.1,0,0,0,0,0,-33.42,0.0,-0.00637,BEBDBEBEBEBEBEBEBEBEBEBEBEBEBFBFBEBEBEBFBFBEBEBFBFBE
2026-09-03T23:46:52.611994Z,986.226,13.9V,0,2256.7,76.446,146.04,255.37,36.66,102.2,00,-1.32,3.9776,3.9762,3.9806,4.4,730FB317,757575757575757575757676767675757575757575757575,000000,000140,000044,70,0064,036E,1396,1391,46,00EA,01A2,038E,032E,381.7,1.5,0.57,13.1,0,0,0,0,0,-33.42,0.0,-0.00637,BEBDBEBEBEBEBEBEBEBEBEBEBEBEBFBFBEBEBEBFBFBEBEBFBFBE
2026-09-03T23:46:59.023181Z,992.638,13.9V,0,2256.7,76.446,146.04,255.37,36.66,102.2,00,-1.36,3.9775,3.9762,3.9807,4.5,730FB317,757575757575757575757676767675757575757575757575,000000,000140,000044,70,0064,036E,1396,1396,46,00EA,01A2,038E,032E,382.0,1.5,0.57,13.1,0,0,0,0,0,-33.42,0.0,-0.00637,BEBDBEBEBEBEBEBEBEBEBEBEBEBEBFBFBEBEBEBFBFBEBEBFBFBE
2026-09-03T23:47:05.198934Z,998.813,13.9V,0,2256.7,76.446,146.04,255.37,36.66,102.2,00,-1.22,3.9775,3.9762,3.9806,4.4,730FB317,757575757575757575757676767675757575757575757575,000000,000140,000044,70,0064,036E,1396,1396,46,00EA,01A2,038E,032E,381.85,1.2,0.46,13.1,0,0,0,0,0,-33.42,0.0,-0.00637,BEBDBEBEBEBEBEBEBEBEBEBEBEBEBFBFBEBEBEBFBFBEBEBFBFBE
2026-09-03T23:47:09.315223Z,1002.93,13.9V,0,2256.7,76.446,146.04,255.37,36.66,102.2,00,-1.3,3.9775,3.9762,3.9806,4.4,730FB317,757575757575757575757676767675757575757575757575,000000,000140,000044,70,0064,036E,1396,1391,46,00EA,01A2,038E,032E,381.85,1.5,0.57,13.1,0,0,0,0,0,-33.42,0.0,-0.00637,BEBDBEBEBEBEBEBEBEBEBEBEBEBEBFBFBEBEBEBFBFBEBEBFBFBE
2026-09-03T23:47:13.907196Z,1007.522,13.9V,0,2256.7,76.446,146.04,255.37,36.66,102.2,00,-1.2,3.9775,3.9762,3.9806,4.4,710FB317,757575757575757575757676767675757575757575757575,000000,000140,000044,70,0064,036E,139A,1396,46,00EA,01A2,038E,032E,381.7,1.5,0.57,13.1,0,0,0,0,0,-33.42,0.0,-0.00637,BEBDBEBEBEBEBEBEBEBEBEBEBEBEBFBFBEBEBEBFBFBEBEBFBFBE
2026-09-03T23:47:18.779157Z,1012.393,13.9V,0,2256.7,76.446,146.04,255.37,36.66,102.2,00,-0.61,3.9775,3.9762,3.9806,4.4,730FB317,757575757575757575757676767675757575757575757575,000000,000140,000044,6F,0064,036E,1396,1391,46,00EA,01A2,038E,032E,382.0,1.5,0.57,13.1,0,0,0,0,0,-33.42,0.0,-0.00637,BEBDBEBEBEBEBEBEBEBEBEBEBEBEBFBFBEBEBEBFBFBEBEBFBFBE
2026-09-03T23:47:26.835099Z,1020.449,13.9V,0,2256.7,76.446,146.04,255.37,36.66,102.2,00,-0.67,3.9775,3.9762,3.9806,4.4,730FB317,757575757575757575757676767675757575757575757575,000000,000140,000044,6F,0064,036E,1396,1396,46,00EA,01A2,038E,032E,382.0,1.5,0.57,13.1,0,0,0,0,0,-33.42,0.0,-0.00637,BEBDBEBEBEBEBEBEBEBEBEBEBEBEBFBFBEBEBEBFBFBEBEBFBFBE
2026-09-03T23:47:35.379179Z,1028.993,13.9V,0,2256.7,76.446,146.03,255.37,36.66,102.2,00,-1.29,3.9775,3.9762,3.9806,4.4,730FB317,757575757575757575757676767675757575757575757575,000000,000140,000044,6F,0064,036E,1396,1396,46,00EA,01A2,038E,032E,382.0,1.2,0.46,13.1,0,0,0,0,0,-33.42,0.0,-0.00637,BEBDBEBEBEBEBEBEBEBEBEBEBEBEBFBFBEBEBEBFBFBEBEBFBFBE
2026-09-03T23:47:43.487687Z,1037.102,13.9V,0,2256.7,76.446,146.03,255.37,36.66,102.2,00,-1.24,3.9775,3.9762,3.9806,4.4,720FB317,757575757575757575757676767675757575757575757575,000000,000140,000044,6F,0064,036E,1391,1396,46,00EA,01A2,038E,032E,382.03,1.2,0.46,13.1,0,0,0,0,0,-33.42,0.0,-0.00637,BEBDBEBEBEBEBEBEBEBEBEBEBEBEBFBFBEBEBEBFBFBEBEBFBFBE
2026-09-03T23:47:52.100158Z,1045.715,13.9V,0,2256.7,76.446,146.03,255.37,36.66,102.2,00,-0.61,3.9775,3.9761,3.9806,4.5,760FB317,757575757575757575757676767675757575757575757575,000000,000140,000044,6F,0064,036E,1396,1396,46,00EA,01A2,038E,032E,381.85,1.5,0.57,13.1,0,0,0,0,0,-33.42,0.0,-0.00637,BEBDBEBEBEBEBEBEBEBEBEBEBEBEBFBFBEBEBEBFBFBEBEBFBFBE
2026-09-03T23:48:00.905109Z,1054.519,13.9V,0,2256.7,76.446,146.03,255.37,36.66,102.2,00,-0.65,3.9775,3.9761,3.9806,4.5,760FB317,757575757575757575757676767675757575757575757575,000000,000140,000044,6F,0064,036E,1396,1396,46,00EA,01A2,038E,032E,381.88,1.5,0.57,13.1,0,0,0,0,0,-33.42,0.0,-0.00637,BEBDBEBEBEBEBEBEBEBEBEBEBEBEBFBFBEBEBEBFBFBEBEBFBFBE
2026-09-03T23:48:08.092966Z,1061.707,13.8V,0,2256.7,76.446,146.02,255.37,36.66,102.2,00,-1.22,3.9775,3.9761,3.9806,4.5,730FB317,757575757575757575757676767675757575757575757575,000000,000140,000044,6F,0064,036E,1391,1391,46,00EA,01A2,038E,032E,381.7,1.5,0.57,13.1,0,0,0,0,0,-33.42,0.0,-0.00637,BEBDBEBEBEBEBEBEBEBEBEBEBEBEBFBFBEBEBEBFBFBEBEBFBFBE
2026-09-03T23:48:16.374120Z,1069.988,13.8V,0,2256.7,76.446,146.02,255.37,36.66,102.2,00,-1.25,3.9775,3.9761,3.9806,4.5,760FB317,757575757575757575757676767675757575757575757575,000000,000140,000044,6F,0064,036E,1396,138C,46,00EA,01A2,038E,032E,382.03,1.5,0.57,13.1,0,0,0,0,0,-33.42,0.0,-0.00637,BEBDBEBEBEBEBEBEBEBEBEBEBEBEBFBFBEBEBEBFBFBEBEBFBFBE
2026-09-03T23:48:25.040350Z,1078.655,13.9V,0,2256.7,76.446,146.02,255.37,36.66,102.2,00,-1.24,3.9775,3.9761,3.9805,4.4,760FB317,757575757575757575757676767675757575757575757575,000000,000140,000044,6F,0064,036E,1396,1396,46,00EA,01A2,038E,032E,381.66,1.5,0.57,13.1,0,0,0,0,0,-33.42,0.0,0.0,BEBDBEBEBEBEBEBEBEBEBEBEBEBEBEBFBEBEBEBFBFBEBEBFBFBE
2026-09-03T23:48:28.733633Z,1082.348,13.9V,0,2256.7,76.446,146.02,255.37,36.66,102.2,00,-0.67,3.9775,3.9761,3.9805,4.4,730FB317,757575757575757575757676767675757575757575757575,000000,000140,000044,6F,0064,036E,1396,1396,46,00EA,01A2,038E,032E,382.03,1.2,0.46,13.1,0,0,0,0,0,-33.42,0.0,-0.00637,BEBDBEBEBEBEBEBEBEBEBEBEBEBEBEBFBEBEBEBFBFBEBEBFBFBE
2026-09-03T23:48:32.454455Z,1086.069,13.9V,0,2256.7,76.446,146.02,255.37,36.66,102.2,00,-0.63,3.9775,3.9761,3.9805,4.4,730FB317,757575757575757575757676767675757575757575757575,000000,000140,000044,6F,0064,036E,1391,1391,46,00EA,01A2,038E,032E,381.85,1.5,0.57,13.1,0,0,0,0,0,-33.42,0.0,-0.00637,BEBDBEBEBEBEBEBEBEBEBEBEBEBEBEBFBEBEBEBFBFBEBEBFBFBE
2026-09-03T23:48:36.559359Z,1090.174,13.9V,0,2256.7,76.446,146.02,255.37,36.66,102.2,00,-0.68,3.9775,3.9761,3.9805,4.4,760FB317,757575757575757575757676767675757575757575757575,000000,000140,000044,6F,0064,036A,1396,1396,46,00EA,01A2,038E,032E,382.0,1.5,0.57,13.1,0,0,0,0,0,-33.42,0.0,-0.00637,BEBDBEBEBEBEBEBEBEBEBEBEBEBEBEBFBEBEBEBFBFBEBEBFBFBE
2026-09-03T23:48:41.528775Z,1095.143,13.9V,0,2256.7,76.446,146.02,255.37,36.66,102.2,00,-0.62,3.9775,3.9761,3.9805,4.4,730FB317,757575757575757575757676767675757575757575757575,000000,000140,000044,6F,0064,036E,1396,1396,46,00EA,01A2,038E,032E,381.85,1.5,0.57,13.1,0,0,0,0,0,-33.42,0.0,-0.00637,BEBDBEBEBEBEBEBEBEBEBEBEBEBEBEBFBEBEBEBFBFBEBEBFBFBE
2026-09-03T23:48:45.259597Z,1098.874,13.9V,0,2256.7,76.446,146.02,255.37,36.66,102.2,00,-0.68,3.9775,3.9761,3.9805,4.4,730FB317,757575757575757575757676767675757575757575757575,000000,000140,000044,6F,0064,036E,1391,1391,46,00EA,01A2,038E,032E,382.0,1.5,0.57,13.1,0,0,0,0,0,-33.42,0.0,-0.00637,BEBDBEBEBEBEBEBEBEBEBEBEBEBEBEBFBEBEBEBFBFBEBEBFBFBE
2026-09-03T23:48:49.371261Z,1102.986,13.9V,0,2256.7,76.446,146.01,255.37,36.66,102.2,00,-1.26,3.9775,3.9761,3.9805,4.4,730FB317,757575757575757575757676767675757575757575757575,000000,000140,000044,6F,0064,036E,1391,1391,46,00EA,01A2,038E,032E,381.7,1.5,0.57,13.1,0,0,0,0,0,-33.42,0.0,-0.00637,BEBDBEBEBEBEBEBEBEBEBEBEBEBEBEBFBEBEBEBFBFBEBEBFBFBE
2026-09-03T23:48:58.003429Z,1111.618,13.9V,0,2256.7,76.446,146.01,255.37,36.66,102.2,00,-1.26,3.9775,3.9761,3.9805,4.4,730FB317,757575757575757575757676767675757575757575757575,000000,000140,000044,6F,0064,036E,1396,1396,46,00EA,01A2,038E,032E,381.85,1.5,0.57,13.1,0,0,0,0,0,-33.42,0.0,-0.00637,BEBDBEBEBEBEBEBEBEBEBEBEBEBEBEBFBEBEBEBFBFBEBEBFBFBE
2026-09-03T23:49:07.114764Z,1120.729,13.9V,0,2256.7,76.446,146.01,255.37,36.66,102.2,00,-0.61,3.9774,3.9761,3.9805,4.4,720FB317,757575757575757575757676767675757575757575757575,000000,000140,000044,6F,0064,036E,1396,1396,46,00EA,01A2,038E,032E,381.85,1.5,0.57,13.1,0,0,0,0,0,-33.42,0.0,0.0,BEBDBEBEBEBEBEBEBEBEBEBEBEBEBEBFBEBEBEBFBFBEBEBFBFBE
2026-09-03T23:49:15.210679Z,1128.825,13.9V,0,2256.7,76.446,146.01,255.37,36.66,102.2,00,-0.61,3.9774,3.9761,3.9805,4.4,720FB317,757575757575757575757676767675757575757575757575,000000,000140,000044,6F,0064,036E,1391,1391,46,00EA,01A2,038E,032E,381.81,1.5,0.57,13.1,0,0,0,0,0,-33.42,0.0,-0.00637,BEBDBEBEBEBEBEBEBEBEBEBEBEBEBEBFBEBEBEBFBFBEBEBFBFBE
2026-09-03T23:49:23.640706Z,1137.255,13.9V,0,2256.7,76.446,146.01,255.37,36.66,102.2,00,-0.61,3.9774,3.9761,3.9805,4.4,720FB317,757575757575757575757676767675757575757575757575,000000,000140,000044,6F,0064,036E,1391,1391,46,00EA,01A2,038E,032E,381.7,1.2,0.46,13.1,0,0,0,0,0,-33.42,0.0,-0.00637,BEBDBEBEBEBEBEBEBEBEBEBEBEBEBEBFBEBEBEBFBFBEBEBFBFBE
2026-09-03T23:49:31.077287Z,1144.692,13.9V,0,2256.7,76.446,146.0,255.37,36.66,102.2,00,-1.23,3.9774,3.976,3.9805,4.5,760FB317,757575757575757575757676767675757575757575757575,000000,000140,000044,6F,0064,036E,1396,1396,46,00EA,01A2,038E,032E,381.7,1.5,0.57,13.1,0,0,0,0,0,-33.42,0.0,-0.00637,BEBDBEBEBEBEBEBEBEBEBEBEBEBEBEBFBEBEBEBFBFBEBEBFBFBE
2026-09-03T23:49:39.532224Z,1153.146,13.9V,0,2256.7,76.446,146.0,255.37,36.66,102.2,00,-1.24,3.9774,3.976,3.9805,4.5,760FB317,757575757575757575757676767675757575757575757575,000000,000140,000044,6F,0064,036E,1391,1396,46,00EA,01A2,038E,032E,381.88,1.5,0.57,13.1,0,0,0,0,0,-33.42,0.0,-0.00637,BEBDBEBEBEBEBEBEBEBEBEBEBEBEBEBFBEBEBEBFBFBEBEBFBFBE
2026-09-03T23:49:47.536777Z,1161.151,13.9V,0,2256.7,76.446,146.0,255.37,36.66,102.2,00,-0.62,3.9774,3.976,3.9804,4.4,760FB317,757575757575757575757676767675757575757575757575,000000,000140,000044,6F,0064,036E,1396,1396,46,00EA,01A2,038E,032E,382.03,1.5,0.57,13.1,0,0,0,0,0,-33.42,0.0,-0.00637,BEBDBEBEBEBEBEBEBEBEBEBEBEBEBEBFBEBEBEBFBFBEBEBFBFBE
2026-09-03T23:49:55.739452Z,1169.354,13.9V,0,2256.7,76.446,146.0,255.37,36.66,102.2,00,-0.62,3.9774,3.976,3.9804,4.4,760FB317,757575757575757575757676767675757575757575757575,000000,000140,000044,6F,0064,036E,1391,1391,46,00EA,01A2,038E,032E,382.03,1.5,0.57,13.1,0,0,0,0,0,-33.42,0.0,-0.00637,BEBDBEBEBEBEBEBEBEBEBEBEBEBEBEBFBEBEBEBFBFBEBEBFBFBE
2026-09-03T23:50:04.303498Z,1177.918,13.9V,0,2256.7,76.446,146.0,255.37,36.66,102.2,00,-0.63,3.9774,3.976,3.9804,4.4,760FB317,757575757575757575757676767675757575757575757575,000000,000140,000044,6F,0064,036E,1391,138C,46,00EA,01A2,038E,032E,382.03,1.5,0.57,13.1,0,0,0,0,0,-33.42,0.0,-0.00637,BEBDBEBEBEBEBEBEBEBEBEBEBEBEBEBFBEBEBEBFBFBEBEBFBFBE
2026-09-03T23:50:11.893953Z,1185.508,13.9V,0,2256.7,76.446,145.99,255.37,36.66,102.2,00,-1.27,3.9774,3.976,3.9804,4.4,760FB317,757575757575757575757676767675757575757575757575,000000,000140,000044,6F,0064,036E,1391,1391,46,00EA,01A2,038E,032E,381.88,1.5,0.57,13.1,0,0,0,0,0,-33.42,0.0,-0.00637,BEBDBEBEBEBEBEBEBEBEBEBEBEBEBEBFBEBEBEBFBFBEBEBFBFBE
2026-09-03T23:50:20.086773Z,1193.701,13.9V,0,2256.7,76.446,145.99,255.37,36.66,102.2,00,-1.28,3.9774,3.976,3.9805,4.5,760FB317,757575757575757575757676767675757575757575757575,000000,000140,000044,6F,0064,036E,1396,1396,46,00EA,01A2,038E,032E,382.03,1.5,0.57,13.1,0,0,0,0,0,-33.42,0.0,-0.00637,BEBDBEBEBEBEBEBEBEBEBEBEBEBEBEBFBEBEBEBFBFBEBEBFBFBE
2026-09-03T23:50:28.656900Z,1202.271,13.9V,0,2256.7,76.446,145.99,255.37,36.66,102.2,00,-0.63,3.9774,3.9761,3.9805,4.4,720FB317,757575757575757575757676767675757575757575757575,000000,000140,000044,6F,0064,036E,1391,1391,46,00EA,01A2,038E,032E,382.18,1.5,0.57,13.1,0,0,0,0,0,-33.42,0.0,0.0,BEBDBEBEBEBEBEBEBEBEBEBEBEBEBEBFBEBEBEBFBFBEBEBFBFBE
2026-09-03T23:50:36.925545Z,1210.54,13.9V,0,2256.7,76.446,145.99,255.37,36.66,102.2,00,-0.63,3.9774,3.976,3.9805,4.5,730FB317,757575757575757575757676767675757575757575757575,000000,000140,000044,6F,0064,036E,1391,1391,46,00EA,01A2,038E,032E,381.85,1.5,0.57,13.1,0,0,0,0,0,-33.42,0.0,-0.00637,BEBDBEBEBEBEBEBEBEBEBEBEBEBEBEBFBEBEBEBFBFBEBEBFBFBE
2026-09-03T23:50:45.229034Z,1218.843,13.9V,0,2256.7,76.446,145.98,255.37,36.66,102.2,00,-1.25,3.9774,3.976,3.9804,4.4,730FB317,757575757575757575757676767675757575757575757575,000000,000140,000044,6F,0064,036E,1396,1396,46,00EA,01A2,038E,032E,382.03,1.5,0.57,13.1,0,0,0,0,0,-33.42,0.0,-0.00637,BEBDBEBEBEBEBEBEBEBEBEBEBEBEBEBFBEBEBEBFBFBEBEBFBFBE
2026-09-03T23:50:54.041655Z,1227.656,13.9V,0,2256.7,76.446,145.98,255.37,36.66,102.2,00,-1.23,3.9774,3.976,3.9804,4.4,730FB317,757575757575757575757676767675757575757575757575,000000,000140,000044,6F,0064,036E,1391,1391,46,00EA,01A2,038E,032E,381.7,1.5,0.57,13.1,0,0,0,0,0,-33.42,0.0,-0.00637,BEBDBEBEBEBEBEBEBEBEBEBEBEBEBEBFBEBEBEBFBFBEBEBFBFBE
2026-09-03T23:51:02.667588Z,1236.282,13.9V,0,2256.7,76.446,145.98,255.37,36.66,102.2,00,-1.23,3.9773,3.976,3.9804,4.4,720FB317,757575757575757575757676767675757575757575757575,000000,000140,000044,6F,0064,036E,1391,1391,46,00EA,01A2,038E,032E,381.88,1.5,0.57,13.1,0,0,0,0,0,-33.42,0.0,0.0,BEBDBEBEBEBEBEBEBEBEBEBEBEBEBEBFBEBEBEBFBFBEBEBFBFBE
2026-09-03T23:51:11.742950Z,1245.357,13.9V,0,2256.7,76.446,145.98,255.37,36.66,102.2,00,-0.6,3.9773,3.9759,3.9804,4.5,760FB317,757575757575757575757676767675757575757575757575,000000,000140,000044,6F,0064,036E,1396,1396,46,00EA,01A2,038E,032E,382.03,1.5,0.57,13.1,0,0,0,0,0,-33.42,0.0,-0.00637,BEBDBEBEBEBEBEBEBEBEBEBEBEBEBEBFBEBEBEBFBFBEBEBFBFBE
2026-09-03T23:51:21.314944Z,1254.929,13.9V,0,2256.7,76.446,145.98,255.37,36.66,102.2,00,-0.68,3.9773,3.976,3.9804,4.4,730FB317,757575757575757575757676767675757575757575757575,000000,000140,000044,6F,0064,036E,1391,1391,46,00EA,01A2,038E,032E,381.88,1.5,0.57,13.1,0,0,0,0,0,-33.42,0.0,-0.00637,BEBDBEBEBEBEBEBEBEBEBEBEBEBEBEBFBEBEBEBFBFBEBEBFBFBE
2026-09-03T23:51:29.813383Z,1263.428,13.9V,0,2256.7,76.446,145.97,255.37,36.66,102.2,00,-1.36,3.9773,3.976,3.9804,4.4,710FB317,757575757575757575757676767675757575757575757575,000000,000140,000044,6F,0064,036E,1396,1396,46,00EA,01A2,038E,032E,381.85,1.5,0.57,13.1,0,0,0,0,0,-33.42,0.0,-0.00637,BEBDBEBEBEBEBEBEBEBEBEBEBEBEBEBFBEBEBEBFBFBEBEBFBFBE
2026-09-03T23:51:39.251735Z,1272.866,13.9V,0,2256.7,76.446,145.97,255.37,36.66,102.2,00,-0.67,3.9773,3.976,3.9804,4.4,720FB317,757575757575757575757676767675757575757575757575,000000,000140,000044,6F,0064,036E,1391,1391,46,00EA,01A2,038E,032E,381.7,1.5,0.57,13.1,0,0,0,0,0,-33.42,0.0,-0.00637,BEBDBEBEBEBEBEBEBEBEBEBEBEBEBEBFBEBEBEBFBFBEBEBFBFBE
2026-09-03T23:51:46.551050Z,1280.165,13.9V,0,2256.7,76.446,145.97,255.37,36.66,102.2,00,-0.69,3.9773,3.9759,3.9803,4.4,760FB317,757575757575757575757676767675757575757575757575,000000,000140,000044,6F,0064,036E,1396,1391,46,00EA,01A2,038E,032E,381.85,1.5,0.57,13.1,0,0,0,0,0,-33.42,0.0,-0.00637,BEBDBEBEBEBEBEBEBEBEBEBEBEBEBEBFBEBEBEBFBFBEBEBEBFBE
2026-09-03T23:51:54.672446Z,1288.287,13.9V,0,2256.7,76.446,145.97,255.37,36.66,102.2,00,-0.69,3.9773,3.976,3.9804,4.4,720FB317,757575757575757575757676767675757575757575757575,000000,000140,000044,6F,0064,036E,1396,1391,46,00EA,01A2,038E,032E,382.03,1.5,0.57,13.1,0,0,0,0,0,-33.42,0.0,-0.00637,BEBDBEBEBEBEBEBEBEBEBEBEBEBEBEBFBEBEBEBFBFBEBEBEBFBE
2026-09-03T23:52:02.335040Z,1295.949,13.9V,0,2256.7,76.446,145.96,255.37,36.66,102.2,00,-1.21,3.9773,3.976,3.9803,4.3,730FB317,757575757575757575757676767675757575757575757575,000000,000140,000044,6F,0064,036E,1391,1391,46,00EA,01A2,038E,032E,381.51,1.5,0.57,13.1,0,0,0,0,0,-33.42,0.0,-0.00637,BEBDBEBEBEBEBEBEBEBEBEBEBEBEBEBFBEBEBEBFBFBEBEBEBFBE
2026-09-03T23:52:10.167259Z,1303.782,13.9V,0,2256.7,76.446,145.96,255.37,36.66,102.2,00,-1.23,3.9773,3.9759,3.9804,4.5,730FB317,757575757575757575757676767675757575757575757575,000000,000140,000044,6F,0064,036E,1391,1391,46,00EA,01A2,038E,032E,381.85,1.2,0.46,13.1,0,0,0,0,0,-33.42,0.0,-0.00637,BEBDBEBEBEBEBEBEBEBEBEBEBEBEBEBFBEBEBEBFBFBEBEBEBFBE
2026-09-03T23:52:18.314582Z,1311.929,13.8V,0,2256.7,76.446,145.96,255.37,36.66,102.2,00,-1.26,3.9773,3.9759,3.9803,4.4,730FB317,757575757575757575757676767675757575757575757575,000000,000140,000044,6F,0064,036E,1396,1396,46,00EA,01A2,038E,032E,382.03,1.2,0.46,13.1,0,0,0,0,0,-33.42,0.0,-0.00637,BEBDBEBEBEBEBEBEBEBEBEBEBEBEBEBFBEBEBEBFBEBEBEBEBFBE
2026-09-03T23:52:25.918566Z,1319.533,13.9V,0,2256.7,76.446,145.96,255.37,36.66,102.2,00,-0.64,3.9773,3.9759,3.9803,4.4,730FB317,757575757575757575757676767675757575757575757575,000000,000140,000044,6F,0064,036E,1396,1396,46,00EA,01A2,038E,032E,381.85,1.5,0.57,13.1,0,0,0,0,0,-33.42,0.0,0.0,BEBDBEBEBEBEBEBEBEBEBEBEBEBEBEBFBEBEBEBEBEBEBEBEBFBE
2026-09-03T23:52:35.890962Z,1329.505,13.8V,0,2256.7,76.446,145.96,255.37,36.66,102.2,00,-0.64,3.9773,3.9759,3.9803,4.4,760FB317,757575757575757575757676767675757575757575757575,000000,000140,000044,6F,0064,036E,1396,1396,46,00EA,01A2,038E,032E,381.85,1.5,0.57,13.1,0,0,0,0,0,-33.42,0.0,0.0,BEBDBEBEBEBEBEBEBEBEBEBEBEBEBEBFBEBEBEBEBEBEBEBEBFBE
2026-09-03T23:52:43.823393Z,1337.438,13.9V,0,2256.7,76.446,145.95,255.37,36.66,102.2,00,-1.26,3.9773,3.9759,3.9803,4.4,730FB317,757575757575757575757676767675757575757575757575,000000,000140,000044,6F,0064,036E,1391,1396,46,00EA,01A2,038E,032E,381.88,1.2,0.46,13.1,0,0,0,0,0,-33.42,0.0,-0.00637,BEBDBEBEBEBEBEBEBEBEBEBEBEBEBEBFBEBEBEBEBEBEBEBEBFBE
2026-09-03T23:52:52.119240Z,1345.734,13.9V,0,2256.7,76.446,145.95,254.75,36.66,102.2,00,-1.25,3.9773,3.9759,3.9804,4.5,730FB317,757575757575757575757676767675757575757575757575,000000,000140,000044,6F,0064,036E,1391,1391,46,00EA,01A2,038E,032E,382.03,1.5,0.57,13.1,0,0,0,0,0,-33.42,0.0,-0.00637,BEBDBEBEBEBEBEBEBEBEBEBEBEBEBEBFBEBEBEBEBEBEBEBEBFBE
2026-09-03T23:53:00.719117Z,1354.333,13.9V,0,2256.7,76.446,145.95,254.75,36.66,102.2,00,-0.62,3.9773,3.9759,3.9803,4.4,730FB317,757575757575757575757676767675757575757575757575,000000,000140,000044,6F,0064,036E,1391,1391,46,00EA,01A2,038E,032E,381.88,1.2,0.46,13.1,0,0,0,0,0,-33.42,0.0,-0.00637,BEBDBEBEBEBEBEBEBEBEBEBEBEBEBEBFBEBEBEBEBEBEBEBEBFBE
2026-09-03T23:53:08.949819Z,1362.564,13.9V,0,2256.7,76.446,145.95,254.75,36.66,102.2,00,-0.61,3.9772,3.9759,3.9802,4.3,730FB317,757575757575757575757676767675757575757575757575,000000,000140,000044,6F,0064,036E,1391,1391,46,00EA,01A2,038E,032E,382.0,1.5,0.57,13.1,0,0,0,0,0,-33.42,0.0,-0.00637,BEBDBEBEBEBEBEBEBEBEBEBEBEBEBEBFBEBEBEBEBEBEBEBEBFBE
2026-09-03T23:53:16.750087Z,1370.364,13.9V,0,2256.7,76.446,145.95,254.75,36.66,102.2,00,-0.62,3.9772,3.9759,3.9803,4.4,730FB317,757575757575757575757676767675757575757575757575,000000,000140,000044,6F,0064,036E,1396,1396,46,00EA,01A2,038E,032E,382.03,1.5,0.57,13.1,0,0,0,0,0,-33.42,0.0,0.0,BEBDBEBEBEBEBEBEBEBEBEBEBEBEBEBFBEBEBEBEBEBEBEBEBFBE
2026-09-03T23:53:24.740224Z,1378.355,13.9V,0,2256.7,76.446,145.94,254.75,36.66,102.2,00,-1.22,3.9772,3.9759,3.9802,4.3,730FB317,757575757575757575757676767675757575757575757575,000000,000140,000044,6F,0064,036E,1396,1391,46,00EA,01A2,038E,032E,381.7,1.5,0.57,13.1,0,0,0,0,0,-33.42,0.0,-0.00637,BEBDBEBEBEBEBEBEBEBEBEBEBEBEBEBFBEBEBEBEBEBEBEBEBFBE
2026-09-03T23:53:32.472284Z,1386.087,13.9V,0,2256.7,76.446,145.94,254.75,36.66,102.2,00,-1.27,3.9772,3.9759,3.9803,4.4,730FB317,757575757575757575757676767675757575757575757575,000000,000140,000044,6F,0064,036E,1391,1391,46,00EA,01A2,038E,032E,382.03,1.5,0.57,13.1,0,0,0,0,0,-33.42,0.0,-0.00637,BEBDBEBEBEBEBEBEBEBEBEBEBEBEBEBFBEBEBEBEBEBEBEBEBFBE
2026-09-03T23:53:40.642408Z,1394.257,13.9V,0,2256.7,76.446,145.94,254.75,36.66,102.2,00,-0.63,3.9772,3.9759,3.9803,4.4,730FB317,757575757575757575757676767675757575757575757575,000000,000140,000044,6F,0064,036E,1391,1391,46,00EA,01A2,038E,032E,382.0,1.5,0.57,13.1,0,0,0,0,0,-33.42,0.0,-0.00637,BEBDBEBEBEBEBEBEBEBEBEBEBEBEBEBFBEBEBEBEBEBEBEBEBFBE
2026-09-03T23:53:50.594727Z,1404.209,13.9V,0,2256.7,76.446,145.94,254.75,36.66,102.2,00,-0.62,3.9772,3.9758,3.9802,4.4,760FB317,757575757575757575757676767675757575757575757575,000000,000140,000044,6F,0064,036E,138C,1396,46,00EA,01A2,038E,032E,382.07,1.5,0.57,13.1,0,0,0,0,0,-33.42,0.0,-0.00637,BEBDBEBEBEBEBEBEBEBEBEBEBEBEBEBEBEBEBEBEBEBEBEBEBFBE
2026-09-03T23:53:58.448838Z,1412.063,13.8V,0,2256.7,76.446,145.94,254.75,36.66,102.2,00,-0.62,3.9772,3.9759,3.9803,4.4,710FB317,757575757575757575757676767675757575757575757575,000000,000140,000044,6F,0064,036E,1391,139A,46,00EA,01A2,038E,032E,382.03,1.5,0.57,13.1,0,0,0,0,0,-33.42,0.0,-0.00637,BEBDBEBEBEBEBEBEBEBEBEBEBEBEBEBEBEBEBEBEBEBEBEBEBFBE
2026-09-03T23:54:06.192449Z,1419.807,13.8V,0,2256.7,76.446,145.93,254.75,36.66,102.2,00,-1.26,3.9772,3.9759,3.9802,4.3,730FB317,757575757575757575757676767675757575757575757575,000000,000140,000044,6F,0064,036E,1391,1391,46,00EA,01A2,038E,032E,382.03,1.2,0.46,13.1,0,0,0,0,0,-33.42,0.0,0.0,BEBDBEBEBEBEBEBEBEBEBEBEBEBEBEBEBEBEBEBEBEBEBEBEBFBE
2026-09-03T23:54:13.780968Z,1427.395,13.9V,0,2256.7,76.446,145.93,254.75,36.66,102.2,00,-1.26,3.9772,3.9759,3.9802,4.3,730FB317,757575757575757575757676767675757575757575757575,000000,000140,000044,6F,0064,036E,1391,1391,46,00EA,01A2,038E,032E,381.85,1.5,0.57,13.1,0,0,0,0,0,-33.42,0.0,0.0,BEBDBEBEBEBEBEBEBEBEBEBEBEBEBEBEBEBEBEBEBEBEBEBEBFBE
2026-09-03T23:54:22.810496Z,1436.425,13.9V,0,2256.7,76.446,145.93,254.75,36.66,102.2,00,-0.62,3.9772,3.9758,3.9803,4.5,760FB317,757575757575757575757676767675757575757575757575,000000,000140,000044,6F,0064,036E,1396,139A,46,00EA,01A2,038E,032E,381.7,1.5,0.57,13.1,0,0,0,0,0,-33.42,0.0,0.0,BEBDBEBEBEBEBEBEBEBEBEBEBEBEBEBEBEBEBEBEBEBEBEBEBFBE
2026-09-03T23:54:31.792593Z,1445.407,13.9V,0,2256.7,76.446,145.93,254.75,36.66,102.2,00,-0.61,3.9772,3.9758,3.9802,4.4,760FB317,757575757575757575757676767675757575757575757575,000000,000140,000044,6F,0064,036A,1396,1391,46,00EA,01A2,038E,032E,382.03,1.5,0.57,13.1,0,0,0,0,0,-33.42,0.0,-0.00637,BEBDBEBEBEBEBEBEBEBEBEBEBEBEBEBEBEBEBEBEBEBEBEBEBFBE
2026-09-03T23:54:38.996256Z,1452.611,13.9V,0,2256.7,76.446,145.92,254.75,36.66,102.2,00,-1.23,3.9772,3.9758,3.9802,4.4,730FB317,757575757575757575757676767675757575757575757575,000000,000140,000044,6F,0064,036A,1391,1396,46,00EA,01A2,038E,032E,381.85,1.5,0.57,13.1,0,0,0,0,0,-33.42,0.0,-0.00637,BEBDBEBEBEBEBEBEBEBEBEBEBEBEBEBEBEBEBEBEBEBEBEBEBFBE
2026-09-03T23:54:47.043826Z,1460.658,13.9V,0,2256.7,76.446,145.92,254.75,36.66,102.2,00,-1.28,3.9772,3.9758,3.9802,4.4,730FB317,757575757575757575757676767675757575757575757575,000000,000140,000044,6F,0064,036E,1391,1391,46,00EA,01A2,038E,032E,382.18,1.5,0.57,13.1,0,0,0,0,0,-33.42,0.0,-0.00637,BEBDBEBEBEBEBEBEBEBEBEBEBEBEBEBEBEBEBEBEBEBEBEBEBFBE
2026-09-03T23:54:56.198948Z,1469.813,13.8V,0,2256.7,76.446,145.92,254.75,36.66,102.2,00,-1.25,3.9772,3.9758,3.9802,4.4,730FB317,757575757575757575757676767675757575757575757575,000000,000140,000044,6F,0064,036E,1391,1391,46,00EA,01A2,038E,032E,381.85,1.5,0.57,13.1,0,0,0,0,0,-33.42,0.0,-0.00637,BEBDBEBEBEBEBEBEBEBEBEBEBEBEBEBEBEBEBEBEBEBEBEBEBFBE
2026-09-03T23:55:02.187359Z,1475.802,13.9V,0,2256.7,76.446,145.92,254.75,36.66,102.2,00,-0.64,3.9772,3.9758,3.9803,4.5,730FB317,757575757575757575757676767675757575757575757575,000000,000140,000044,6F,0064,036E,1396,1396,46,00EA,01A2,038E,032E,381.7,1.5,0.57,13.1,0,0,0,0,0,-33.42,0.0,-0.00637,BEBDBEBEBEBEBEBEBEBEBEBEBEBEBEBEBEBEBEBEBEBEBEBEBFBE
2026-09-03T23:55:05.786813Z,1479.401,13.9V,0,2256.7,76.446,145.92,254.75,36.66,102.2,00,-0.6,3.9772,3.9758,3.9802,4.4,730FB317,757575757575757575757676767675757575757575757575,000000,000140,000044,6F,0064,036E,1391,1391,46,00EA,01A2,038E,032E,381.88,1.5,0.57,13.1,0,0,0,0,0,-33.42,0.0,-0.00637,BEBDBEBEBEBEBEBEBEBEBEBEBEBEBEBEBEBEBEBEBEBEBEBEBFBE
2026-09-03T23:55:09.980312Z,1483.595,13.9V,0,2256.7,76.446,145.92,254.75,36.66,102.2,00,-0.64,3.9771,3.9758,3.9802,4.4,710FB317,757575757575757575757676767675757575757575757575,000000,000140,000044,6F,0064,036E,1396,1396,46,00EA,01A2,038E,032E,381.85,1.5,0.57,13.1,0,0,0,0,0,-33.42,0.0,-0.00637,BEBDBEBEBEBEBEBEBEBEBEBEBEBEBEBEBEBEBEBEBEBEBEBEBFBE
2026-09-03T23:55:14.705837Z,1488.32,13.9V,0,2256.7,76.446,145.92,254.75,36.66,102.2,00,-0.69,3.9771,3.9758,3.9802,4.4,730FB317,757575757575757575757676767675757575757575757575,000000,000140,000044,6F,0064,036E,1396,1391,46,00EA,01A2,038E,032E,381.88,1.5,0.57,13.1,0,0,0,0,0,-33.42,0.0,-0.00637,BEBDBEBEBEBEBEBEBEBEBEBEBEBEBEBEBEBEBEBEBEBEBEBEBFBE
2026-09-03T23:55:23.615844Z,1497.23,13.9V,0,2256.7,76.446,145.91,254.75,36.66,102.2,00,-1.39,3.9771,3.9758,3.9802,4.4,730FB317,757575757575757575757676767675757575757575757575,000000,000140,000044,6F,0064,036E,1396,1396,46,00EA,01A2,0389,032E,382.03,1.5,0.57,13.1,0,0,0,0,0,-33.42,0.0,-0.00637,BEBDBEBEBEBEBEBEBEBEBEBEBEBEBEBEBEBEBEBEBEBEBEBEBFBE
2026-09-03T23:55:32.335899Z,1505.95,13.9V,0,2256.7,76.446,145.91,254.75,36.66,102.2,00,-0.67,3.9771,3.9758,3.9802,4.4,730FB317,757575757575757575757676767675757575757575757575,000000,000140,000044,6F,0064,036E,1396,1391,46,00EA,01A2,038E,032E,381.85,1.5,0.57,13.1,0,0,0,0,0,-33.42,0.0,-0.00637,BEBDBEBEBEBEBEBEBEBEBEBEBEBEBEBEBEBEBEBEBEBEBEBEBFBE
2026-09-03T23:55:40.827634Z,1514.442,13.9V,0,2256.7,76.446,145.91,254.75,36.66,102.2,00,-0.67,3.9771,3.9758,3.9802,4.4,710FB317,757575757575757575757676767675757575757575757575,000000,000140,000044,6F,0064,036E,1391,1396,46,00EA,01A2,038E,032E,382.0,1.5,0.57,13.1,0,0,0,0,0,-33.42,0.0,-0.00637,BEBDBEBEBEBEBEBEBEBEBEBEBEBEBEBEBEBEBEBEBEBEBEBEBFBE
2026-09-03T23:55:49.486627Z,1523.101,13.9V,0,2256.7,76.446,145.91,254.75,36.66,102.2,00,-0.68,3.9771,3.9758,3.9802,4.4,730FB317,757575757575757575757676767675757575757575757575,000000,000140,000044,6F,0064,036E,1396,1396,46,00EA,01A2,0389,032E,382.03,1.5,0.57,13.1,0,0,0,0,0,-33.42,0.0,-0.00637,BEBDBEBEBEBEBEBEBEBEBEBEBEBEBEBEBEBEBEBEBEBEBEBEBFBE
2026-09-03T23:55:58.586144Z,1532.2,13.9V,0,2256.7,76.446,145.9,254.75,36.66,102.2,00,-1.28,3.9771,3.9757,3.9801,4.4,730FB317,757575757575757575757676767675757575757575757575,000000,000140,000044,6F,0064,036E,1396,1396,46,00EA,01A2,0389,032E,382.0,1.2,0.46,13.1,0,0,0,0,0,-33.42,0.0,-0.00637,BEBDBEBEBEBEBEBEBEBEBEBEBEBEBEBEBEBEBEBEBEBEBEBEBFBE
2026-09-03T23:56:07.290493Z,1540.905,13.9V,0,2256.7,76.446,145.9,254.75,36.66,102.2,00,-1.26,3.9771,3.9758,3.9801,4.3,720FB317,757575757575757575757676767675757575757575757575,000000,000140,000044,6F,0064,036E,1396,1391,46,00EA,01A2,0389,032E,382.03,1.5,0.57,13.1,0,0,0,0,0,-33.42,0.0,-0.00637,BEBDBEBEBEBEBEBEBEBEBEBEBEBEBEBEBEBEBEBEBEBEBEBEBFBE
2026-09-03T23:56:13.892866Z,1547.507,13.9V,0,2256.7,76.446,145.9,254.75,36.66,102.2,00,-1.22,3.9771,3.9757,3.9802,4.5,760FB317,757575757575757575757676767675757575757575757575,000000,000140,000044,6F,0064,036E,1391,138C,46,00EA,01A2,0389,032E,381.85,1.5,0.57,13.1,0,0,0,0,0,-33.42,0.0,0.0,BEBDBEBEBEBEBEBEBEBEBEBEBEBEBEBEBEBEBEBEBEBEBEBEBFBE
2026-09-03T23:56:22.755539Z,1556.37,13.9V,0,2256.7,76.446,145.9,254.75,36.66,102.2,00,-0.61,3.9771,3.9757,3.9802,4.5,730FB317,757575757575757575757676767675757575757575757575,000000,000140,000044,6F,0064,036E,1391,138C,46,00EA,01A2,0389,032E,381.88,1.5,0.57,13.1,0,0,0,0,0,-33.42,0.0,-0.00637,BEBDBEBEBEBEBEBEBEBEBEBEBEBEBEBEBEBEBEBEBEBEBEBEBFBE
2026-09-03T23:56:29.357848Z,1562.972,13.9V,0,2256.7,76.446,145.9,254.75,36.66,102.2,00,-0.63,3.9771,3.9757,3.9801,4.4,730FB317,757575757575757575757676767675757575757575757575,000000,000140,000044,6F,0064,036E,1391,138C,46,00EA,01A2,0389,032E,381.85,1.5,0.57,13.1,0,0,0,0,0,-33.42,0.0,-0.00637,BEBDBEBEBEBEBEBEBEBEBEBEBEBEBEBEBEBEBEBEBEBEBEBEBFBE
2026-09-03T23:56:37.268116Z,1570.882,13.8V,0,2256.7,76.446,145.89,254.75,36.66,102.2,00,-1.28,3.9771,3.9757,3.9801,4.4,730FB317,757575757575757575757676767675757575757575757575,000000,000140,000044,6F,0064,036E,1391,1396,46,00EA,01A2,0389,032E,381.85,1.5,0.57,13.1,0,0,0,0,0,-33.42,0.0,-0.00637,BEBDBEBEBEBEBEBEBEBEBEBEBEBEBEBEBEBEBEBEBEBEBEBEBFBE
2026-09-03T23:56:45.898172Z,1579.512,13.9V,0,2256.7,76.446,145.89,254.75,36.66,102.2,00,-1.28,3.9771,3.9757,3.9801,4.4,730FB317,757575757575757575757676767675757575757575757575,000000,000140,000044,6F,0064,036E,1396,1391,46,00EA,01A2,0389,032E,381.85,1.5,0.57,13.1,0,0,0,0,0,-33.42,0.0,0.0,BEBDBEBEBEBEBEBEBEBEBEBEBEBEBEBEBEBEBEBEBEBEBEBEBFBE
2026-09-03T23:56:55.046962Z,1588.661,13.8V,0,2256.7,76.446,145.89,254.75,36.66,102.2,00,-0.64,3.9771,3.9757,3.9801,4.4,720FB317,757575757575757575757676767675757575757575757575,000000,000140,000044,6F,0064,036E,1391,1391,46,00EA,01A2,0389,032E,382.03,1.5,0.57,13.1,0,0,0,0,0,-33.42,0.0,-0.00637,BEBDBEBEBEBEBEBEBEBEBEBEBEBEBEBEBEBEBEBEBEBEBEBEBFBE
2026-09-03T23:57:02.938020Z,1596.552,13.9V,0,2256.7,76.446,145.89,254.75,36.66,102.2,00,-0.65,3.977,3.9757,3.9801,4.4,730FB317,757575757575757575757676767675757575757575757575,000000,000140,000044,6F,0064,036E,1391,1391,46,00EA,01A2,0389,032E,381.7,1.5,0.57,13.1,0,0,0,0,0,-33.42,0.0,-0.00637,BEBDBEBEBEBEBEBEBEBEBEBEBEBEBEBEBEBEBEBEBEBEBEBEBFBE
2026-09-03T23:57:12.284721Z,1605.899,13.8V,0,2256.7,76.446,145.89,254.75,36.66,102.2,00,-0.62,3.977,3.9757,3.9802,4.5,730FB317,757575757575757575757676767675757575757575757575,000000,000140,000044,6F,0064,036E,1396,1391,46,00EA,01A2,0389,032E,381.85,1.5,0.57,13.1,0,0,0,0,0,-33.42,0.0,-0.00637,BEBDBEBEBEBEBEBEBEBEBEBEBEBEBEBEBEBEBEBEBEBEBEBEBFBE
2026-09-03T23:57:21.145682Z,1614.76,13.9V,0,2256.7,76.446,145.88,254.75,36.66,102.2,00,-1.23,3.977,3.9757,3.9801,4.4,730FB317,757575757575757575757676767675757575757575757575,000000,000140,000044,6F,0064,036E,1396,1396,46,00EA,01A2,0389,032E,381.85,1.5,0.57,13.1,0,0,0,0,0,-33.42,0.0,0.0,BEBDBEBEBEBEBEBEBEBEBEBEBEBEBEBEBEBEBEBEBEBEBEBEBFBE
2026-09-03T23:57:29.805255Z,1623.42,13.9V,0,2256.7,76.446,145.88,254.75,36.66,102.2,00,-0.69,3.977,3.9756,3.9801,4.5,760FB317,757575757575757575757676767675757575757575757575,000000,000140,000044,6F,0064,036E,1391,1391,46,00EA,01A2,0389,032E,381.85,1.5,0.57,13.1,0,0,0,0,0,-33.42,0.0,0.0,BEBDBEBEBEBEBEBEBEBEBEBEBEBEBEBEBEBEBEBEBEBEBEBEBFBE
2026-09-03T23:57:38.060066Z,1631.674,13.8V,0,2256.7,76.446,145.88,254.75,36.66,102.2,00,-0.69,3.977,3.9757,3.9801,4.4,720FB317,757575757575757575757676767675757575757575757575,000000,000140,000044,6F,0064,036E,1391,1396,46,00EA,01A2,0389,032E,381.7,1.2,0.46,13.1,0,0,0,0,0,-33.42,0.0,-0.00637,BEBDBEBEBEBEBEBEBEBEBEBEBEBEBEBEBEBEBEBEBEBEBEBEBFBE
2026-09-03T23:57:46.801374Z,1640.416,13.9V,0,2256.7,76.446,145.88,254.75,36.66,102.2,00,-0.7,3.977,3.9756,3.9801,4.5,760FB317,757575757575757575757676767675757575757575757575,000000,000140,000044,6F,0064,036E,1391,1391,46,00EA,01A2,0389,032E,381.85,1.5,0.57,13.1,0,0,0,0,0,-33.42,0.0,-0.00637,BEBDBEBEBEBEBEBEBEBEBEBEBEBEBEBEBEBEBEBEBEBEBEBEBFBE
2026-09-03T23:57:56.049034Z,1649.663,13.8V,0,2256.7,76.446,145.87,254.75,36.66,102.2,00,-1.36,3.977,3.9757,3.9801,4.4,710FB317,757575757575757575757676767675757575757575757575,000000,000140,000044,6F,0064,036E,1391,1391,46,00EA,01A2,0389,032E,382.03,1.5,0.57,13.1,0,0,0,0,0,-33.42,0.0,0.0,BEBDBEBEBEBEBEBEBEBEBEBEBEBEBEBEBEBEBEBEBEBEBEBEBFBE
2026-09-03T23:58:03.872864Z,1657.487,13.9V,0,2256.7,76.446,145.87,254.75,36.66,102.2,00,-1.4,3.977,3.9756,3.9801,4.5,730FB317,757575757575757575757676767675757575757575757575,000000,000140,000044,6F,0064,036E,1391,1396,46,00EA,01A2,0389,032E,381.85,1.5,0.57,13.1,0,0,0,0,0,-33.42,0.0,0.0,BEBDBEBEBEBEBEBEBEBEBEBEBEBEBEBEBEBEBEBEBEBEBEBEBFBE
2026-09-03T23:58:10.150967Z,1663.765,13.8V,0,2256.7,76.446,145.87,254.75,36.66,102.2,00,-1.24,3.977,3.9756,3.98,4.4,730FB317,757575757575757575757676767675757575757575757575,000000,000140,000044,6F,0064,036E,1391,1391,46,00EA,01A2,0389,032E,381.66,1.5,0.57,13.1,0,0,0,0,0,-33.42,0.0,-0.00637,BEBDBEBEBEBEBEBEBEBEBEBEBEBEBEBEBEBEBEBEBEBEBEBEBFBE
2026-09-03T23:58:13.806248Z,1667.421,13.9V,0,2256.7,76.446,145.87,254.75,36.66,102.2,00,-0.68,3.977,3.9756,3.9801,4.5,760FB317,757575757575757575757676767675757575757575757575,000000,000140,000044,6F,0064,036E,1391,1391,46,00EA,01A2,0389,032E,382.03,1.5,0.57,13.1,0,0,0,0,0,-33.42,0.0,-0.00637,BEBDBEBEBEBEBEBEBEBEBEBEBEBEBEBEBEBEBEBEBEBEBEBEBFBE
2026-09-03T23:58:17.538461Z,1671.153,13.8V,0,2256.7,76.446,145.87,254.75,36.66,102.2,00,-0.64,3.977,3.9756,3.98,4.4,760FB317,757575757575757575757676767675757575757575757575,000000,000140,000044,6F,0064,036E,1396,1396,46,00EA,01A2,0389,032E,381.7,1.5,0.57,13.1,0,0,0,0,0,-33.42,0.0,-0.00637,BEBDBEBEBEBEBEBEBEBEBEBEBEBEBEBEBEBEBEBEBEBEBEBEBFBE
2026-09-03T23:58:22.356302Z,1675.971,13.9V,0,2256.7,76.446,145.87,254.75,36.66,102.2,00,-0.69,3.977,3.9756,3.9801,4.5,760FB317,757575757575757575757676767675757575757575757575,000000,000140,000044,6F,0064,036E,1396,1396,46,00EA,01A2,0389,032E,381.51,1.5,0.57,13.1,0,0,0,0,0,-33.42,0.0,-0.00637,BEBDBEBEBEBEBEBEBEBEBEBEBEBEBEBEBEBEBEBEBEBEBEBEBFBE
2026-09-03T23:58:31.060057Z,1684.674,13.8V,0,2256.7,76.446,145.87,254.75,36.66,102.2,00,-0.68,3.977,3.9756,3.9801,4.5,730FB317,757575757575757575757676767675757575757575757575,000000,000140,000044,6F,0064,036E,1391,1396,46,00EA,01A2,0389,032E,381.7,1.5,0.57,13.1,0,0,0,0,0,-33.42,0.0,-0.00637,BEBDBEBEBEBEBEBEBEBEBEBEBEBEBEBEBEBEBEBEBEBEBEBEBFBE
2026-09-03T23:58:39.835940Z,1693.45,13.9V,0,2256.7,76.446,145.86,254.75,36.66,102.2,00,-1.36,3.977,3.9756,3.9801,4.5,730FB317,757575757575757575757676767675757575757575757575,000000,000140,000044,6F,0064,036E,1396,1391,46,00EA,01A2,0389,032E,381.48,1.5,0.57,13.1,0,0,0,0,0,-33.42,0.0,-0.00637,BEBDBEBEBEBEBEBEBEBEBEBEBEBEBEBEBEBEBEBEBEBEBEBEBFBE
2026-09-03T23:58:49.153384Z,1702.768,13.9V,0,2256.7,76.446,145.86,254.75,36.66,102.2,00,-0.68,3.977,3.9756,3.9801,4.5,730FB317,757575757575757575757676767675757575757575757575,000000,000140,000044,6F,0064,036E,1396,1396,46,00EA,01A2,0389,032E,382.22,1.5,0.57,13.1,0,0,0,0,0,-33.42,0.0,-0.00637,BEBDBEBEBEBEBEBEBEBEBEBEBEBEBEBEBEBEBEBEBEBEBEBEBFBE
2026-09-03T23:58:57.591936Z,1711.206,13.8V,0,2256.7,76.446,145.86,254.75,36.66,102.2,00,-0.67,3.977,3.9756,3.98,4.4,730FB317,757575757575757575757676767675757575757575757575,000000,000140,000044,6F,0064,036E,1396,1396,46,00EA,01A2,0389,032E,381.85,1.5,0.57,13.1,0,0,0,0,0,-33.42,0.0,-0.00637,BEBDBEBEBEBEBEBEBEBEBEBEBEBEBEBEBEBEBEBEBEBEBEBEBFBE
2026-09-03T23:59:05.657291Z,1719.272,13.9V,0,2256.7,76.446,145.86,254.75,36.66,102.2,00,-0.65,3.9769,3.9756,3.98,4.4,730FB317,757575757575757575757676767675757575757575757575,000000,000140,000044,6F,0064,036E,1396,1391,46,00EA,01A2,0389,032E,382.03,1.5,0.57,13.1,0,0,0,0,0,-33.42,0.0,-0.00637,BEBDBEBEBEBEBEBEBEBEBEBEBEBEBEBEBEBEBEBEBEBEBEBEBFBE
2026-09-03T23:59:14.954424Z,1728.569,13.9V,0,2256.7,76.446,145.86,254.75,36.66,102.2,00,-0.63,3.9769,3.9756,3.9801,4.5,730FB317,757575757575757575757676767675757575757575757575,000000,000140,000044,6F,0064,036E,1396,1396,46,00EA,01A2,0389,032E,381.7,1.5,0.57,13.1,0,0,0,0,0,-33.42,0.0,-0.00637,BEBDBEBEBEBEBEBEBEBEBEBEBEBEBEBEBEBEBEBEBEBEBEBEBFBE
2026-09-03T23:59:22.844770Z,1736.459,13.9V,0,2256.7,76.446,145.85,254.75,36.66,102.2,00,-1.39,3.9769,3.9756,3.98,4.4,730FB317,757575757575757575757676767675757575757575757575,000000,000140,000044,6F,0064,036E,1391,1391,46,00EA,01A2,0389,032E,382.0,1.5,0.57,13.1,0,0,0,0,0,-33.42,0.0,-0.00637,BEBDBEBEBEBEBEBEBEBEBEBEBEBEBEBEBEBEBEBEBEBEBEBEBFBE
2026-09-03T23:59:31.041071Z,1744.655,13.9V,0,2256.7,76.446,145.85,254.75,36.66,102.2,00,-1.2,3.9769,3.9756,3.98,4.4,720FB317,757575757575757575757676767675757575757575757575,000000,000140,000044,6F,0064,036E,1396,1396,46,00EA,01A2,0389,032E,382.03,1.5,0.57,13.1,0,0,0,0,0,-33.42,0.0,-0.00637,BEBDBEBEBEBEBEBEBEBEBEBEBEBEBEBEBEBEBEBEBEBEBEBEBFBE
2026-09-03T23:59:39.289155Z,1752.903,13.9V,0,2256.7,76.446,145.85,254.75,36.66,102.2,00,-0.61,3.9769,3.9755,3.98,4.5,760FB317,757575757575757575757676767675757575757575757575,000000,000140,000044,6F,0064,036E,1396,1396,46,00EA,01A2,0389,032E,381.85,1.5,0.57,13.1,0,0,0,0,0,-33.42,0.0,0.0,BEBDBEBEBEBEBEBEBEBEBEBEBEBEBEBEBEBEBEBEBEBEBEBEBFBE
2026-09-03T23:59:47.262832Z,1760.877,13.8V,0,2256.7,76.446,145.85,254.75,36.66,102.2,00,-0.62,3.9769,3.9755,3.98,4.5,730FB317,757575757575757575757676767675757575757575757575,000000,000140,000044,6F,0064,036E,1391,1391,46,00EA,01A2,0389,032E,381.88,1.5,0.57,13.1,0,0,0,0,0,-33.42,0.0,-0.00637,BEBDBEBEBEBEBEBEBEBEBEBEBEBEBEBEBEBEBEBEBEBEBEBEBFBE
2026-09-03T23:59:54.261792Z,1767.876,13.9V,0,2256.7,76.446,145.85,254.75,36.66,102.2,00,-0.64,3.9769,3.9756,3.98,4.4,710FB317,757575757575757575757676767675757575757575757575,000000,000140,000044,6F,0064,036E,1396,1396,46,00EA,01A2,0389,032E,381.7,1.2,0.46,13.1,0,0,0,0,0,-33.42,0.0,-0.00637,BEBDBEBEBEBEBEBEBEBEBEBEBEBEBEBEBEBEBEBEBEBEBEBEBFBE
2026-09-03T23:59:58.053591Z,1771.668,13.8V,0,2256.7,76.446,145.84,254.75,36.66,102.2,00,-1.37,3.9769,3.9755,3.98,4.5,730FB317,757575757575757575757676767675757575757575757575,000000,000140,000044,6F,0064,036E,1391,1391,46,00EA,01A2,0389,032E,381.7,1.5,0.57,13.1,0,0,0,0,0,-33.42,0.0,0.0,BEBDBEBEBEBEBEBEBEBEBEBEBEBEBEBEBEBEBEBEBEBEBEBEBFBE
2026-09-04T00:00:02.220716Z,1775.835,13.9V,0,2256.7,76.446,145.84,254.75,36.66,102.2,00,-1.27,3.9769,3.9755,3.98,4.5,730FB317,757575757575757575757676767675757575757575757575,000000,000140,000044,6F,0064,036E,1391,1396,46,00EA,01A2,0389,032E,381.88,1.5,0.57,13.1,0,0,0,0,0,-33.42,0.0,-0.00637,BEBDBEBEBEBEBEBEBEBEBEBEBEBEBEBEBEBEBEBEBEBEBEBEBFBE
2026-09-04T00:00:06.637861Z,1780.252,13.8V,0,2256.7,76.446,145.84,254.75,36.66,102.2,00,-1.39,3.9769,3.9756,3.9799,4.3,720FB317,757575757575757575757676767675757575757575757575,000000,000140,000044,6F,0064,036E,1396,1396,46,00EA,01A2,0389,032E,382.03,1.5,0.57,13.1,0,0,0,0,0,-33.42,0.0,-0.00637,BEBDBEBEBEBEBEBEBEBEBEBEBEBEBEBEBEBEBEBEBEBEBEBEBFBE
2026-09-04T00:00:15.551816Z,1789.166,13.8V,0,2256.7,76.446,145.84,254.75,36.66,102.2,00,-0.68,3.9769,3.9755,3.9799,4.4,760FB317,757575757575757575757676767675757575757575757575,000000,000140,000044,6F,0064,036E,1391,1391,46,00EA,01A2,0389,032E,381.85,1.5,0.57,13.1,0,0,0,0,0,-33.42,0.0,-0.00637,BEBDBEBEBEBEBEBEBEBEBEBEBEBEBEBEBEBEBEBEBEBEBEBEBFBE
2026-09-04T00:00:22.554725Z,1796.169,13.9V,0,2256.7,76.446,145.84,254.75,36.66,102.2,00,-0.6,3.9769,3.9755,3.98,4.5,730FB317,757575757575757575757676767675757575757575757575,000000,000140,000044,6F,0064,036E,1391,1391,46,00EA,01A2,0389,032E,382.03,1.5,0.57,13.1,0,0,0,0,0,-33.42,0.0,-0.00637,BEBDBEBEBEBEBEBEBEBEBEBEBEBEBEBEBEBEBEBEBEBEBEBEBFBE
2026-09-04T00:00:29.696105Z,1803.31,13.9V,0,2256.7,76.446,145.84,254.75,36.66,102.2,00,-0.61,3.9769,3.9755,3.9799,4.4,720FB317,757575757575757575757676767675757575757575757575,000000,000140,000044,6F,0064,036E,1391,1391,46,00EA,01A2,0389,032E,381.7,1.5,0.57,13.1,0,0,0,0,0,-33.42,0.0,-0.00637,BEBDBEBEBEBEBEBEBEBEBEBEBEBEBEBEBEBEBEBEBEBEBEBEBFBE
2026-09-04T00:00:37.217236Z,1810.832,13.9V,0,2256.7,76.446,145.83,254.75,36.66,102.2,00,-1.24,3.9769,3.9754,3.9799,4.5,760FB317,757575757575757575757676767675757575757575757575,000000,000140,000044,6F,0064,036E,1391,1391,46,00EA,01A2,0389,032E,381.85,1.2,0.46,13.1,0,0,0,0,0,-33.42,0.0,-0.00637,BEBDBEBEBEBEBEBEBEBEBEBEBEBEBEBEBEBEBEBEBEBEBEBEBFBE
2026-09-04T00:00:45.772229Z,1819.387,13.9V,0,2256.7,76.446,145.83,254.75,36.66,102.2,00,-1.23,3.9769,3.9755,3.98,4.5,730FB317,757575757575757575757676767675757575757575757575,000000,000140,000044,6F,0064,036E,1391,1391,46,00EA,01A2,0389,032E,382.22,1.5,0.57,13.1,0,0,0,0,0,-33.42,0.0,-0.00637,BEBDBEBEBEBEBEBEBEBEBEBEBEBEBEBEBEBEBEBEBEBEBEBEBFBE
2026-09-04T00:00:55.473178Z,1829.087,13.9V,0,2256.7,76.446,145.83,254.75,36.66,102.2,00,-0.63,3.9768,3.9755,3.9799,4.4,730FB317,757575757575757575757676767675757575757575757575,000000,000140,000044,6F,0064,036E,1396,1391,46,00EA,01A2,0389,032E,382.03,1.5,0.57,13.1,0,0,0,0,0,-33.42,0.0,-0.00637,BEBDBEBEBEBEBEBEBEBEBEBEBEBEBEBEBEBEBEBEBEBEBEBEBFBE
2026-09-04T00:01:03.828723Z,1837.443,13.9V,0,2256.7,76.446,145.83,254.75,36.66,102.2,00,-0.63,3.9769,3.9755,3.9799,4.4,730FB317,757575757575757575757676767675757575757575757575,000000,000140,000044,6E,0064,036E,1396,1396,46,00EA,01A2,0389,032E,381.88,1.2,0.46,13.1,0,0,0,0,0,-33.42,0.0,-0.00637,BEBDBEBEBEBEBEBEBEBEBEBEBEBEBEBEBEBEBEBEBEBEBEBEBFBE
2026-09-04T00:01:13.337488Z,1846.952,13.9V,0,2256.7,76.446,145.83,254.75,36.66,102.2,00,-0.62,3.9768,3.9754,3.9798,4.4,760FB317,757575757575757575757676767675757575757575757575,000000,000140,000044,6E,0064,036E,1396,1396,46,00EA,01A2,0389,032E,382.03,1.5,0.57,13.1,0,0,0,0,0,-33.42,0.0,0.0,BEBDBEBEBEBEBEBEBEBEBEBEBEBEBEBEBEBEBEBEBEBEBEBEBFBE
2026-09-04T00:01:22.213401Z,1855.828,13.9V,0,2256.7,76.446,145.82,254.75,36.66,102.2,00,-1.21,3.9768,3.9754,3.9798,4.4,730FB317,757575757575757575757676767675757575757575757575,000000,000140,000044,6E,0064,036E,1391,138C,46,00EA,01A2,0389,032E,381.88,1.2,0.46,13.1,0,0,0,0,0,-33.42,0.0,-0.00637,BEBDBEBEBEBEBEBEBEBEBEBEBEBEBEBEBEBEBEBEBEBEBEBEBFBE
2026-09-04T00:01:28.526787Z,1862.141,13.9V,0,2256.7,76.446,145.82,254.75,36.66,102.2,00,-1.22,3.9768,3.9755,3.9799,4.4,730FB317,757575757575757575757676767675757575757575757575,000000,000140,000044,6E,0064,036E,1391,1396,46,00EA,01A2,0389,032E,381.88,1.5,0.57,13.1,0,0,0,0,0,-33.42,0.0,-0.00637,BEBDBEBEBEBEBEBEBEBEBEBEBEBEBEBEBEBEBEBEBEBEBEBEBFBE
2026-09-04T00:01:36.453545Z,1870.068,13.9V,0,2256.7,76.446,145.82,254.75,36.66,102.2,00,-0.61,3.9768,3.9754,3.9798,4.4,730FB317,757575757575757575757676767675757575757575757575,000000,000140,000044,6E,0064,036E,1391,1396,46,00EA,01A2,0389,032E,381.7,1.2,0.46,13.0,0,0,0,0,0,-33.42,0.0,-0.00637,BEBDBEBEBEBEBEBEBEBEBEBEBEBEBEBEBEBEBEBEBEBEBEBEBFBE
2026-09-04T00:01:45.180408Z,1878.795,13.9V,0,2256.7,76.446,145.82,254.75,36.66,102.2,00,-0.61,3.9768,3.9755,3.9799,4.4,730FB317,757575757575757575757676767675757575757575757575,000000,000140,000044,6E,0064,036E,1396,1391,46,00EA,01A2,0389,032E,381.88,1.5,0.57,13.1,0,0,0,0,0,-33.42,0.0,0.0,BEBDBEBEBEBEBEBEBEBEBEBEBEBEBEBEBEBEBEBEBEBEBEBEBFBE
2026-09-04T00:01:53.206648Z,1886.821,13.9V,0,2256.7,76.446,145.82,254.75,36.66,102.2,00,-0.62,3.9768,3.9755,3.9799,4.4,710FB317,757575757575757575757676767675757575757575757575,000000,000140,000044,6E,0064,036E,1396,1396,46,00EA,01A2,0389,032E,382.07,1.2,0.46,13.1,0,0,0,0,0,-33.42,0.0,-0.00637,BEBDBEBEBEBEBEBEBEBEBEBEBEBEBEBEBEBEBEBEBEBEBEBEBFBE
2026-09-04T00:02:00.698391Z,1894.313,13.9V,0,2256.7,76.446,145.81,254.75,36.66,102.2,00,-1.27,3.9768,3.9754,3.9799,4.5,760FB317,757575757575757575757676767675757575757575757575,000000,000140,000044,6E,0064,036E,1391,1396,46,00EA,01A2,0389,032E,381.88,1.2,0.46,13.1,0,0,0,0,0,-33.42,0.0,-0.00637,BEBDBEBEBEBEBEBEBEBEBEBEBEBEBEBEBEBEBEBEBEBEBEBEBFBE
2026-09-04T00:02:07.309901Z,1900.924,13.9V,0,2256.7,76.446,145.81,254.75,36.66,102.2,00,-1.33,3.9768,3.9754,3.9798,4.4,760FB317,757575757575757575757676767675757575757575757575,000000,000140,000044,6E,0064,036E,1396,1391,46,00EA,01A2,0389,032E,381.88,1.5,0.57,13.1,0,0,0,0,0,-33.42,0.0,-0.00637,BEBDBEBEBEBEBEBEBEBEBEBEBEBEBEBEBEBEBEBEBEBEBEBEBFBE
2026-09-04T00:02:15.079204Z,1908.694,13.9V,0,2256.7,76.446,145.81,254.75,36.66,102.2,00,-0.68,3.9768,3.9754,3.9798,4.4,760FB317,757575757575757575757676767675757575757575757575,000000,000140,000044,6E,0064,036E,1396,1396,46,00EA,01A2,0389,032E,381.88,1.5,0.57,13.1,0,0,0,0,0,-33.42,0.0,-0.00637,BEBDBEBEBEBEBEBEBEBEBEBEBEBEBEBEBEBEBEBEBEBEBEBEBFBE
2026-09-04T00:02:23.558858Z,1917.173,13.9V,0,2256.7,76.446,145.81,254.75,36.66,102.2,00,-0.65,3.9768,3.9754,3.9798,4.4,760FB317,757575757575757575757676767675757575757575757575,000000,000140,000044,6E,0064,036E,1396,1396,46,00EA,01A2,0389,032E,382.03,1.5,0.57,13.1,0,0,0,0,0,-33.42,0.0,-0.00637,BEBDBEBEBEBEBEBEBEBEBEBEBEBEBEBEBEBEBEBEBEBEBEBEBFBE
2026-09-04T00:02:31.762642Z,1925.377,13.9V,0,2256.7,76.446,145.81,254.75,36.66,102.2,00,-0.65,3.9768,3.9754,3.9798,4.4,760FB317,757575757575757575757676767675757575757575757575,000000,000140,000044,6E,0064,036E,1396,1396,46,00EA,01A2,0389,032E,381.88,1.5,0.57,13.1,0,0,0,0,0,-33.42,0.0,-0.00637,BEBDBEBEBEBEBEBEBEBEBEBEBEBEBEBEBEBEBEBEBEBEBEBEBFBE
2026-09-04T00:02:40.189704Z,1933.804,13.9V,0,2256.7,76.446,145.8,254.75,36.66,102.2,00,-1.31,3.9768,3.9754,3.9798,4.4,730FB317,757575757575757575757676767675757575757575757575,000000,000140,000044,6E,0064,036E,1396,1396,46,00EA,01A2,0389,032E,381.85,1.5,0.57,13.1,0,0,0,0,0,-33.42,0.0,-0.00637,BEBDBEBEBEBEBEBEBEBEBEBEBEBEBEBEBEBEBEBEBEBEBEBEBFBE
2026-09-04T00:02:48.519471Z,1942.134,13.8V,0,2256.7,76.446,145.8,254.75,36.66,102.2,00,-1.3,3.9768,3.9754,3.9798,4.4,730FB317,757575757575757575757676767675757575757575757575,000000,000140,000044,6E,0064,036E,1396,1396,46,00EA,01A2,0389,032E,382.03,1.5,0.57,13.1,0,0,0,0,0,-33.42,0.0,-0.00637,BEBDBEBEBEBEBEBEBEBEBEBEBEBEBEBEBEBEBEBEBEBEBEBEBFBE
2026-09-04T00:02:57.451778Z,1951.066,13.9V,0,2256.7,76.446,145.8,254.75,36.66,102.2,00,-0.63,3.9768,3.9754,3.9798,4.4,730FB317,757575757575757575757676767675757575757575757575,000000,000140,000044,6E,0064,036E,1391,1391,46,00EA,01A2,0389,032E,382.03,1.5,0.57,13.1,0,0,0,0,0,-33.42,0.0,-0.00637,BEBDBEBEBEBEBEBEBEBEBEBEBEBEBEBEBEBEBEBEBEBEBEBEBFBE
2026-09-04T00:03:05.235332Z,1958.85,13.8V,0,2256.7,76.446,145.8,254.75,36.66,102.2,00,-0.62,3.9767,3.9754,3.9798,4.4,730FB317,757575757575757575757676767675757575757575757575,000000,000140,000044,6E,0064,036E,1391,1391,46,00EA,01A2,0389,032E,381.81,1.5,0.57,13.1,0,0,0,0,0,-33.42,0.0,-0.00637,BEBDBEBEBEBEBEBEBEBEBEBEBEBEBEBEBEBEBEBEBEBEBEBEBFBE
2026-09-04T00:03:13.793655Z,1967.408,13.9V,0,2256.7,76.446,145.8,254.75,36.66,102.2,00,-0.61,3.9767,3.9754,3.9798,4.4,730FB317,757575757575757575757676767675757575757575757575,000000,000140,000044,6E,0064,036E,139A,1391,46,00EA,01A2,0389,032E,382.03,1.5,0.57,13.1,0,0,0,0,0,-33.42,0.0,-0.00637,BEBDBEBEBEBEBEBEBEBEBEBEBEBEBEBEBEBEBEBEBEBEBEBEBFBE
2026-09-04T00:03:22.348372Z,1975.963,13.9V,0,2256.7,76.446,145.79,254.75,36.66,102.2,00,-1.22,3.9767,3.9754,3.9798,4.4,730FB317,757575757575757575757676767675757575757575757575,000000,000140,000044,6E,0064,036E,1396,1391,46,00EA,01A2,0389,032E,382.03,1.5,0.57,13.1,0,0,0,0,0,-33.42,0.0,-0.00637,BEBDBEBEBEBEBEBEBEBEBEBEBEBEBEBEBEBEBEBEBEBEBEBEBFBE
2026-09-04T00:03:29.365449Z,1982.98,13.9V,0,2256.7,76.446,145.79,254.75,36.66,102.2,00,-1.25,3.9767,3.9754,3.9798,4.4,730FB317,757575757575757575757676767675757575757575757575,000000,000140,000044,6E,0064,036E,1396,1396,46,00EA,01A2,0389,032E,381.7,1.5,0.57,13.1,0,0,0,0,0,-33.42,0.0,0.0,BEBDBEBEBEBEBEBEBEBEBEBEBEBEBEBEBEBEBEBEBEBEBEBEBFBE
2026-09-04T00:03:36.570141Z,1990.184,13.8V,0,2256.7,76.446,145.79,254.75,36.66,102.2,00,-0.64,3.9767,3.9753,3.9798,4.5,760FB317,757575757575757575757676767675757575757575757575,000000,000140,000044,6E,0064,036E,1396,1396,46,00EA,01A2,0389,032E,381.88,1.5,0.57,13.1,0,0,0,0,0,-33.42,0.0,-0.00637,BEBDBEBEBEBEBEBEBEBEBEBEBEBEBEBEBEBEBEBEBEBEBEBEBFBE
2026-09-04T00:03:44.838527Z,1998.453,13.9V,0,2256.7,76.446,145.79,254.75,36.66,102.2,00,-0.64,3.9767,3.9753,3.9797,4.4,780FB317,757575757575757575757676767675757575757575757575,000000,000140,000044,6E,0064,036E,1391,1396,46,00EA,01A2,0389,032E,381.85,1.5,0.57,13.1,0,0,0,0,0,-33.42,0.0,-0.00637,BEBDBEBEBEBEBEBEBEBEBEBEBEBEBEBEBEBEBEBEBEBEBEBEBFBE
2026-09-04T00:03:53.185725Z,2006.8,13.9V,0,2256.7,76.446,145.78,254.75,36.66,102.2,00,-1.29,3.9767,3.9753,3.9797,4.4,760FB317,757575757575757575757676767675757575757575757575,000000,000140,000044,6E,0064,036E,1396,1391,46,00EA,01A2,0389,032E,381.88,1.5,0.57,13.1,0,0,0,0,0,-33.42,0.0,-0.00637,BEBDBEBEBEBEBEBEBEBEBEBEBEBEBEBEBEBEBEBEBEBEBEBEBFBE
2026-09-04T00:04:01.550592Z,2015.165,13.9V,0,2256.7,76.446,145.78,254.75,36.66,102.2,00,-1.28,3.9767,3.9753,3.9798,4.5,760FB317,757575757575757575757676767675757575757575757575,000000,000140,000044,6E,0064,036E,1396,1396,46,00EA,01A2,0389,032E,381.85,1.5,0.57,13.1,0,0,0,0,0,-33.42,0.0,0.0,BEBDBEBEBEBEBEBEBEBEBEBEBEBEBEBEBEBEBEBEBEBEBEBEBFBE
2026-09-04T00:04:09.199656Z,2022.814,13.9V,0,2256.7,76.446,145.78,254.75,36.66,102.2,00,-1.3,3.9767,3.9754,3.9798,4.4,710FB317,757575757575757575757676767675757575757575757575,000000,000140,000044,6E,0064,036E,1391,1391,46,00EA,01A2,0389,032E,381.51,1.5,0.57,13.1,0,0,0,0,0,-33.42,0.0,-0.00637,BEBDBEBEBEBEBEBEBEBEBEBEBEBEBEBEBEBEBEBEBEBEBEBEBFBE
2026-09-04T00:04:17.359712Z,2030.974,13.9V,0,2256.7,76.446,145.78,254.75,36.66,102.2,00,-0.65,3.9767,3.9753,3.9798,4.5,730FB317,757575757575757575757676767675757575757575757575,000000,000140,000044,6E,0064,036E,1396,1391,46,00EA,01A2,0389,032E,382.03,1.2,0.46,13.1,0,0,0,0,0,-33.42,0.0,0.0,BEBDBEBEBEBEBEBEBEBEBEBEBEBEBEBEBEBEBEBEBEBEBEBEBFBE
2026-09-04T00:04:26.037778Z,2039.652,13.9V,0,2256.7,76.446,145.78,254.75,36.66,102.2,00,-0.64,3.9767,3.9753,3.9797,4.4,730FB317,757575757575757575757676767675757575757575757575,000000,000140,000044,6E,0064,036E,139A,1396,46,00EA,01A2,0389,032E,381.88,1.5,0.57,13.1,0,0,0,0,0,-33.42,0.0,-0.00637,BEBDBEBEBEBEBEBEBEBEBEBEBEBEBEBEBEBEBEBEBEBEBEBEBFBE
2026-09-04T00:04:33.520743Z,2047.135,13.9V,0,2256.7,76.446,145.77,254.75,36.66,102.2,00,-1.26,3.9767,3.9753,3.9797,4.4,760FB317,757575757575757575757676767675757575757575757575,000000,000140,000044,6E,0064,036E,1391,1391,46,00EA,01A2,0389,032E,381.7,1.5,0.57,13.1,0,0,0,0,0,-33.42,0.0,-0.00637,BEBDBEBEBEBEBEBEBEBEBEBEBEBEBEBEBEBEBEBEBEBEBEBEBFBE
2026-09-04T00:04:41.458421Z,2055.073,13.9V,0,2256.7,76.446,145.77,254.75,36.66,102.2,00,-1.27,3.9767,3.9753,3.9797,4.4,730FB317,757575757575757575757676767675757575757575757575,000000,000140,000044,6E,0064,036E,1391,1391,46,00EA,01A2,0389,032E,381.85,1.5,0.57,13.1,0,0,0,0,0,-33.42,0.0,-0.00637,BEBDBEBEBEBEBEBEBEBEBEBEBEBEBEBEBEBEBEBEBEBEBEBEBFBE
2026-09-04T00:04:49.407148Z,2063.021,13.9V,0,2256.7,76.446,145.77,254.75,36.66,102.2,00,-0.64,3.9767,3.9753,3.9798,4.5,730FB317,757575757575757575757676767675757575757575757575,000000,000140,000044,6E,0064,036E,1396,1396,46,00EA,01A2,0389,032E,381.7,1.5,0.57,13.1,0,0,0,0,0,-33.42,0.0,-0.00637,BEBDBEBEBEBEBEBEBEBEBEBEBEBEBEBEBEBEBEBEBEBEBEBEBFBE
2026-09-04T00:04:58.507173Z,2072.121,13.9V,0,2256.7,76.446,145.77,254.75,36.66,102.2,00,-0.63,3.9766,3.9753,3.9797,4.4,730FB317,757575757575757575757676767675757575757575757575,000000,000140,000044,6E,0064,036E,1396,1396,46,00EA,01A2,0389,032E,381.88,1.2,0.46,13.1,0,0,0,0,0,-33.42,0.0,-0.00637,BEBDBEBEBEBEBEBEBEBEBEBEBEBEBEBEBEBEBEBEBEBEBEBEBFBE
2026-09-04T00:05:06.503576Z,2080.118,13.9V,0,2256.7,76.446,145.77,254.75,36.66,102.2,00,-0.63,3.9766,3.9753,3.9797,4.4,730FB317,757575757575757575757676767675757575757575757575,000000,000140,000044,6E,0064,036E,1391,1391,46,00EA,01A2,0389,032E,381.7,1.2,0.46,13.1,0,0,0,0,0,-33.42,0.0,0.0,BEBDBEBEBEBEBEBEBEBEBEBEBEBEBEBEBEBEBEBEBEBEBEBEBFBE
2026-09-04T00:05:14.623319Z,2088.238,13.9V,0,2256.7,76.446,145.76,254.75,36.66,102.2,00,-1.26,3.9766,3.9753,3.9796,4.3,730FB317,757575757575757575757676767675757575757575757575,000000,000140,000044,6E,0064,036E,1391,1391,46,00EA,01A2,0389,032E,381.7,1.5,0.57,13.1,0,0,0,0,0,-33.42,0.0,0.0,BEBDBEBEBEBEBEBEBEBEBEBEBEBEBEBEBEBEBEBEBEBEBEBEBFBE
2026-09-04T00:05:22.366216Z,2095.98,13.9V,0,2256.7,76.446,145.76,254.75,36.66,102.2,00,-1.28,3.9766,3.9753,3.9797,4.4,710FB317,757575757575757575757676767675757575757575757575,000000,000140,000044,6E,0064,036E,1391,1391,46,00EA,01A2,0389,032E,381.88,1.5,0.57,13.1,0,0,0,0,0,-33.42,0.0,0.0,BEBDBEBEBEBEBEBEBEBEBEBEBEBEBEBEBEBEBEBEBEBEBEBEBFBE
2026-09-04T00:05:27.959173Z,2101.574,13.9V,0,2256.7,76.446,145.76,254.75,36.66,102.2,00,-0.66,3.9766,3.9753,3.9797,4.4,720FB317,757575757575757575757676767675757575757575757575,000000,000140,000044,6E,0064,036E,1396,1396,46,00EA,01A2,0389,032E,381.88,1.2,0.46,13.1,0,0,0,0,0,-33.42,0.0,-0.00637,BEBDBEBEBEBEBEBEBEBEBEBEBEBEBEBEBEBEBEBEBEBEBEBEBFBE
2026-09-04T00:05:31.652018Z,2105.266,13.9V,0,2256.7,76.446,145.76,254.75,36.66,102.2,00,-0.62,3.9766,3.9753,3.9797,4.4,730FB317,757575757575757575757676767675757575757575757575,000000,000140,000044,6E,0064,036E,1391,1391,46,00EA,01A2,0389,032E,381.7,1.5,0.57,13.1,0,0,0,0,0,-33.42,0.0,-0.00637,BEBDBEBEBEBEBEBEBEBEBEBEBEBEBEBEBEBEBEBEBEBEBEBEBFBE
2026-09-04T00:05:35.311445Z,2108.926,13.9V,0,2256.7,76.446,145.76,254.75,36.66,102.2,00,-0.67,3.9766,3.9753,3.9797,4.4,730FB317,757575757575757575757676767675757575757575757575,000000,000140,000044,6E,0064,036E,1396,1396,46,00EA,01A2,0389,032E,381.85,1.5,0.57,13.1,0,0,0,0,0,-33.42,0.0,-0.00637,BEBDBEBEBEBEBEBEBEBEBEBEBEBEBEBEBEBEBEBEBEBEBEBEBFBE
2026-09-04T00:05:39.066006Z,2112.68,13.9V,0,2256.7,76.446,145.76,254.75,36.66,102.2,00,-0.62,3.9766,3.9753,3.9796,4.3,720FB317,757575757575757575757676767675757575757575757575,000000,000140,000044,6E,0064,036E,1391,1391,46,00EA,01A2,0389,032E,381.88,1.5,0.57,13.1,0,0,0,0,0,-33.42,0.0,-0.00637,BEBDBEBEBEBEBEBEBEBEBEBEBEBEBEBEBEBEBEBEBEBEBEBEBFBE
2026-09-04T00:05:48.500558Z,2122.115,13.9V,0,2256.7,76.446,145.76,254.75,36.66,102.2,00,-0.61,3.9766,3.9753,3.9797,4.4,710FB317,757575757575757575757676767675757575757575757575,000000,000140,000044,6E,0064,036E,1396,1396,46,00EA,01A2,0389,032E,381.7,1.2,0.46,13.1,0,0,0,0,0,-33.42,0.0,0.0,BEBDBEBEBEBEBEBEBEBEBEBEBEBEBEBEBEBEBEBEBEBEBEBEBFBE
2026-09-04T00:05:54.985895Z,2128.6,13.9V,0,2256.7,76.446,145.75,254.75,36.66,102.2,00,-1.27,3.9766,3.9752,3.9796,4.4,760FB317,757575757575757575757676767675757575757575757575,000000,000140,000044,6E,0064,036E,1396,1396,46,00EA,01A2,0389,032E,381.85,1.5,0.57,13.1,0,0,0,0,0,-33.42,0.0,-0.00637,BEBDBEBEBEBEBEBEBEBEBEBEBEBEBEBEBEBEBEBEBEBEBEBEBFBE
2026-09-04T00:06:03.444285Z,2137.059,13.9V,0,2256.7,76.446,145.75,254.75,36.66,102.2,00,-1.26,3.9766,3.9752,3.9797,4.5,730FB317,757675757575757575757676767675757575757575757575,000000,000140,000044,6E,0064,036E,1396,1396,46,00EA,01A2,0389,032E,381.88,1.5,0.57,13.1,0,0,0,0,0,-33.42,0.0,-0.00637,BEBDBEBEBEBEBEBEBEBEBEBEBEBEBEBEBEBEBEBEBEBEBEBEBFBE
2026-09-04T00:06:12.261112Z,2145.875,13.9V,0,2256.7,76.446,145.75,254.75,36.66,102.2,00,-0.62,3.9766,3.9752,3.9797,4.5,730FB317,757575757575757575757676767675757575757575757575,000000,000140,000044,6E,0064,036E,1391,1396,46,00EA,01A2,0389,032E,381.7,1.5,0.57,13.1,0,0,0,0,0,-33.42,0.0,0.0,BDBDBEBEBEBEBEBEBEBEBEBEBEBEBEBEBEBEBEBEBEBEBEBEBFBE
2026-09-04T00:06:20.574585Z,2154.189,13.9V,0,2256.7,76.446,145.75,254.75,36.66,102.2,00,-0.62,3.9766,3.9753,3.9796,4.3,720FB317,757675757575757575757676767675757575757575757575,000000,000140,000044,6E,0064,036E,1396,1396,46,00EA,01A2,0389,032E,381.7,1.5,0.57,13.1,0,0,0,0,0,-33.42,0.0,-0.00637,BDBDBEBEBEBEBEBEBEBEBEBEBEBEBEBEBEBEBEBEBEBEBEBEBFBE
2026-09-04T00:06:27.949595Z,2161.564,13.9V,0,2256.7,76.446,145.75,254.75,36.66,102.2,00,-0.6,3.9766,3.9752,3.9797,4.5,730FB317,757675757575757575757676767675757575757575757575,000000,000140,000044,6E,0064,036E,1396,1396,46,00EA,01A2,0389,032E,381.7,1.5,0.57,13.1,0,0,0,0,0,-33.42,0.0,0.0,BDBDBEBEBEBEBEBEBEBEBEBEBEBEBEBEBEBEBEBEBEBEBEBEBFBE
2026-09-04T00:06:33.463081Z,2167.077,13.9V,0,2256.7,76.446,145.75,254.75,36.66,102.2,00,-0.62,3.9766,3.9752,3.9796,4.4,730FB317,757675757575757575757676767675757575757575757575,000000,000140,000044,6E,0064,036E,1391,1391,46,00EA,01A2,0389,032E,381.88,1.5,0.57,13.1,0,0,0,0,0,-33.42,0.0,0.0,BDBDBEBEBEBEBEBEBEBEBEBEBEBEBEBEBEBEBEBEBEBEBEBEBFBE
2026-09-04T00:06:41.188521Z,2174.803,13.9V,0,2256.7,76.446,145.74,254.75,36.66,102.2,00,-1.37,3.9766,3.9752,3.9796,4.4,730FB317,757575757575757575757676767675757575757575757575,000000,000140,000044,6E,0064,036E,1396,1396,46,00EA,01A2,0389,032E,382.03,1.5,0.57,13.1,0,0,0,0,0,-33.42,0.0,-0.00637,BDBDBEBEBEBEBEBEBEBEBEBEBEBEBEBEBEBEBEBEBEBEBEBEBFBE
2026-09-04T00:06:50.232936Z,2183.847,13.9V,0,2256.7,76.446,145.74,254.75,36.66,102.2,00,-0.65,3.9766,3.9752,3.9797,4.5,760FB317,757675757575757575757676767675757575757575757575,000000,000140,000044,6E,0060,036E,1391,1391,46,00EA,01A2,0389,032E,381.85,1.2,0.46,13.1,0,0,0,0,0,-33.42,0.0,-0.00637,BDBDBEBEBEBEBEBEBEBEBEBEBEBEBEBEBEBEBEBEBEBEBEBEBFBE
2026-09-04T00:06:57.332956Z,2190.947,13.9V,0,2256.7,76.446,145.74,254.75,36.66,102.2,00,-0.67,3.9766,3.9752,3.9796,4.4,730FB317,757675757575757575757676767675757575757575757575,000000,000140,000044,6E,0060,036E,139A,1391,46,00EA,01A2,0389,032E,382.03,1.2,0.46,13.1,0,0,0,0,0,-33.42,0.0,-0.00637,BDBDBEBEBEBEBEBEBEBEBEBEBEBEBEBEBEBEBEBEBEBEBEBEBFBE
2026-09-04T00:07:04.140760Z,2197.755,13.9V,0,2256.7,76.446,145.74,254.75,36.66,102.2,00,-0.69,3.9766,3.9752,3.9796,4.4,730FB317,757675757575757575757676767675757575757575757575,000000,000140,000044,6E,0060,036E,1396,1391,46,00EA,01A2,0389,032E,381.7,1.5,0.57,13.1,0,0,0,0,0,-33.42,0.0,-0.00637,BDBDBEBEBEBEBEBEBEBEBEBEBEBEBEBEBEBEBEBEBEBEBEBEBFBE
2026-09-04T00:07:12.264812Z,2205.879,13.8V,0,2256.7,76.446,145.74,254.75,36.66,102.2,00,-0.7,3.9765,3.9752,3.9795,4.3,730FB317,757675757575757575757676767675757575757575757575,000000,000140,000044,6E,0060,036E,1396,138C,46,00EA,01A2,0389,032E,382.03,1.2,0.46,13.1,0,0,0,0,0,-33.42,0.0,-0.00637,BDBDBEBEBEBEBEBEBEBEBEBEBEBEBEBEBEBEBEBEBEBEBEBEBFBE
2026-09-04T00:07:21.168496Z,2214.783,13.9V,0,2256.7,76.446,145.73,254.75,36.66,102.2,00,-1.35,3.9765,3.9752,3.9795,4.3,720FB317,757675757575757575757676767675757575757575757575,000000,000140,000044,6E,0060,036E,1396,1396,46,00EA,01A2,0389,032E,381.7,1.5,0.57,13.1,0,0,0,0,0,-33.42,0.0,-0.00637,BDBDBEBEBEBEBEBEBEBEBEBEBEBEBEBEBEBEBEBEBEBEBEBEBFBE
2026-09-04T00:07:28.554090Z,2222.168,13.9V,0,2256.7,76.446,145.73,254.75,36.66,102.2,00,-1.31,3.9765,3.9752,3.9795,4.3,710FB317,757675757575757575757676767675757575757575757575,000000,000140,000044,6E,0060,036E,1396,1391,46,00EA,01A2,0389,032E,382.07,1.5,0.57,13.1,0,0,0,0,0,-33.42,0.0,0.0,BDBDBEBEBEBEBEBEBEBEBEBEBEBEBEBEBEBEBEBEBEBEBEBEBFBE
2026-09-04T00:07:36.673460Z,2230.288,13.9V,0,2256.7,76.446,145.73,254.75,36.66,102.2,00,-0.65,3.9765,3.9752,3.9795,4.3,730FB317,757675757575757575757676767675757575757575757575,000000,000140,000044,6E,0060,036E,1391,138C,46,00EA,01A2,0389,032E,381.7,1.5,0.57,13.1,0,0,0,0,0,-33.42,0.0,-0.00637,BDBDBEBEBEBEBEBEBEBEBEBEBEBEBEBEBEBEBEBEBEBEBEBEBFBE
2026-09-04T00:07:44.903761Z,2238.518,13.9V,0,2256.7,76.446,145.73,254.75,36.66,102.2,00,-0.66,3.9765,3.9751,3.9796,4.5,730FB317,757675757575757575757676767675757575757575757575,000000,000140,000044,6E,0060,036E,1396,1396,46,00EA,01A2,0389,032E,381.7,1.5,0.57,13.1,0,0,0,0,0,-33.42,0.0,0.0,BDBDBEBEBEBEBEBEBEBEBEBEBEBEBEBEBEBEBEBEBEBEBEBEBFBE
2026-09-04T00:07:53.379935Z,2246.994,13.9V,0,2256.7,76.446,145.73,254.75,36.66,102.2,00,-0.64,3.9765,3.9751,3.9796,4.5,760FB317,757675757575757575757676767675757575757575757575,000000,000140,000044,6E,0060,036E,1391,1391,46,00EA,01A2,0389,032E,381.7,1.5,0.57,13.1,0,0,0,0,0,-33.42,0.0,-0.00637,BDBDBEBEBEBEBEBEBEBEBEBEBEBEBEBEBEBEBEBEBEBEBEBEBFBE
2026-09-04T00:08:00.829516Z,2254.444,13.9V,0,2256.7,76.446,145.72,254.75,36.66,102.2,00,-1.27,3.9765,3.9752,3.9796,4.4,720FB317,757675757575757575757676767675757575757575757575,000000,000140,000044,6E,0060,036E,1391,1396,46,00EA,01A2,0389,032E,381.88,1.5,0.57,13.1,0,0,0,0,0,-33.42,0.0,-0.00637,BDBDBEBEBEBEBEBEBEBEBEBEBEBEBEBEBEBEBEBEBEBEBEBEBFBE
2026-09-04T00:08:07.751845Z,2261.366,13.9V,0,2256.7,76.446,145.72,254.75,36.66,102.2,00,-1.3,3.9765,3.9751,3.9796,4.5,730FB317,757675757575757575757676767675757575757575757575,000000,000140,000044,6E,0060,036E,1396,1391,46,00EA,01A2,0389,032E,381.7,1.5,0.57,13.1,0,0,0,0,0,-33.42,0.0,-0.00637,BDBDBEBEBEBEBEBEBEBEBEBEBEBEBEBEBEBEBEBEBEBEBEBEBFBE
2026-09-04T00:08:15.490250Z,2269.105,13.9V,0,2256.7,76.446,145.72,254.75,36.66,102.2,00,-0.66,3.9765,3.9751,3.9796,4.5,720FB317,757675757575757575757676767675757575757575757575,000000,000140,000044,6E,0060,036E,1396,1391,46,00EA,01A2,0389,032E,381.88,1.5,0.57,13.1,0,0,0,0,0,-33.42,0.0,-0.00637,BDBDBEBEBEBEBEBEBEBEBEBEBEBEBEBEBEBEBEBEBEBEBEBEBFBE
2026-09-04T00:08:24.230807Z,2277.845,13.9V,0,2256.7,76.446,145.72,254.75,36.66,102.2,00,-0.65,3.9765,3.9751,3.9795,4.4,730FB317,757675757575757575757676767675757575757575757575,000000,000140,000044,6E,0060,036E,1396,1396,46,00EA,01A2,0389,032E,381.7,1.5,0.57,13.1,0,0,0,0,0,-33.42,0.0,-0.00637,BDBDBEBEBEBEBEBEBEBEBEBEBEBEBEBEBEBEBEBEBEBEBEBEBFBE
2026-09-04T00:08:31.284780Z,2284.899,13.9V,0,2256.7,76.446,145.72,254.75,36.66,102.2,00,-0.66,3.9765,3.9751,3.9795,4.4,730FB317,757675757575757575757676767675757575757575757575,000000,000140,000044,6E,0060,036E,1396,1396,46,00EA,01A2,0389,032E,381.88,1.5,0.57,13.1,0,0,0,0,0,-33.42,0.0,-0.00637,BDBDBEBEBEBEBEBEBEBEBEBEBEBEBEBEBEBEBEBEBEBEBEBEBFBE
2026-09-04T00:08:39.644025Z,2293.258,13.9V,0,2256.7,76.446,145.71,254.75,36.66,102.2,00,-1.32,3.9765,3.975,3.9795,4.5,760FB317,757675757575757575757676767675757575757575757575,000000,000140,000044,6E,0060,036E,1391,1391,46,00EA,01A2,0389,032E,382.03,1.5,0.57,13.1,0,0,0,0,0,-33.42,0.0,-0.00637,BDBDBEBEBEBEBEBEBEBEBEBEBEBEBEBEBEBEBEBEBEBEBEBEBFBE
2026-09-04T00:08:47.532807Z,2301.147,13.9V,0,2256.7,76.446,145.71,254.75,36.66,102.2,00,-1.33,3.9765,3.9751,3.9795,4.4,730FB317,757675757575757575757676767675757575757575757575,000000,000140,000044,6E,0060,036E,1391,1391,46,00EA,01A2,0389,032E,382.03,1.5,0.57,13.1,0,0,0,0,0,-33.42,0.0,-0.00637,BDBDBEBEBEBEBEBEBEBEBEBEBEBEBEBEBEBEBEBEBEBEBEBEBFBE
2026-09-04T00:08:55.989605Z,2309.604,13.9V,0,2256.7,76.446,145.71,254.75,36.66,102.2,00,-0.65,3.9765,3.9751,3.9795,4.4,730FB317,757675757575757575757676767675757575757575757575,000000,000140,000044,6E,0060,036E,1396,1396,46,00EA,01A2,0389,032E,381.7,1.5,0.57,13.1,0,0,0,0,0,-33.42,0.0,-0.00637,BDBDBEBEBEBEBEBEBEBEBEBEBEBEBEBEBEBEBEBEBEBEBEBEBFBE
2026-09-04T00:09:04.331365Z,2317.946,13.9V,0,2256.7,76.446,145.71,254.75,36.66,102.2,00,-0.64,3.9765,3.9751,3.9795,4.4,730FB317,757675757575757575757676767675757575757575757575,000000,000140,000044,6E,0060,036E,1396,1391,46,00EA,01A2,0389,032E,381.88,1.5,0.57,13.1,0,0,0,0,0,-33.42,0.0,-0.00637,BDBDBEBEBEBEBEBEBEBEBEBEBEBEBEBEBEBEBEBEBEBEBEBEBFBE
2026-09-04T00:09:11.440481Z,2325.055,13.9V,0,2256.7,76.446,145.71,254.75,36.66,102.2,00,-0.64,3.9764,3.9751,3.9795,4.4,730FB317,757675757575757575757676767675757575757575757575,000000,000140,000044,6E,0060,036E,1396,1396,46,00EA,01A2,0389,032E,381.73,1.5,0.57,13.1,0,0,0,0,0,-33.42,0.0,-0.00637,BDBDBEBEBEBEBEBEBEBEBEBEBEBEBEBEBEBEBEBEBEBEBEBEBFBE
2026-09-04T00:09:18.713538Z,2332.328,13.9V,0,2256.7,76.446,145.7,254.75,36.66,102.2,00,-1.32,3.9764,3.9751,3.9794,4.3,730FB317,757675757575757575757676767675757575757575757575,000000,000140,000044,6E,0060,036E,1391,1391,46,00EA,01A2,0389,032E,381.85,1.5,0.57,13.1,0,0,0,0,0,-33.42,0.0,-0.00637,BDBDBEBEBEBEBEBEBEBEBEBEBEBEBEBEBEBEBEBEBEBEBEBEBFBE
2026-09-04T00:09:26.347273Z,2339.962,13.9V,0,2256.7,76.446,145.7,254.75,36.66,102.2,00,-1.31,3.9764,3.9751,3.9795,4.4,730FB317,757675757575757575757676767675757575757575757575,000000,000140,000044,6E,0060,036E,1391,1391,46,00EA,01A2,0389,032E,381.85,1.5,0.57,13.1,0,0,0,0,0,-33.42,0.0,-0.00637,BDBDBEBEBEBEBEBEBEBEBEBEBEBEBEBEBEBEBEBEBEBEBEBEBFBE
2026-09-04T00:09:33.095618Z,2346.71,13.9V,0,2256.7,76.446,145.7,254.75,36.66,102.2,00,-0.67,3.9764,3.9751,3.9795,4.4,710FB317,757675757575757575757676767675757575757575757575,000000,000140,000044,6E,0060,036E,1391,1391,46,00EA,01A2,0389,032E,381.88,1.2,0.46,13.1,0,0,0,0,0,-33.42,0.0,0.0,BDBDBEBEBEBEBEBEBEBEBEBEBEBEBEBEBEBEBEBEBEBEBEBEBFBE
2026-09-04T00:09:41.009601Z,2354.624,13.9V,0,2256.7,76.446,145.7,254.75,36.66,102.2,00,-0.67,3.9764,3.9751,3.9794,4.3,710FB317,757675757575757575757676767675757575757575757575,000000,000140,000044,6E,0060,036E,1396,1396,46,00EA,01A2,0389,032E,381.88,1.5,0.57,13.1,0,0,0,0,0,-33.42,0.0,-0.00637,BDBDBEBEBEBEBEBEBEBEBEBEBEBEBEBEBEBEBEBEBEBEBEBEBFBE
2026-09-04T00:09:49.419419Z,2363.034,13.9V,0,2256.7,76.446,145.7,254.75,36.66,102.2,00,-0.67,3.9764,3.9751,3.9795,4.4,730FB317,757675757575757575757676767675757575757575757575,000000,000140,000044,6E,0060,036E,1396,1396,46,00EA,01A2,0389,032E,381.85,1.5,0.57,13.1,0,0,0,0,0,-33.42,0.0,-0.00637,BDBDBEBEBEBEBEBEBEBEBEBEBEBEBEBEBEBEBEBEBEBEBEBEBFBE
2026-09-04T00:09:56.611155Z,2370.225,13.9V,0,2256.7,76.446,145.7,254.75,36.66,102.2,00,-0.69,3.9764,3.9751,3.9795,4.4,710FB317,757675757575757575757676767675757575757575757575,000000,000140,000044,6E,0060,036E,1396,1396,46,00EA,01A2,0389,032E,381.85,1.2,0.46,13.1,0,0,0,0,0,-33.42,0.0,-0.00637,BDBDBEBEBEBEBEBEBEBEBEBEBEBEBEBEBEBEBEBEBEBEBEBEBFBE
2026-09-04T00:10:04.899186Z,2378.514,13.9V,0,2256.7,76.446,145.69,254.75,36.66,102.2,00,-1.35,3.9764,3.975,3.9794,4.4,730FB317,757675757575757575757676767675757575757575757575,000000,000140,000044,6E,0060,036E,1391,1391,46,00EA,01A2,0389,032E,381.88,1.2,0.46,13.1,0,0,0,0,0,-33.42,0.0,-0.00637,BDBDBEBEBEBEBEBEBEBEBEBEBEBEBEBEBEBEBEBEBEBEBEBEBFBE
2026-09-04T00:10:13.084351Z,2386.699,13.9V,0,2256.7,76.446,145.69,254.75,36.66,102.2,00,-0.66,3.9764,3.9751,3.9795,4.4,730FB317,757675757575757575757676767675757575757575757575,000000,000140,000044,6E,0060,036E,1396,1391,46,00EA,01A2,0389,032E,381.88,1.2,0.46,13.1,0,0,0,0,0,-33.42,0.0,-0.00637,BDBDBEBEBEBEBEBEBEBEBEBEBEBEBEBEBEBEBEBEBEBEBEBEBFBE
2026-09-04T00:10:21.400422Z,2395.015,13.9V,0,2256.7,76.446,145.69,254.75,36.66,102.2,00,-0.65,3.9764,3.9751,3.9794,4.3,730FB317,757675757575757575757676767675757575757575757575,000000,000140,000044,6E,0060,036E,1391,1396,46,00EA,01A2,0389,032E,381.7,1.5,0.57,13.1,0,0,0,0,0,-33.42,0.0,-0.00637,BDBDBEBEBEBEBEBEBEBEBEBEBEBEBEBEBEBEBEBEBEBEBEBEBFBE
2026-09-04T00:10:29.106660Z,2402.721,13.9V,0,2256.7,76.446,145.69,254.75,36.66,102.2,00,-0.64,3.9764,3.975,3.9795,4.5,730FB317,757675757575757575757676767675757575757575757575,000000,000140,000044,6E,0060,036E,1391,1391,46,00EA,01A2,0389,032E,382.03,1.5,0.57,13.1,0,0,0,0,0,-33.42,0.0,0.0,BDBDBEBEBEBEBEBEBEBEBEBEBEBEBEBEBEBEBEBEBEBEBEBEBFBE
2026-09-04T00:10:36.326124Z,2409.94,13.9V,0,2256.7,76.446,145.69,254.75,36.66,102.2,00,-0.65,3.9764,3.975,3.9795,4.5,730FB317,757675757575757575757676767675757575757575757575,000000,000140,000044,6E,0060,036E,1396,1396,46,00EA,01A2,0389,032E,381.85,1.5,0.57,13.1,0,0,0,0,0,-33.42,0.0,-0.00637,BDBDBEBEBEBEBEBEBEBEBEBEBEBEBEBEBEBEBEBEBEBEBEBEBFBE
2026-09-04T00:10:44.016960Z,2417.631,13.9V,0,2256.7,76.446,145.68,254.75,36.66,102.2,00,-1.32,3.9764,3.975,3.9794,4.4,730FB317,757675757575757575757676767675757575757575757575,000000,000140,000044,6E,0060,036E,1391,1391,46,00EA,01A2,0389,032E,381.88,1.5,0.57,13.1,0,0,0,0,0,-33.42,0.0,0.0,BDBDBEBEBEBEBEBEBEBEBEBEBEBEBEBEBEBEBEBEBEBEBEBEBFBE
2026-09-04T00:10:51.571716Z,2425.186,13.9V,0,2256.7,76.446,145.68,254.75,36.66,102.2,00,-1.31,3.9764,3.975,3.9794,4.4,710FB317,757675757575757575757676767675757575757575757575,000000,000140,000044,6E,0060,036E,1391,1391,46,00EA,01A2,0389,032E,381.7,1.5,0.57,13.1,0,0,0,0,0,-33.42,0.0,0.0,BDBDBEBEBEBEBEBEBEBEBEBEBEBEBEBEBEBEBEBEBEBEBEBEBFBE
2026-09-04T00:10:58.834309Z,2432.449,13.9V,0,2256.7,76.446,145.68,254.75,36.66,102.2,00,-0.67,3.9764,3.975,3.9794,4.4,780FB317,757675757575757575757676767675757575757575757575,000000,000140,000044,6E,0060,036E,1391,1396,46,00EA,01A2,0389,032E,381.88,1.5,0.57,13.1,0,0,0,0,0,-33.42,0.0,-0.00637,BDBDBEBEBEBEBEBEBEBEBEBEBEBEBEBEBEBEBEBEBEBEBEBEBFBE
2026-09-04T00:11:06.737837Z,2440.352,13.9V,0,2256.7,76.446,145.68,254.75,36.66,102.2,00,-0.67,3.9763,3.975,3.9794,4.4,710FB317,757675757575757575757676767675757575757575757575,000000,000140,000044,6E,0060,036E,1396,1391,46,00EA,01A2,0389,032E,381.51,1.5,0.57,13.1,0,0,0,0,0,-33.42,0.0,-0.00637,BDBDBEBEBEBEBEBEBEBEBEBEBEBEBEBEBEBEBEBEBEBEBEBEBFBE
2026-09-04T00:11:14.500771Z,2448.115,13.9V,0,2256.7,76.446,145.68,254.75,36.66,102.2,00,-0.68,3.9763,3.975,3.9793,4.3,730FB317,757675757575757575757676767675757575757575757575,000000,000140,000044,6E,0060,036E,1391,1391,46,00EA,01A2,0389,032E,382.03,1.5,0.57,13.1,0,0,0,0,0,-33.42,0.0,-0.00637,BDBDBEBEBEBEBEBEBEBEBEBEBEBEBEBEBEBEBEBEBEBEBEBEBFBE
2026-09-04T00:11:22.910815Z,2456.525,13.9V,0,2256.7,76.446,145.67,254.75,36.66,102.2,00,-1.34,3.9763,3.975,3.9793,4.3,730FB317,757675757575757575757676767675757575757575757575,000000,000140,000044,6E,0060,036E,1396,1396,46,00EA,01A2,0389,032E,381.88,1.5,0.57,13.1,0,0,0,0,0,-33.42,0.0,-0.00637,BDBDBEBEBEBEBEBEBEBEBEBEBEBEBEBEBEBEBEBEBEBEBEBEBFBE
2026-09-04T00:11:29.017827Z,2462.632,13.9V,0,2256.7,76.446,145.67,254.75,36.66,102.2,00,-1.2,3.9763,3.975,3.9794,4.4,730FB317,757675757575757575757676767675757575757575757575,000000,000140,000044,6E,0060,036E,1391,1391,46,00EA,01A2,0389,032E,381.51,1.5,0.57,13.1,0,0,0,0,0,-33.42,0.0,-0.00637,BDBDBEBEBEBEBEBEBEBEBEBEBEBEBEBEBEBEBEBEBEBEBEBEBFBE
2026-09-04T00:11:34.571957Z,2468.186,13.9V,0,2256.7,76.446,145.67,254.75,36.66,102.2,00,-1.24,3.9763,3.975,3.9794,4.4,780FB317,757675757575757575757676767675757575757575757575,000000,000140,000044,6E,0060,036E,1396,1396,46,00EA,01A2,0389,032E,382.03,1.5,0.57,13.1,0,0,0,0,0,-33.42,0.0,-0.00637,BDBDBEBEBEBEBEBEBEBEBEBEBEBEBEBEBEBEBEBEBEBEBEBEBFBE
2026-09-04T00:11:42.215758Z,2475.83,13.9V,0,2256.7,76.446,145.67,254.75,36.66,102.2,00,-0.62,3.9763,3.975,3.9793,4.3,720FB317,757675757575757575757676767675757575757575757575,000000,000140,000044,6E,0060,036E,1396,1391,46,00EA,01A2,0389,032E,381.7,1.5,0.57,13.1,0,0,0,0,0,-33.42,0.0,-0.00637,BDBDBEBEBEBEBEBEBEBEBEBEBEBEBEBEBEBEBEBEBEBEBEBEBFBE
2026-09-04T00:11:50.618368Z,2484.233,13.9V,,,76.446,145.67,254.75,36.66,102.2,00,-0.61,3.9763,3.9749,3.9794,4.5,730FB317,757675757575757575757676767675757575757575757575,000000,000140,000044,6E,0060,036E,1396,1391,46,0418,0000,0389,032E,382.03,1.5,0.57,12.2,0,0,0,0,0,-33.42,0.0,-0.00637,BDBDBEBEBEBEBEBEBEBEBEBEBEBEBEBEBEBEBEBEBEBEBEBEBFBE
2026-09-04T00:11:59.077733Z,2492.692,13.8V,,,76.446,145.67,254.75,36.66,102.2,00,-0.69,3.9765,3.9751,3.9795,4.4,730FB717,757675757575757575757676767675757575757575757575,000000,000140,000044,6E,0060,036E,1396,1396,46,0418,0000,0389,032E,382.03,0.6,0.23,13.0,0,0,0,0,0,-33.48,0.0,-0.00637,BDBDBEBEBEBEBEBEBEBEBEBEBEBEBEBEBEBEBEBEBEBEBEBEBFBE
2026-09-04T00:12:03.863760Z,2497.478,13.8V,,,76.446,145.66,254.75,36.66,102.2,00,-1.26,3.9765,3.9751,3.9795,4.4,730FB317,757675757575757575757676767675757575757575757575,000000,000140,000044,6E,0060,036E,1396,1391,46,0418,0000,0389,032C,381.7,0.6,0.23,13.0,0,0,0,0,0,-33.55,0.0,-0.00637,BDBDBEBEBEBEBEBEBEBEBEBEBEBEBEBEBEBEBEBEBEBEBEBEBFBE
2026-09-04T00:12:16.711568Z,2510.326,13.8V,,,76.446,145.66,254.75,36.66,102.2,00,-0.67,3.9765,3.9751,3.9796,4.5,730FB317,757675757575757575757676767675757575757575757575,000000,000140,000044,6E,0060,036E,1396,1396,46,0418,0000,0389,032A,381.7,0.3,0.11,13.0,0,0,0,0,0,-33.55,0.0,-0.00637,BDBDBEBEBEBEBEBEBEBEBEBEBEBEBEBEBEBEBEBEBEBEBEBEBFBE
2026-09-04T00:12:32.596930Z,2526.211,13.8V,,,76.446,145.66,254.75,36.66,102.2,00,-0.62,3.9765,3.9751,3.9796,4.5,760FB317,757675757575757575757676767675757575757575757575,000000,000140,000044,6E,0060,036E,1396,1396,46,0418,0000,0389,032A,381.85,0.3,0.11,13.0,0,0,0,0,0,-33.55,0.0,-0.00637,BDBDBEBEBEBEBEBEBEBEBEBEBEBEBEBEBEBEBEBEBEBEBEBEBFBE
2026-09-04T00:12:37.615550Z,2531.23,13.8V,,,76.446,145.65,254.75,36.66,102.2,00,-1.3,3.9765,3.9752,3.9796,4.4,720FB317,757675757575757575757676767675757575757575757575,000000,000140,000044,6E,0060,036E,1391,1396,46,0418,0000,0389,0329,381.85,0.3,0.11,13.0,0,0,0,0,0,-33.55,0.0,-0.00637,BDBDBEBEBEBEBEBEBEBEBEBEBEBEBEBEBEBEBEBEBEBEBEBEBFBE
